title,release_date,release_year,budget,revenue,runtime,popularity,cast_size,crew_size,n_keywords,in_collection,budget_missing,genre_Drama,genre_Comedy,genre_Thriller,genre_Action,genre_Romance,genre_Crime,genre_Adventure,genre_Horror,genre_Science Fiction,genre_Family,genre_Fantasy,genre_Mystery
Hot Tub Time Machine 2,2015-02-20,2015,14000000.0,12314651,93.0,6.575393,24,72,4,1,0,0,1,0,0,0,0,0,0,0,0,0,0
The Princess Diaries 2: Royal Engagement,2004-08-06,2004,40000000.0,95149435,113.0,8.248895,20,9,4,1,0,1,1,0,0,1,0,0,0,0,1,0,0
Whiplash,2014-10-10,2014,3300000.0,13092000,105.0,64.29999,51,64,12,0,0,1,0,0,0,0,0,0,0,0,0,0,0
Kahaani,2012-03-09,2012,1200000.0,16000000,122.0,3.174936,7,3,7,0,0,1,0,1,0,0,0,0,0,0,0,0,0
Marine Boy,2009-02-05,2009,,3923970,118.0,1.14807,4,2,0,0,1,0,0,1,1,0,0,0,0,0,0,0,0
Pinocchio and the Emperor of the Night,1987-08-06,1987,8000000.0,3261638,83.0,0.743274,4,11,0,0,0,0,0,0,0,0,0,1,0,0,1,0,0
The Possession,2012-08-30,2012,14000000.0,85446075,92.0,7.286477,14,77,0,0,0,0,0,1,0,0,0,0,1,0,0,0,0
Control Room,2004-01-15,2004,,2586511,84.0,1.949044,4,1,7,0,1,0,0,0,0,0,0,0,0,0,0,0,0
Muppet Treasure Island,1996-02-16,1996,,34327391,100.0,6.902423,12,8,4,1,1,0,1,0,1,0,0,1,0,0,1,0,0
A Mighty Wind,2003-04-16,2003,6000000.0,18750246,91.0,4.672036,20,11,2,0,0,0,1,0,0,0,0,0,0,0,0,0,0
Rocky,1976-11-21,1976,1000000.0,117235147,119.0,14.774066,37,31,16,1,0,1,0,0,0,0,0,0,0,0,0,0,0
Revenge of the Nerds II: Nerds in Paradise,1987-07-10,1987,,22642033,98.0,10.54375,14,2,6,1,1,0,1,0,0,0,0,0,0,0,0,0,0
American Beauty,1999-09-15,1999,15000000.0,356296601,122.0,20.726578,40,109,21,0,0,1,0,0,0,0,0,0,0,0,0,0,0
Be Cool,2005-03-04,2005,53000000.0,95226116,118.0,13.314233,59,18,8,1,0,0,1,0,0,0,1,0,0,0,0,0,0
Minority Report,2002-06-20,2002,102000000.0,358372926,145.0,20.666063,23,156,9,0,0,0,0,1,1,0,0,0,0,1,0,0,1
Skinning,2010-10-06,2010,500000.0,198,97.0,1.018477,13,25,2,0,0,1,0,0,1,0,1,0,0,0,0,0,0
Red Eye,2005-08-04,2005,26000000.0,57891803,85.0,6.336927,24,35,4,0,0,0,0,1,0,0,0,0,1,0,0,0,0
The Invisible Woman,2013-12-25,2013,,1234254,111.0,4.183558,19,31,2,0,1,1,0,0,0,1,0,0,0,0,0,0,0
Chalet Girl,2011-02-02,2011,8000000.0,1749457,96.0,6.496259,23,2,7,0,0,0,1,0,0,1,0,0,0,0,0,0,0
Transporter 2,2005-08-02,2005,32000000.0,85167639,87.0,11.359659,10,17,5,1,0,0,0,1,1,0,1,0,0,0,0,0,0
Lost in Space,1998-04-03,1998,80000000.0,136159423,130.0,12.000579,20,120,3,0,0,0,0,0,0,0,0,1,0,1,1,0,0
Friday the 13th Part III,1982-08-13,1982,4000000.0,36690067,95.0,7.99229,16,11,9,1,0,0,0,1,0,0,0,0,1,0,0,0,0
V/H/S,2012-07-28,2012,,100345,116.0,7.820787,30,19,13,1,1,0,0,1,0,0,0,0,1,0,0,0,0
InSight,2011-09-02,2011,,17011,92.0,1.323333,19,10,0,0,1,0,0,1,0,0,0,0,0,0,0,0,1
Black Sheep,2006-09-09,2006,,4947717,87.0,7.434577,13,10,3,0,1,0,1,0,0,0,0,0,1,0,0,0,0
Dr. Giggles,1992-10-23,1992,,8403433,95.0,1.252367,15,14,0,0,1,0,1,1,0,0,0,0,1,0,0,0,1
The Spanish Prisoner,1997-09-08,1997,10000000.0,13835130,110.0,4.305735,6,18,4,0,0,1,0,1,0,0,1,0,0,0,0,0,1
What If,2013-09-07,2013,11000000.0,7847000,93.0,10.841891,24,15,3,0,0,1,1,0,0,1,0,0,0,0,0,0,0
The Transformers: The Movie,1986-08-08,1986,6000000.0,5849647,84.0,6.759181,33,18,6,0,0,0,0,0,0,0,0,0,0,0,0,0,0
Changing Lanes,2002-04-07,2002,45000000.0,94935764,89.0,7.81862,11,8,4,0,0,0,0,1,1,0,1,1,0,0,0,0,0
The Intouchables,2011-11-02,2011,13000000.0,426480871,112.0,16.086919,32,34,7,0,0,1,1,0,0,0,0,0,0,0,0,0,0
Caché,2005-05-02,2005,,36000000,117.0,5.69586,14,18,15,0,1,1,0,1,0,0,0,0,0,0,0,0,1
The Last Witch Hunter,2015-10-21,2015,90000000.0,146936910,106.0,13.412445,22,92,4,0,0,0,0,0,1,0,0,1,0,0,0,1,0
ABCs of Death 2,2014-10-02,2014,,7171,125.0,8.254856,31,59,4,1,1,0,0,0,0,0,0,0,1,0,0,0,0
Rush Hour 3,2007-08-08,2007,140000000.0,258022233,91.0,9.718111,18,18,1,1,0,0,1,1,1,0,1,0,0,0,0,0,0
Safe,2012-04-16,2012,30000000.0,40346186,94.0,8.234382,15,34,1,0,0,0,0,1,1,0,1,0,0,0,0,0,0
About Adam,2000-01-28,2000,,151559,105.0,2.100499,15,2,14,0,1,0,1,0,0,1,0,0,0,0,0,0,0
Outbreak,1995-03-10,1995,50000000.0,189859560,127.0,13.676444,14,13,8,0,0,1,0,1,1,0,0,0,0,1,0,0,0
Final: The Rapture,2013-09-13,2013,,92100,90.0,0.32926,5,2,0,0,1,0,0,1,0,0,0,0,0,0,0,0,0
Major Dundee,1965-04-07,1965,3800000.0,14873,123.0,3.055936,14,12,5,0,0,0,0,0,0,0,0,0,0,0,0,0,0
Cocaine Cowboys,2006-04-26,2006,,163000,118.0,2.941626,6,1,2,1,1,0,0,0,1,0,0,0,0,0,0,0,0
Cool Hand Luke,1967-06-22,1967,3000000.0,16217773,126.0,9.718713,32,28,12,0,0,1,0,0,0,0,1,0,0,0,0,0,0
The Next Best Thing,2000-03-03,2000,25000000.0,24362772,108.0,2.971999,11,12,10,0,0,0,1,0,0,0,0,0,0,0,0,0,0
5 Flights Up,2014-09-05,2014,6000000.0,1020921,92.0,9.383088,32,12,5,0,0,1,0,0,0,0,0,0,0,0,0,0,0
The Wedding Date,2005-02-04,2005,15000000.0,47175038,88.0,5.615303,10,12,6,0,0,0,1,0,0,1,0,0,0,0,0,0,0
The Double Hour,2009-10-09,2009,3906840.0,4300000,95.0,2.382068,15,7,11,0,0,1,0,1,0,1,1,0,0,0,0,0,1
Ice Age: The Meltdown,2006-03-23,2006,80000000.0,660940780,91.0,16.646029,42,10,11,1,0,0,1,0,0,0,0,1,0,0,1,0,0
The Hateful Eight,2015-12-25,2015,44000000.0,155760117,167.0,20.328822,18,77,8,0,0,1,0,0,0,0,1,0,0,0,0,0,1
Wilson,2017-03-24,2017,,653951,94.0,8.984386,44,31,8,0,1,1,1,0,0,0,0,0,0,0,0,0,0
Star Trek: Generations,1994-11-17,1994,38000000.0,120000000,118.0,8.105708,17,15,5,1,0,0,0,1,1,0,0,1,0,1,0,0,0
"Moscow, Belgium",2008-01-30,2008,560000.0,1500000,102.0,1.572904,9,2,10,0,0,1,1,0,0,1,0,0,0,0,0,0,0
The Great Race,1965-07-01,1965,12000000.0,25333333,160.0,4.473327,17,6,5,0,0,0,1,0,0,0,0,1,0,0,0,0,0
The Last Flight of Noah's Ark,1980-06-24,1980,,11000000,97.0,1.012665,13,7,5,0,1,0,0,0,0,0,0,1,0,0,1,0,0
For Keeps,1988-01-15,1988,,17514553,98.0,5.410839,9,4,1,0,1,1,0,0,0,1,0,0,0,0,1,0,0
Risen,2016-02-19,2016,20000000.0,46069568,107.0,8.759801,30,21,12,0,0,0,0,0,1,0,0,0,0,0,0,0,0
Son in Law,1993-07-02,1993,,36448200,95.0,9.122718,9,3,7,0,1,1,1,0,0,1,0,0,0,0,0,0,0
Queen to Play,2009-08-05,2009,,1056938,97.0,2.94798,9,3,3,0,1,1,1,0,0,0,0,0,0,0,0,0,0
Batman & Robin,1997-06-20,1997,125000000.0,238207122,125.0,17.038824,14,105,9,1,0,0,0,0,1,0,1,0,0,0,0,1,0
Were The World Mine,2008-06-24,2008,,119563,95.0,1.882446,5,1,9,0,1,0,0,0,0,1,0,0,0,0,0,0,0
All About the Benjamins,2002-03-08,2002,14000000.0,25482931,95.0,3.909079,7,1,20,0,0,0,1,0,1,0,0,1,0,0,0,0,0
Casino Royale,2006-11-14,2006,150000000.0,599045960,144.0,23.065078,79,126,10,1,0,0,0,1,1,0,0,1,0,0,0,0,0
Trapeze,1956-05-30,1956,4000000.0,14400000,105.0,1.801071,15,9,2,0,0,1,0,0,0,0,0,0,0,0,0,0,0
Fallen,1998-01-16,1998,,25232289,124.0,6.381612,10,48,16,0,1,1,0,1,0,0,1,0,0,0,0,1,0
Friday the 13th Part VIII: Jason Takes Manhattan,1989-07-28,1989,5000000.0,14000000,100.0,7.743144,16,7,10,1,0,0,0,1,0,0,0,0,1,0,0,0,0
Nebraska,2013-09-21,2013,12000000.0,17654912,115.0,11.160699,14,69,11,0,0,1,0,0,0,0,0,1,0,0,0,0,0
Bloodsport,1988-02-26,1988,1500000.0,11806119,92.0,8.822276,9,12,6,1,0,0,0,0,1,0,0,0,0,0,0,0,0
Henry's Crime,2010-01-14,2010,12000000.0,204940,108.0,5.145185,16,12,2,0,0,0,1,0,0,0,1,0,0,0,0,0,0
A Touch of Sin,2013-10-04,2013,,154120,133.0,6.303552,7,5,5,0,1,1,0,0,0,0,0,0,0,0,0,0,0
To Kill a Mockingbird,1962-12-25,1962,2000000.0,13129846,129.0,14.284787,56,34,17,0,0,1,0,0,0,0,1,0,0,0,0,0,0
The Fast and the Furious: Tokyo Drift,2006-06-03,2006,85000000.0,158468292,104.0,2.238808,56,57,9,1,0,1,0,1,1,0,1,0,0,0,0,0,0
The Jacket,2005-03-04,2005,29000000.0,21126225,103.0,12.092096,22,20,18,0,0,1,0,1,0,0,0,0,0,0,0,1,1
The Motorcycle Diaries,2004-02-06,2004,,16756372,126.0,7.667491,13,11,13,0,1,1,0,0,0,0,0,0,0,0,0,0,0
Cry-Baby,1990-04-05,1990,11000000.0,8266343,85.0,8.290384,15,7,7,0,0,0,1,0,0,0,0,0,0,0,0,0,0
Czech Dream,2004-03-30,2004,,17393,90.0,0.919556,6,5,5,0,1,0,0,0,0,0,1,0,0,0,0,0,0
Jackson County Jail,1976-03-31,1976,445000.0,2300000,84.0,2.482536,16,12,15,0,0,1,0,0,0,0,1,0,0,0,0,0,0
Fright Night,2011-08-18,2011,17000000.0,24922237,106.0,9.665251,16,10,5,1,0,0,1,0,0,0,0,0,1,0,0,0,0
Kandukondain Kandukondain,2000-05-05,2000,500000.0,500000,157.0,0.660663,11,7,0,0,0,1,0,0,0,1,0,0,0,0,0,0,0
Caddyshack,1980-07-25,1980,6000000.0,39846344,98.0,10.451986,55,9,5,1,0,0,1,0,0,0,0,0,0,0,0,0,0
Sharky's Machine,1981-12-18,1981,,35610100,122.0,2.633399,15,13,13,0,1,1,0,1,1,0,1,0,0,0,0,0,0
31,2016-09-15,2016,1500000.0,779820,102.0,6.636625,31,80,13,0,0,0,0,1,0,0,0,0,1,0,0,0,0
Dark Blue,2002-12-14,2002,15000000.0,9237470,118.0,4.98408,17,22,13,0,0,1,0,1,1,0,1,0,0,0,0,0,0
Shopgirl,2005-10-21,2005,10284523.0,11588205,104.0,4.349046,11,12,1,0,0,1,1,0,0,1,0,0,0,0,0,0,0
The Skeleton Key,2005-07-29,2005,43000000.0,91974818,104.0,10.947957,20,99,16,0,0,1,0,1,0,0,0,0,1,0,0,0,1
2010,1984-12-06,1984,28000000.0,40400657,116.0,7.482865,18,32,8,1,0,0,0,1,0,0,0,0,0,1,0,0,0
Silent House,2011-01-21,2011,2000000.0,13101672,85.0,10.239941,6,7,9,0,0,0,0,0,0,0,0,0,1,0,0,0,1
Congo,1995-06-09,1995,50000000.0,152022101,109.0,7.260574,21,9,4,0,0,1,0,1,1,0,0,1,0,1,0,0,1
Kramer vs. Kramer,1979-12-18,1979,8000000.0,106260000,105.0,9.741644,19,33,12,0,0,1,0,0,0,0,0,0,0,0,0,0,0
Rumble in the Bronx,1995-01-30,1995,7500000.0,32392047,91.0,12.314278,9,4,10,0,0,0,1,1,1,0,1,0,0,0,0,0,0
The Zookeeper's Wife,2017-03-31,2017,20000000.0,13162475,126.0,13.655178,41,21,7,0,0,1,0,0,0,0,0,0,0,0,0,0,0
Sommersby,1993-02-05,1993,,140081992,109.0,4.359884,13,20,22,0,1,1,0,1,0,1,0,0,0,0,0,0,1
Kill Bill: Vol. 1,2003-10-10,2003,30000000.0,180949000,111.0,25.261865,36,161,15,1,0,0,0,0,1,0,1,0,0,0,0,0,0
His Secret Life,2001-03-16,2001,,215339,106.0,3.83196,18,3,3,0,1,1,0,0,0,0,0,0,0,0,0,0,0
The Horseman on the Roof,1995-09-20,1995,35000000.0,15000000,135.0,1.690768,29,9,5,0,0,1,0,0,0,1,0,1,0,0,0,0,0
Hunger,2008-05-15,2008,,2724474,96.0,14.322814,12,5,5,0,1,1,0,0,0,0,0,0,0,0,0,0,0
Mulholland Drive,2001-05-16,2001,15000000.0,20117339,147.0,18.184056,71,17,16,0,0,1,0,1,0,0,0,0,0,0,0,0,1
And Here's What's Happening to Me,2012-12-09,2012,,14353,72.0,0.181963,9,3,0,0,1,1,0,0,0,0,0,0,0,0,0,0,0
Sleepless Night,2011-11-14,2011,2500000.0,3358,98.0,2.942355,9,10,0,0,0,0,1,1,1,1,0,0,0,0,0,0,0
Target,2011-06-26,2011,,73000,158.0,1.042112,6,10,0,0,1,1,0,0,0,0,0,0,0,0,0,1,0
"Tad, the Lost Explorer",2012-08-31,2012,10500000.0,23000000,90.0,11.003515,8,15,13,0,0,0,1,0,0,0,0,1,0,0,1,0,0
Colors,1988-04-15,1988,6000000.0,46616067,120.0,5.529808,11,8,10,0,0,1,0,0,1,0,1,0,0,0,0,0,0
Dark Angel,1990-01-26,1990,7000000.0,9229401,91.0,7.958502,14,47,8,0,0,0,0,1,1,0,1,0,1,1,0,0,0
A Beautiful Mind,2001-12-11,2001,60000000.0,313542341,135.0,11.93646,38,60,14,0,0,1,0,0,0,1,0,0,0,0,0,0,0
Going by the Book,2007-08-18,2007,,14961069,102.0,1.066558,7,5,0,0,1,0,1,0,1,0,1,0,0,0,0,0,0
Won't Back Down,2012-09-28,2012,,5310554,121.0,2.401289,20,11,1,0,1,1,0,0,0,0,0,0,0,0,0,0,0
Recep İvedik 4,2014-02-20,2014,,149521495,117.0,1.590383,16,11,0,1,1,0,1,0,0,0,0,0,0,0,0,0,0
Belle,2013-09-08,2013,10900000.0,16505460,105.0,13.454169,14,40,8,0,0,1,0,0,0,0,0,0,0,0,0,0,0
Extraordinary Measures,2010-01-21,2010,31000000.0,15134293,105.0,6.523155,25,16,0,0,0,1,0,0,0,0,0,0,0,0,0,0,0
Braveheart,1995-05-24,1995,72000000.0,210000000,177.0,20.755149,55,67,8,0,0,1,0,0,1,0,0,0,0,0,0,0,0
An Ideal Husband,1999-04-15,1999,14000000.0,18535191,97.0,3.873796,6,3,0,0,0,1,1,0,0,1,0,0,0,0,0,0,0
Hawaii,1966-10-10,1966,15000000.0,34562222,189.0,3.210693,18,13,2,0,0,1,0,0,0,1,0,1,0,0,0,0,0
Bandits,2001-10-12,2001,75000000.0,67631903,123.0,13.136791,10,104,1,0,0,0,1,0,1,1,1,0,0,0,0,0,0
Little Black Book,2004-08-06,2004,35000000.0,22034832,111.0,5.093704,20,25,1,0,0,1,1,0,0,1,0,0,0,0,0,0,0
In the Heart of the Sea,2015-11-20,2015,100000000.0,93820758,122.0,11.696923,26,110,22,0,0,1,0,1,1,0,0,1,0,0,0,0,0
Biloxi Blues,1988-03-25,1988,20000000.0,51684798,106.0,4.619593,13,13,3,0,0,1,1,0,0,1,0,0,0,0,0,0,0
The Lord of the Rings: The Fellowship of the Ring,2001-12-18,2001,93000000.0,871368364,178.0,32.070725,26,30,16,1,0,0,0,0,1,0,0,1,0,0,0,1,0
Undercover Brother,2002-05-31,2002,25000000.0,41604473,86.0,5.00725,11,13,7,0,0,0,1,0,1,0,0,0,0,0,0,0,0
Back to 1942,2012-11-01,2012,,311,145.0,1.678013,17,18,2,0,1,1,0,0,0,0,0,0,0,0,0,0,0
Wild Hogs,2007-03-02,2007,,253625427,100.0,11.356011,17,12,9,0,1,0,1,0,1,0,0,1,0,0,0,0,0
Boxing Helena,1993-06-18,1993,,1796389,107.0,4.304224,20,16,11,0,1,1,0,0,0,1,0,0,0,0,0,0,0
Mr. Nice Guy,1997-01-31,1997,12716953.0,18814720,113.0,6.183021,15,10,4,0,0,0,1,0,1,0,1,0,0,0,0,0,0
Rush Hour 2,2001-08-03,2001,90000000.0,347325802,90.0,8.345985,16,10,1,1,0,0,1,1,1,0,1,0,0,0,0,0,0
Tarzan,1999-06-18,1999,150000000.0,448000000,88.0,12.453452,11,27,9,1,0,1,0,0,0,0,0,1,0,0,1,0,0
Loose Cannons,1990-02-09,1990,1500000.0,5585154,94.0,1.961208,51,119,4,0,0,0,1,1,1,0,1,0,0,0,0,0,1
Romeo Must Die,2000-03-20,2000,25000000.0,91036760,115.0,8.369176,15,7,6,0,0,0,0,1,1,0,1,0,0,0,0,0,0
(500) Days of Summer,2009-07-17,2009,7500000.0,60722734,95.0,16.376657,23,35,17,0,0,1,1,0,0,1,0,0,0,0,0,0,0
The Children of Huang Shi,2008-07-03,2008,40000000.0,7400000,125.0,14.622493,4,2,2,0,0,1,0,0,0,0,0,0,0,0,0,0,0
Corvette Summer,1978-06-02,1978,,15500000,105.0,5.695908,17,2,1,0,1,0,1,0,1,0,0,1,0,0,0,0,0
The Gift,2000-12-22,2000,10000000.0,12008642,111.0,7.886926,16,59,4,0,0,1,0,1,0,0,0,0,1,0,0,0,1
The Fog,2005-10-14,2005,18000000.0,46201432,100.0,9.929809,11,21,21,0,0,0,0,1,0,0,0,0,1,0,0,0,0
Get on the Bus,1996-10-16,1996,2400000.0,5731103,120.0,5.230661,18,2,3,0,0,1,0,0,0,0,0,0,0,0,0,0,0
Alan Partridge: Alpha Papa,2013-07-24,2013,4000000.0,9800000,90.0,10.130541,23,13,6,0,0,0,1,0,0,0,0,0,0,0,0,0,0
The Good Doctor,2011-01-01,2011,6000000.0,5206,93.0,8.278079,22,2,0,0,0,1,0,1,0,0,0,0,0,0,0,0,0
The Endurance: Shackleton's Legendary Antarctic Expedition,2000-09-02,2000,,2452566,97.0,1.079975,4,1,4,0,1,0,0,0,0,0,0,0,0,0,0,0,0
Due Date,2010-11-04,2010,65000000.0,211780824,95.0,11.73956,18,57,8,0,0,1,1,0,0,0,0,0,0,0,0,0,0
"Run, Fatboy, Run",2007-09-06,2007,10000000.0,33000000,100.0,11.840495,30,8,9,0,0,0,1,0,0,1,0,0,0,0,0,0,0
Ten Canoes,2006-06-29,2006,2000000.0,300000,90.0,1.372493,9,19,13,0,0,1,1,0,0,0,0,1,0,0,0,0,0
Cowgirls n' Angels,2012-05-25,2012,,120680,92.0,2.490032,17,3,6,1,1,1,0,0,0,0,0,0,0,0,1,0,0
PCU,1994-04-29,1994,9000000.0,4350774,79.0,8.888278,36,14,7,0,0,0,1,0,0,0,0,0,0,0,0,0,0
Frozen,2010-02-05,2010,,3065860,93.0,10.245682,9,45,16,0,1,0,0,1,0,0,0,0,0,0,0,0,0
X2,2003-04-24,2003,110000000.0,407711549,133.0,0.913096,31,28,5,1,0,0,0,1,1,0,0,1,0,1,0,0,0
Star!,1968-07-18,1968,14320000.0,14000000,176.0,0.585397,13,10,3,0,0,1,0,0,0,1,0,0,0,0,0,0,0
Girl with a Pearl Earring,2003-08-31,2003,,31466789,101.0,7.008512,13,13,4,0,1,1,0,0,0,1,0,0,0,0,0,0,0
The Bronze,2016-01-22,2016,3500000.0,615816,108.0,5.353826,15,4,6,0,0,1,1,0,0,0,0,0,0,0,0,0,0
The Informers,2008-11-05,2008,18000000.0,382174,98.0,6.675032,23,5,10,0,0,1,0,0,0,0,0,0,0,0,0,0,0
Wait Until Dark,1967-10-26,1967,4000000.0,11000000,108.0,6.216637,13,22,10,0,0,0,0,1,0,0,1,0,1,0,0,0,0
Frank & Lola,2016-12-09,2016,,9188,88.0,3.805811,20,52,9,0,1,1,0,0,0,1,0,0,0,0,0,0,1
Police Academy 5: Assignment Miami Beach,1988-03-17,1988,,19510371,90.0,10.278957,13,6,5,1,1,0,1,0,0,0,1,0,0,0,0,0,0
Snowpiercer,2013-08-01,2013,39200000.0,86758912,126.0,14.131906,45,62,24,0,0,1,0,0,1,0,0,0,0,1,0,0,0
Beethoven,1992-04-03,1992,,147214049,87.0,9.322717,15,11,3,1,1,0,1,0,0,0,0,0,0,0,1,0,0
Dark Tide,2012-03-28,2012,25000000.0,432274,113.0,5.405958,9,54,4,0,0,1,0,1,0,0,0,1,0,0,0,0,0
Windwalker,1980-12-12,1980,,18,108.0,1.178642,13,18,10,0,1,1,0,0,0,0,0,1,0,0,0,0,0
Holy Hell,2016-01-25,2016,,16905,100.0,1.279443,1,7,2,0,1,0,0,0,0,0,0,0,0,0,0,0,0
Paperhouse,1988-01-01,1988,,241,92.0,3.520171,5,8,2,0,1,1,0,0,0,0,0,0,1,0,0,1,0
The Boy Next Door,2015-01-23,2015,4000000.0,52425855,91.0,10.200398,19,37,37,0,0,0,0,1,0,0,0,0,0,0,0,0,0
Vigilante,1983-01-04,1983,,5091888,90.0,2.620456,15,10,8,0,1,0,0,1,1,0,1,0,0,0,0,0,0
Return to Never Land,2002-02-14,2002,20000000.0,109862682,72.0,8.759774,12,9,1,1,0,0,0,0,0,0,0,1,0,0,1,1,0
Shadowboxing,2005-03-05,2005,3500000.0,8262833,126.0,0.768181,8,1,0,1,0,0,0,0,1,0,0,0,0,0,0,0,0
American Cyborg: Steel Warrior,1994-01-07,1994,,447784,94.0,0.56257,18,42,7,0,1,0,0,0,1,0,0,1,0,1,0,0,0
Get Carter,2000-10-06,2000,63600000.0,19412993,102.0,6.047757,15,10,4,0,0,1,0,1,1,0,1,0,0,0,0,0,0
The Quick and the Dead,1995-02-09,1995,32000000.0,18552460,107.0,7.54701,16,10,5,0,0,0,0,0,1,0,0,0,0,0,0,0,0
Winter Passing,2006-02-07,2006,3500000.0,113783,98.0,4.456904,15,2,2,0,0,1,1,0,0,0,0,0,0,0,0,0,0
Casual Sex?,1988-04-22,1988,,12277096,88.0,1.319188,7,3,8,0,1,0,1,0,0,1,0,0,0,0,0,0,0
Your Sister's Sister,2011-09-11,2011,125000.0,3200000,90.0,10.850569,6,8,7,0,0,1,1,0,0,0,0,0,0,0,0,0,0
Rushmore,1998-09-17,1998,9000000.0,17096053,93.0,5.997054,13,9,6,0,0,1,1,0,0,0,0,0,0,0,0,0,0
The Reaping,2007-04-05,2007,40000000.0,62771059,99.0,9.825841,15,17,7,0,0,0,0,1,0,0,0,0,1,0,0,0,0
Ghosts Can't Do It,1989-01-01,1989,,25000,90.0,0.836108,5,4,0,0,1,0,1,0,1,1,0,0,0,1,0,1,0
Koyaanisqatsi,1982-06-06,1982,,1723872,87.0,8.802715,2,14,9,1,1,0,0,0,0,0,0,0,0,0,0,0,0
The Exorcism of Emily Rose,2005-09-09,2005,19000000.0,144216468,122.0,10.966015,20,62,14,0,0,1,0,1,0,0,1,0,1,0,0,0,0
The Return of the Pink Panther,1975-05-21,1975,5000000.0,41833347,113.0,6.501177,23,20,5,1,0,0,1,0,0,0,1,0,0,0,0,0,1
Mad Max 2: The Road Warrior,1981-12-24,1981,2000000.0,24600832,95.0,11.189831,18,13,28,1,0,0,0,1,1,0,0,1,0,1,0,0,0
Police Academy 2: Their First Assignment,1985-03-28,1985,,55600000,87.0,9.021668,13,8,8,1,1,0,1,0,0,0,1,0,0,0,0,0,0
House of Games,1987-10-11,1987,,2585639,102.0,5.524866,6,3,4,0,1,1,0,1,0,0,1,0,0,0,0,0,1
Harper,1966-02-23,1966,3500000.0,12000000,121.0,8.55931,15,14,2,1,0,1,0,1,1,0,1,0,0,0,0,0,1
Return to the Blue Lagoon,1991-08-02,1991,11000000.0,2807854,98.0,8.929393,15,14,6,1,0,0,0,0,0,0,0,1,0,0,0,0,0
A Few Best Men,2011-10-14,2011,12468389.0,29007412,97.0,6.116093,15,3,4,1,0,0,1,0,0,0,0,0,0,0,0,0,0
The Fast and the Furious,2001-06-22,2001,38000000.0,207283925,106.0,1.406181,30,141,9,1,0,0,0,1,1,0,1,0,0,0,0,0,0
Supernova,2000-01-14,2000,90000000.0,14828081,91.0,5.496624,12,59,6,0,0,0,0,1,0,0,0,0,1,1,0,0,0
Boys Life 2,1997-03-07,1997,,532654,74.0,0.060645,11,15,2,0,1,1,0,0,0,1,0,0,0,0,0,0,0
First Blood,1982-10-22,1982,15000000.0,125212904,93.0,14.778884,23,59,25,1,0,0,0,1,1,0,0,1,0,0,0,0,0
Licence to Kill,1989-07-07,1989,32000000.0,156167015,133.0,11.137888,24,19,12,1,0,0,0,1,1,0,0,1,0,0,0,0,0
Pride and Glory,2008-09-09,2008,30000000.0,31148328,130.0,5.844016,18,19,3,0,0,1,0,1,0,0,1,0,0,0,0,0,0
The Magdalene Sisters,2002-10-24,2002,,20957001,119.0,5.725912,9,6,7,0,1,1,0,0,0,0,0,0,0,0,0,0,0
Only the Lonely,1991-05-24,1991,,21830957,104.0,10.313689,15,11,3,0,1,0,1,0,0,1,0,0,0,0,0,0,0
13 Assassins,2010-09-09,2010,6000000.0,17555141,141.0,9.534232,26,9,13,0,0,1,0,0,1,0,0,1,0,0,0,0,0
Click,2006-06-22,2006,82500000.0,237681299,107.0,9.796552,24,15,16,0,0,1,1,0,0,1,0,0,0,0,0,1,0
Love's Deadly Triangle: The Texas Cadet Murder,1997-02-20,1997,14000000.0,161001698,93.0,1.36737,15,3,3,0,0,1,0,0,0,0,1,0,0,0,0,0,0
Trailer Park Boys: The Movie,2006-10-06,2006,5000000.0,3833507,95.0,3.172765,12,7,6,1,0,0,1,0,0,0,0,0,0,0,0,0,0
West of Zanzibar,1928-11-24,1928,259000.0,921000,65.0,0.722511,11,8,2,0,0,1,0,0,0,0,0,0,0,0,0,0,1
WALL·E,2008-06-22,2008,180000000.0,521311860,98.0,16.088366,32,52,1,0,0,0,0,0,0,0,0,0,0,0,1,0,0
The Single Moms Club,2014-03-14,2014,,16337881,111.0,12.017861,15,6,0,0,1,1,1,0,0,0,0,0,0,0,0,0,0
Hellraiser: Bloodline,1996-03-08,1996,4000000.0,16675000,86.0,5.263187,18,22,8,1,0,0,0,1,0,0,0,0,1,1,0,0,0
What to Expect When You're Expecting,2012-05-17,2012,40000000.0,79700000,110.0,7.271503,30,19,10,0,0,1,1,0,0,1,0,0,0,0,0,0,0
Absolutely Fabulous: The Movie,2016-07-01,2016,,37915971,91.0,6.395748,61,43,11,0,1,0,1,0,0,0,0,0,0,0,0,0,0
Revenge of the Ninja,1983-09-07,1983,,13168027,90.0,13.762328,15,11,13,1,1,1,0,1,1,0,1,0,0,0,0,0,0
Life During Wartime,2009-10-10,2009,4500000.0,744816,97.0,3.311392,12,5,2,0,0,1,1,0,0,0,0,0,0,0,0,0,0
The Song of Sparrows,2008-10-01,2008,,115605,96.0,1.165679,9,3,3,0,1,1,0,0,0,0,0,0,0,0,0,0,0
Cameron's Closet,1988-12-02,1988,7000000.0,136203,87.0,0.861473,8,3,5,0,0,0,0,0,0,0,0,0,1,0,0,0,0
The Sentinel,2006-04-19,2006,60000000.0,77920346,108.0,12.915358,15,25,2,0,0,0,0,1,1,0,1,0,0,0,0,0,0
Ready to Rumble,2000-04-07,2000,24000000.0,12372410,107.0,3.69298,47,10,2,0,0,1,1,0,1,0,0,0,0,0,0,0,0
The Drop,2014-09-12,2014,12600000.0,19054534,106.0,11.695036,22,49,16,0,0,1,0,0,0,0,1,0,0,0,0,0,0
Charlotte's Web,2006-12-15,2006,85000000.0,144000000,97.0,10.254314,45,26,17,0,0,0,1,0,0,0,0,0,0,0,1,1,0
Earth Girls Are Easy,1988-09-08,1988,10000000.0,3916303,100.0,11.509677,21,13,18,0,0,1,1,0,0,1,0,0,0,1,0,0,0
Free Birds,2013-10-30,2013,55000000.0,110000000,91.0,7.713231,17,13,5,0,0,0,1,0,0,0,0,0,0,0,1,0,0
The Simpsons Movie,2007-07-25,2007,75000000.0,527068851,87.0,14.302911,21,66,20,0,0,0,1,0,0,0,0,0,0,0,1,0,0
Once Bitten,1985-11-15,1985,3200000.0,10000000,94.0,6.174699,6,1,0,0,0,0,1,0,0,1,0,0,1,0,0,0,0
Captive,2015-09-17,2015,2000000.0,2801508,97.0,5.396271,23,48,10,0,0,1,0,1,0,0,1,0,0,0,0,0,0
One False Move,1992-05-08,1992,,1543112,105.0,3.14325,15,16,5,0,1,1,0,1,0,0,1,0,0,0,0,0,0
Mighty Morphin Power Rangers: The Movie,1995-06-30,1995,15000000.0,66000000,92.0,7.024227,12,15,8,1,0,0,0,0,1,0,0,1,0,1,1,1,0
Brainscan,1994-04-22,1994,,4352094,96.0,8.096719,11,14,5,0,1,0,0,0,0,0,0,0,1,1,0,1,0
Hidalgo,2004-03-05,2004,100000000.0,108103450,136.0,8.140709,16,123,3,0,0,0,0,0,0,0,0,1,0,0,0,0,0
An American Werewolf in Paris,1997-12-25,1997,22000000.0,26570463,105.0,7.145784,21,12,4,0,0,0,1,0,0,0,0,0,1,0,0,0,0
Jaws,1975-06-18,1975,7000000.0,470654000,124.0,19.726114,29,28,11,1,0,0,0,1,0,0,0,1,1,0,0,0,0
Father Hood,1993-08-27,1993,,3418141,95.0,2.011108,7,2,8,0,1,0,1,0,1,0,0,0,0,0,1,0,0
Rowdy Rathore,2012-06-01,2012,6700000.0,31000000,143.0,1.312833,20,22,8,0,0,0,0,0,1,0,0,0,0,0,0,0,0
The Iceman,2012-09-01,2012,20000000.0,1969193,105.0,13.132127,40,9,17,0,0,1,0,1,0,0,1,0,0,0,0,0,0
Identity Thief,2013-02-07,2013,35000000.0,173965010,111.0,7.321172,38,37,0,0,0,0,1,0,0,0,1,0,0,0,0,0,0
Stand by Me Doraemon,2014-08-08,2014,35000000.0,83061158,90.0,6.493765,24,5,1,1,0,0,0,0,0,0,0,0,0,0,1,1,0
Stripes,1981-06-25,1981,10000000.0,85300000,106.0,11.341505,16,11,4,0,0,0,1,0,1,0,0,0,0,0,0,0,0
Sällskapsresan - eller finns det svenskt kaffe på grisfesten?,1980-08-22,1980,,5010362,107.0,2.972928,16,7,9,1,1,0,1,0,0,0,0,0,0,0,0,0,0
Riding Giants,2004-07-09,2004,2600000.0,3166000,105.0,2.203949,14,8,11,0,0,0,0,0,0,0,0,0,0,0,0,0,0
City of Life and Death,2009-04-22,2009,12000000.0,10652498,132.0,7.216103,5,12,8,0,0,1,0,0,0,0,0,0,0,0,0,0,0
Love Potion No. 9,1992-11-13,1992,,754935,97.0,8.358541,5,6,2,0,1,0,1,0,0,1,0,0,0,0,0,0,0
Meet Monica Velour,2010-06-04,2010,5000000.0,31649,98.0,1.608163,5,16,3,0,0,1,1,0,0,1,0,0,0,0,0,0,0
Basic Instinct,1992-03-20,1992,49000000.0,352927224,127.0,16.628427,35,20,33,1,0,0,0,1,0,0,0,0,0,0,0,0,1
Gary Gulman: It's About Time,2016-05-01,2016,,500,53.0,0.410738,1,2,3,0,1,0,1,0,0,0,0,0,0,0,0,0,0
Ned Kelly,2003-03-22,2003,,6585516,110.0,11.478361,30,19,5,0,1,1,0,0,1,0,0,1,0,0,0,0,0
Drive Angry,2011-02-24,2011,50000000.0,28931401,105.0,7.668829,51,70,10,0,0,0,0,1,1,0,1,0,0,0,0,1,0
An Education,2009-10-29,2009,7500000.0,26096852,100.0,8.593196,29,7,12,0,0,1,0,0,0,1,0,0,0,0,0,0,0
The Wild Bunch,1969-06-17,1969,6244087.0,638641,145.0,11.722424,44,34,12,0,0,0,0,0,0,0,0,1,0,0,0,0,0
Jefferson in Paris,1995-03-31,1995,14000000.0,2474000,139.0,1.596058,14,4,5,0,0,1,0,0,0,1,0,0,0,0,0,0,0
Around the World in 80 Days,2004-06-16,2004,110000000.0,72178895,120.0,7.825072,26,135,8,0,0,0,1,0,1,0,0,1,0,0,0,0,0
Ruby in Paradise,1993-10-08,1993,800000.0,1001437,114.0,0.941994,9,13,1,0,0,1,0,0,0,1,0,0,0,0,0,0,0
Le Week-End,2013-10-04,2013,,2225098,93.0,3.74133,13,18,0,0,1,1,1,0,0,0,0,0,0,0,0,0,0
Sweetgrass,2009-02-04,2009,,206728,101.0,0.492745,0,3,1,0,1,0,0,0,0,0,0,0,0,0,0,0,0
The Lost City of Z,2016-10-15,2016,30000000.0,8574339,140.0,21.791111,34,82,13,0,0,1,0,0,1,0,0,1,0,0,0,0,0
The Last Mimzy,2007-02-09,2007,,27297451,94.0,6.183051,16,16,3,0,1,0,0,0,0,0,0,1,0,0,1,0,0
Bordello of Blood,1996-08-16,1996,15000000.0,5600000,87.0,3.450402,13,30,6,1,0,0,1,0,0,0,0,0,1,0,0,0,0
The National Shotgun,1978-09-14,1978,,1622164,95.0,0.619347,31,16,7,1,1,0,1,0,0,0,0,0,0,0,0,0,0
Ghost,1990-07-12,1990,22000000.0,505000000,127.0,11.945397,14,61,7,0,0,1,0,1,0,1,0,0,0,0,0,1,1
Drumline,2002-12-13,2002,20000000.0,57588485,118.0,5.270187,15,9,6,0,0,1,1,0,0,1,0,0,0,0,0,0,0
Gang Related,1997-10-08,1997,,5790448,102.0,2.592927,7,17,7,0,1,1,0,0,1,0,0,0,0,0,0,0,0
Legends of Oz: Dorothy's Return,2013-06-13,2013,70000000.0,18662027,88.0,6.660309,12,29,0,0,0,0,0,0,0,0,0,0,0,0,1,0,0
Summer Wars,2009-08-01,2009,,80768,114.0,12.653798,6,12,6,0,1,0,0,0,0,0,0,0,0,0,0,0,0
Home for the Holidays,1995-11-02,1995,,17519169,103.0,8.416802,10,17,6,0,1,1,1,0,0,1,0,0,0,0,0,0,0
Love at First Bite,1979-04-26,1979,,43885000,96.0,2.738421,32,14,6,0,1,0,1,0,0,1,0,0,1,0,0,0,0
Sex Drive,2008-10-16,2008,19000000.0,18755936,109.0,9.106146,11,33,17,0,0,0,1,0,0,1,0,1,0,0,0,0,0
The Mask,1994-07-29,1994,23000000.0,351583407,101.0,14.13488,16,14,7,1,0,0,1,0,0,1,1,0,0,0,0,1,0
Downfall,2004-09-08,2004,18339750.0,92180910,156.0,7.69224,62,59,21,0,0,1,0,0,0,0,0,0,0,0,0,0,0
Swordfish,2001-06-07,2001,102000000.0,147080413,99.0,9.646208,53,10,9,0,0,0,0,1,1,0,1,0,0,0,0,0,0
Death on the Nile,1978-10-06,1978,7920000.0,14560084,140.0,11.162277,18,14,4,0,0,0,0,0,0,0,0,0,0,0,0,0,1
Would I Lie to You? 2,2001-02-07,2001,12560000.0,42700000,105.0,4.052991,53,6,0,1,0,0,1,0,0,0,0,0,0,0,0,0,0
Cutthroat Island,1995-12-22,1995,98000000.0,10017322,119.0,7.284477,31,16,6,0,0,0,0,0,1,0,0,1,0,0,0,0,0
Club Dread,2004-02-27,2004,8500000.0,5001655,104.0,6.57613,10,94,5,0,0,0,1,0,0,0,0,0,1,0,0,0,0
Delhi Dance,2012-11-29,2012,,30292,95.0,0.241287,1,3,2,0,1,1,0,0,0,0,0,0,0,0,0,0,0
Voracious,2012-09-05,2012,11178.0,34659,104.0,0.079287,9,6,2,0,0,1,1,0,0,0,0,0,0,0,0,0,0
Bad Words,2013-09-06,2013,9500000.0,7800000,88.0,5.847166,11,2,6,0,0,0,1,0,0,0,0,0,0,0,0,0,0
Everest,2015-09-10,2015,55000000.0,203427584,121.0,10.758754,36,113,11,0,0,1,0,0,0,0,0,1,0,0,0,0,0
Love Me Tender,1956-11-15,1956,1000000.0,9000000,89.0,1.157582,14,17,1,0,0,1,0,0,1,1,0,0,0,0,0,0,0
Ghost in the Shell,1995-11-18,1995,,2287714,83.0,10.686166,22,31,11,1,1,0,0,0,1,0,0,0,0,1,0,0,0
The Terrorist,1998-09-12,1998,24554.0,140021,95.0,0.154526,4,1,0,0,0,1,0,0,0,0,0,0,0,0,0,0,0
Rocket Gibraltar,1988-09-02,1988,,187349,99.0,0.871303,22,13,0,0,1,1,0,0,0,0,0,0,0,0,1,0,0
RV,2006-04-28,2006,50000000.0,87528173,99.0,11.511424,23,7,10,0,0,0,1,0,0,0,0,0,0,0,0,0,0
Norwegian Wood,2010-12-11,2010,,17636261,133.0,6.972723,12,19,4,0,1,1,0,0,0,1,0,0,0,0,0,0,0
Cherry 2000,1987-11-12,1987,10000000.0,14000,99.0,2.849779,17,15,6,0,0,0,0,0,0,0,0,0,0,1,0,0,0
Undertow,2004-05-14,2004,,143597,108.0,2.799447,30,30,3,0,1,1,0,1,0,0,0,0,0,0,0,0,0
25th Hour,2002-12-16,2002,15000000.0,13060843,135.0,10.271871,18,27,11,0,0,1,0,0,0,0,1,0,0,0,0,0,0
Into the Wild,2007-09-11,2007,15000000.0,56255142,148.0,15.423538,25,50,11,0,0,1,0,0,0,0,0,1,0,0,0,0,0
Clerks,1994-09-13,1994,27000.0,3151130,92.0,10.513367,15,7,3,1,0,0,1,0,0,0,0,0,0,0,0,0,0
Stormbreaker,2006-07-21,2006,40000000.0,23937870,93.0,8.778999,20,21,6,0,0,0,0,0,1,0,0,1,0,0,1,0,0
Glass: A Portrait of Philip in Twelve Parts,2007-09-07,2007,,20,119.0,0.498877,6,2,0,0,1,0,0,0,0,0,0,0,0,0,0,0,0
Diary of a Wimpy Kid: Rodrick Rules,2011-03-25,2011,21000000.0,72417394,99.0,8.425361,19,4,2,1,0,0,1,0,0,0,0,0,0,0,1,0,0
Talladega Nights: The Ballad of Ricky Bobby,2006-08-04,2006,72500000.0,162966177,116.0,6.936688,24,14,15,0,0,0,1,0,0,0,0,0,0,0,0,0,0
Marked for Death,1990-10-05,1990,12000000.0,46044400,94.0,5.845712,23,9,4,0,0,0,0,1,1,0,0,0,0,0,0,0,0
Marmaduke,2010-06-04,2010,50000000.0,83761844,87.0,12.285545,18,19,0,0,0,0,1,0,0,0,0,0,0,0,1,0,0
You've Got Mail,1998-12-17,1998,65000000.0,250821495,119.0,10.237996,16,32,3,0,0,0,1,0,0,1,0,0,0,0,0,0,0
We Steal Secrets: The Story of WikiLeaks,2013-05-24,2013,,602042,127.0,8.469808,27,12,0,0,1,0,0,0,0,0,0,0,0,0,0,0,0
Arundhati,2009-01-16,2009,2915739.0,14000000,132.0,0.558002,6,8,1,0,0,0,0,1,0,0,0,0,1,0,0,1,0
Six Days Seven Nights,1998-06-12,1998,70000000.0,164000000,98.0,18.324219,62,33,2,0,0,0,1,0,1,1,0,1,0,0,0,0,0
Goat,2016-09-23,2016,,23020,102.0,2.523707,18,7,6,0,1,1,0,0,0,0,0,0,0,0,0,0,0
Collateral,2004-08-04,2004,65000000.0,217764291,120.0,13.455112,20,142,13,0,0,1,0,1,0,0,1,0,0,0,0,0,0
Bats,1999-10-22,1999,,10,91.0,2.584025,12,48,6,1,1,0,0,1,0,0,0,0,1,0,0,0,0
The Cabin in the Woods,2012-04-12,2012,30000000.0,66486080,95.0,14.811958,48,79,8,0,0,0,0,1,0,0,0,0,1,0,0,0,0
Living Out Loud,1998-10-30,1998,12000000.0,12902790,100.0,1.575026,8,11,4,0,0,1,1,0,0,1,0,0,0,0,0,0,0
Paris,2008-01-19,2008,19000000.0,23550000,130.0,4.249948,22,8,12,0,0,1,0,0,0,0,0,0,0,0,0,0,0
End of Watch,2012-09-20,2012,7000000.0,48126384,109.0,7.45279,28,65,7,0,0,1,0,1,0,0,1,0,0,0,0,0,0
Space Truckers,1996-03-01,1996,25000000.0,1614266,95.0,3.596317,10,27,4,0,0,0,1,1,0,0,0,1,0,1,0,0,0
Split,2016-11-15,2016,9000000.0,276921998,117.0,28.920839,46,82,12,0,0,0,0,1,0,0,0,0,1,0,0,0,0
Exit to Eden,1994-10-14,1994,,6841570,113.0,4.322726,29,17,8,0,1,0,1,1,0,1,1,0,0,0,0,0,0
Biker Boyz,2003-01-31,2003,24000000.0,23510601,110.0,11.269558,8,24,6,0,0,1,0,0,1,0,0,0,0,0,0,0,0
Thumbelina,1994-03-30,1994,28000000.0,11373501,87.0,13.856199,16,14,1,0,0,1,0,0,0,0,0,0,0,0,1,1,0
Four Weddings and a Funeral,1994-03-09,1994,6000000.0,254700832,117.0,8.990345,29,13,17,0,0,1,1,0,0,1,0,0,0,0,0,0,0
The Lookout,2007-03-09,2007,16000000.0,5367030,99.0,12.153493,36,15,7,0,0,1,0,1,0,0,1,0,0,0,0,0,0
Unbroken,2014-12-25,2014,65000000.0,163442937,137.0,10.543955,79,92,8,0,0,1,0,0,0,0,0,0,0,0,0,0,0
Four Days in September,1997-05-01,1997,,310724,110.0,1.791965,24,8,7,0,1,1,0,1,1,0,0,0,0,0,0,0,0
The Hunger Games: Mockingjay - Part 2,2015-11-18,2015,160000000.0,653428261,137.0,26.628178,51,116,6,1,0,0,0,0,1,0,0,1,0,1,0,0,0
The Inhabited Island 2: Rebellion,2009-04-23,2009,,5873871,99.0,1.763116,29,8,1,1,1,0,0,0,1,0,0,0,0,1,0,1,0
Dragonfly,2002-02-22,2002,60000000.0,52322400,104.0,4.924078,23,67,9,0,0,1,0,0,0,0,0,0,0,0,0,0,0
Cradle 2 the Grave,2003-02-28,2003,25000000.0,56489558,101.0,8.364587,9,9,8,0,0,1,0,0,1,0,1,0,0,0,0,0,0
Scenes from a Mall,1991-02-22,1991,3000000.0,9563393,89.0,1.739182,7,15,0,0,0,0,1,0,0,0,0,0,0,0,0,0,0
Highway to Hell,1991-11-21,1991,9000000.0,26055,94.0,1.80809,15,5,0,0,0,0,1,0,1,0,0,0,0,1,0,1,0
Tremors,1990-01-19,1990,11000000.0,48572000,96.0,15.750026,15,26,12,1,0,0,0,0,1,0,0,0,1,0,0,0,0
I'm No Angel,1933-10-06,1933,225000.0,2850000,87.0,1.533379,18,2,1,0,0,0,1,0,0,1,0,0,0,0,0,0,0
Romance & Cigarettes,2005-09-13,2005,,2945242,105.0,2.36594,11,6,4,0,1,0,1,0,0,1,0,0,0,0,0,0,0
Guilty as Sin,1993-06-04,1993,,22886222,107.0,5.385108,9,6,0,0,1,1,0,1,0,0,0,0,0,0,0,0,0
Braddock: Missing in Action III,1988-01-22,1988,,6193901,101.0,7.362552,17,12,4,1,1,0,0,0,1,0,0,0,0,0,0,0,0
Gangs of New York,2002-12-14,2002,100000000.0,193772504,167.0,14.922399,30,38,12,0,0,1,0,0,0,0,1,0,0,0,0,0,0
Where the Wild Things Are,2009-10-16,2009,100000000.0,100086793,101.0,12.36223,18,9,6,0,0,0,0,0,0,0,0,0,0,0,1,1,0
Live by Night,2016-12-25,2016,108000000.0,22678555,129.0,19.94393,29,23,9,0,0,1,0,0,0,0,1,0,0,0,0,0,0
Mr. 3000,2004-06-15,2004,30000000.0,21800302,104.0,4.902869,11,23,2,0,0,1,1,0,0,0,0,0,0,0,0,0,0
Freaky Friday,2003-08-03,2003,26000000.0,110230332,97.0,7.867999,34,29,16,0,0,0,1,0,0,0,0,0,0,0,0,0,0
Chloe,2009-03-25,2009,15000000.0,8459458,96.0,10.445867,19,25,6,0,0,1,0,1,0,0,0,0,0,0,0,0,1
Laurence Anyways,2012-05-18,2012,9500000.0,12250,168.0,8.59498,23,8,10,0,0,1,0,0,0,1,0,0,0,0,0,0,0
The Cookout,2004-09-03,2004,16000000.0,12,97.0,1.758079,6,4,1,0,0,1,1,0,0,0,0,0,0,0,0,0,0
Don's Plum,2001-02-10,2001,,6297,89.0,5.339888,10,1,0,0,1,1,1,0,0,0,0,0,0,0,0,0,0
Cars 3,2017-06-15,2017,175000000.0,350170057,109.0,19.148182,41,25,2,1,0,0,1,0,0,0,0,1,0,0,1,0,0
Changeling,2008-01-30,2008,55000000.0,113020255,141.0,11.672394,74,32,15,0,0,1,0,0,0,0,1,0,0,0,0,0,1
The Pirates! In an Adventure with Scientists!,2012-03-12,2012,60000000.0,118338361,88.0,10.271517,13,57,5,0,0,0,1,0,0,0,0,1,0,0,1,0,0
Elysium,2013-08-07,2013,115000000.0,286140700,109.0,15.232738,24,118,3,0,0,1,0,1,1,0,0,0,0,1,0,0,0
Death Note,2006-06-17,2006,20000000.0,27793200,126.0,9.570657,11,4,1,1,0,0,0,1,0,0,0,0,0,0,0,1,1
Witness,1985-02-08,1985,12000000.0,68706993,113.0,10.312017,18,7,7,0,0,1,0,1,0,1,1,0,0,0,0,0,0
Defence of the Realm,1986-09-06,1986,,750000,96.0,1.506457,9,13,5,0,1,0,0,1,1,0,0,0,0,0,0,0,0
Mirror Mirror,2012-03-15,2012,85000000.0,183018522,106.0,14.170183,33,33,20,0,0,1,1,0,0,0,0,1,0,1,1,1,0
The Revenant,2015-12-25,2015,135000000.0,532950503,156.0,23.501228,19,124,20,0,0,1,0,1,0,0,0,1,0,0,0,0,0
Payback,1999-02-05,1999,90000000.0,161626121,100.0,9.112008,14,75,4,0,0,1,0,1,1,0,1,0,0,0,0,0,0
Nadine,1987-08-07,1987,12000000.0,5669831,83.0,7.569698,6,2,3,0,0,0,1,0,1,1,0,0,0,0,0,0,0
Doctor Dolittle,1998-06-22,1998,71000000.0,294456605,85.0,9.439079,16,11,2,1,0,0,1,0,0,0,0,0,0,0,1,1,0
The First Wives Club,1996-09-20,1996,26000000.0,116400000,102.0,10.177303,24,72,3,0,0,0,1,0,0,0,0,0,0,0,0,0,0
Colombiana,2011-07-27,2011,40000000.0,60965854,108.0,8.062578,18,91,4,0,0,1,0,1,1,0,1,0,0,0,0,0,0
Country Strong,2010-12-22,2010,15000000.0,20529194,117.0,4.582024,7,10,16,0,0,1,0,0,0,1,0,0,0,0,0,0,0
Happy Feet,2006-11-16,2006,100000000.0,384335608,108.0,15.088318,20,69,13,1,0,0,1,0,0,0,0,0,0,0,0,0,0
Paradise,1982-03-25,1982,,5588800,100.0,1.895489,10,4,5,0,1,0,0,0,0,1,0,1,0,0,0,0,0
Bodyguards and Assassins,2009-12-18,2009,23000000.0,5837674,139.0,10.861339,18,4,14,0,0,1,0,0,1,0,0,0,0,0,0,0,0
Meet Bill,2007-09-07,2007,5000000.0,346592,97.0,6.226054,13,22,11,0,0,1,1,0,0,1,0,0,0,0,0,0,0
Twelve O'Clock High,1949-12-21,1949,,3225000,132.0,2.870026,18,18,4,0,1,1,0,0,1,0,0,0,0,0,0,0,0
Saamy,2003-05-05,2003,1.0,3,140.0,0.43849,10,4,0,0,0,1,0,0,1,0,0,0,0,0,0,0,0
Million Dollar Arm,2014-05-09,2014,25000000.0,38307627,124.0,9.453942,14,2,3,0,0,1,0,0,0,0,0,0,0,0,0,0,0
Now You See Me,2013-05-29,2013,75000000.0,117698894,115.0,17.852022,18,34,15,1,0,0,0,1,0,0,1,0,0,0,0,0,0
Ghost,2010-11-13,2010,,9833553,116.0,0.215013,4,1,0,0,1,1,0,0,0,0,0,0,0,0,0,1,1
Goal!: The Dream Begins,2005-06-06,2005,30000000.0,27610873,118.0,9.783762,17,20,6,1,0,1,0,0,0,0,0,0,0,0,0,0,0
The Molly Maguires,1970-01-27,1970,11000000.0,2200000,124.0,2.27258,10,17,5,0,0,1,0,0,0,0,0,0,0,0,0,0,0
What We Did on Our Holiday,2014-09-26,2014,,1289998,95.0,11.576578,23,4,2,0,1,0,1,0,0,0,0,0,0,0,0,0,0
Kiss the Girls,1997-10-03,1997,27000000.0,60527873,115.0,12.235391,18,15,5,1,0,1,0,1,0,0,1,0,0,0,0,0,1
The Mostly Unfabulous Social Life of Ethan Green,2005-04-29,2005,,152810,88.0,0.767631,9,4,4,0,1,0,1,0,0,1,0,0,0,0,0,0,0
Attack Force Z,1982-06-10,1982,,88000,93.0,1.021685,6,2,3,0,1,1,0,0,1,0,0,0,0,0,0,0,0
Jack Ryan: Shadow Recruit,2014-01-15,2014,60000000.0,50549107,105.0,11.234862,29,31,16,1,0,1,0,1,1,0,0,0,0,0,0,0,0
Arthur 2: On the Rocks,1988-07-08,1988,,14681192,113.0,3.611453,13,1,2,1,1,0,1,0,0,1,0,0,0,0,0,0,0
Collateral Beauty,2016-12-06,2016,36000000.0,87416021,97.0,14.575883,41,10,7,0,0,1,0,0,0,1,0,0,0,0,0,0,0
The Wind in the Willows,1996-10-16,1996,12.0,1,84.0,1.410322,24,8,0,0,0,1,1,0,0,0,0,1,0,0,1,1,0
Nausicaä of the Valley of the Wind,1984-03-11,1984,1000000.0,3301446,117.0,11.267366,14,21,13,0,0,0,0,0,0,0,0,1,0,0,0,1,0
Born into Brothels,2004-12-08,2004,350000.0,3515061,85.0,2.96237,5,2,6,0,0,0,0,0,0,0,0,0,0,0,0,0,0
Deepwater Horizon,2016-09-29,2016,110000000.0,121790373,107.0,13.1984,18,63,12,0,0,1,0,0,1,0,0,0,0,0,0,0,0
Diamonds Are Forever,1971-12-13,1971,7200000.0,116019547,120.0,12.00491,24,19,19,1,0,0,0,1,1,0,0,1,0,0,0,0,0
The Wild Life,1984-09-28,1984,,9500000,96.0,7.093984,9,2,9,0,1,0,1,0,0,0,0,0,0,0,0,0,0
The Wash,2001-11-16,2001,7000000.0,10229331,93.0,2.483032,9,2,10,0,0,0,1,0,1,0,0,0,0,0,0,0,0
Punisher: War Zone,2008-12-05,2008,20500000.0,10089373,102.0,8.333526,17,96,9,0,0,0,0,0,1,0,1,0,0,0,0,0,0
Chasing Trane,2017-04-14,2017,,393970,99.0,0.519968,9,8,0,0,1,0,0,0,0,0,0,0,0,0,0,0,0
Sahara,2005-04-06,2005,130000000.0,119269486,124.0,8.946243,16,107,2,0,0,1,1,0,1,0,0,1,0,0,0,0,1
The Lion King,1994-06-23,1994,45000000.0,788241776,89.0,21.605761,28,35,9,1,0,1,0,0,0,0,0,0,0,0,1,0,0
Soldier,1998-10-23,1998,75000000.0,14567883,99.0,7.970031,19,49,4,0,0,0,0,0,1,0,0,0,0,1,0,0,0
The Lovely Bones,2009-12-26,2009,65000000.0,93525586,136.0,12.738789,18,27,13,0,0,1,0,0,0,0,0,0,0,0,0,1,0
The Eagle Huntress,2016-11-02,2016,,3162153,87.0,1.43679,4,7,0,0,1,0,0,0,0,0,0,1,0,0,1,0,0
Singam,2010-05-28,2010,2200000.0,9700000,154.0,1.132835,19,6,3,1,0,0,1,0,1,0,1,0,0,0,0,0,0
The Dawns Here Are Quiet,2015-04-30,2015,3300000.0,5249225,120.0,4.445867,34,5,0,0,0,1,0,0,0,0,0,0,0,0,0,0,0
Rust and Bone,2012-05-17,2012,15400000.0,25762027,123.0,8.400049,14,36,7,0,0,1,0,0,0,1,0,0,0,0,0,0,0
The Insider,1999-10-28,1999,90000000.0,60289912,157.0,11.3569,56,42,11,0,0,1,0,1,0,0,0,0,0,0,0,0,0
Primer,2004-10-08,2004,7000.0,424760,77.0,7.15307,19,6,9,0,0,1,0,1,0,0,0,0,0,1,0,0,0
Heaven is for Real,2014-04-16,2014,12000000.0,101332962,99.0,7.88371,10,15,3,0,0,1,0,0,0,0,0,0,0,0,0,0,0
Asterix & Obelix Take on Caesar,1999-02-01,1999,,1644060,109.0,8.150265,20,12,10,1,1,0,1,0,0,0,0,1,0,0,1,1,0
Maggie's Plan,2016-04-27,2016,,3351735,98.0,6.068689,21,8,2,0,1,1,1,0,0,1,0,0,0,0,0,0,0
The Lazarus Effect,2015-01-29,2015,3300000.0,64110728,83.0,5.840554,9,45,9,0,0,0,0,1,0,0,0,0,1,0,0,0,0
High Hopes,1988-09-01,1988,,1192322,112.0,1.369216,12,2,1,0,1,1,1,0,0,0,0,0,0,0,0,0,0
Thank You,2011-04-08,2011,13100000.0,4100000,140.0,1.417392,9,24,0,0,0,1,1,0,0,1,0,0,0,0,0,0,0
Behind Enemy Lines,2001-11-17,2001,40000000.0,91753202,106.0,11.185625,19,52,18,1,0,1,0,1,1,0,0,0,0,0,0,0,0
After Hours,1985-09-13,1985,4500000.0,10609321,97.0,6.583161,17,14,18,0,0,1,1,1,0,0,0,0,0,0,0,0,0
Kingdom of the Spiders,1977-08-24,1977,500000.0,17000000,97.0,2.884359,19,20,9,0,0,0,0,0,0,0,0,0,1,1,0,0,0
Outland,1981-05-22,1981,16000000.0,17374595,112.0,6.918821,17,22,7,0,0,0,0,0,0,0,0,0,0,1,0,0,0
The Rugrats Movie,1998-11-20,1998,30000000.0,100491683,79.0,5.154373,13,8,9,1,0,0,0,0,0,0,0,0,0,0,1,0,0
Miller's Crossing,1990-09-21,1990,14000000.0,5080409,115.0,7.495853,44,43,8,0,0,1,0,1,0,0,1,0,0,0,0,0,0
Valiant,2005-03-25,2005,35000000.0,19478106,76.0,11.836827,15,4,3,0,0,0,0,0,0,0,0,1,0,0,1,0,0
Born to Be Blue,2015-09-13,2015,,830129,97.0,4.470369,15,11,3,0,1,1,0,0,0,0,0,0,0,0,0,0,0
Blood Diamond,2006-12-07,2006,100000000.0,170877916,143.0,12.477872,22,87,14,0,0,1,0,1,1,0,0,0,0,0,0,0,0
Two Brothers,2004-04-07,2004,74500000.0,62172050,109.0,5.300303,15,11,9,0,0,1,0,0,0,0,0,1,0,0,1,0,0
Red Rock West,1993-07-08,1993,8000000.0,2000000,98.0,5.137903,15,12,5,0,0,1,0,1,0,0,1,0,0,0,0,0,0
Anna Karenina,2012-09-06,2012,,68929150,130.0,8.543311,54,25,6,0,1,1,0,0,0,1,0,0,0,0,0,0,0
Any Given Sunday,1999-12-16,1999,55000000.0,100230832,163.0,10.571434,73,44,6,0,0,1,0,0,0,0,0,0,0,0,0,0,0
Mr. Bean's Holiday,2007-03-22,2007,25000000.0,229736344,90.0,10.19853,8,21,7,1,0,0,1,0,0,0,0,0,0,0,1,0,0
The Dry Land,2010-07-30,2010,,12000,92.0,0.118135,15,1,2,0,1,1,0,0,0,0,0,0,0,0,0,0,0
At Play in the Fields of the Lord,1991-12-06,1991,36000000.0,1345903,189.0,2.151436,6,19,3,0,0,1,0,0,0,1,0,0,0,0,0,0,0
Setup,2011-11-04,2011,20000000.0,2128186,85.0,4.850968,20,20,2,0,0,1,0,1,1,0,1,0,0,0,0,0,0
Anger Management,2003-04-11,2003,75000000.0,195745823,106.0,9.409379,26,11,7,0,0,0,1,0,0,0,0,0,0,0,0,0,0
The Worst Christmas of My Life,2012-12-22,2012,6843500.0,10703234,104.0,3.800073,9,1,0,0,0,0,1,0,0,0,0,0,0,0,0,0,0
The Spacewalker,2017-04-12,2017,7075038.0,9868942,140.0,10.181,5,4,2,0,0,1,0,0,0,0,0,1,0,0,0,0,0
Moka,2016-08-17,2016,,126463,89.0,2.404466,9,14,0,0,1,1,0,0,0,0,0,0,0,0,0,0,0
Jingle All the Way,1996-11-15,1996,60000000.0,129832389,89.0,7.898202,20,12,8,1,0,0,1,0,0,0,0,0,0,0,1,0,0
The Cannonball Run,1981-06-19,1981,18000000.0,72179579,95.0,6.693055,33,7,2,1,0,0,1,0,0,0,0,0,0,0,0,0,0
The Great Buck Howard,2008-01-18,2008,,900689,87.0,7.957389,30,16,4,0,1,1,1,0,0,0,0,0,0,0,0,0,0
Kevin Hart: Let Me Explain,2013-07-03,2013,,32230907,74.0,11.110533,7,21,4,0,1,0,1,0,0,0,0,0,0,0,0,0,0
Communion,1989-11-10,1989,,1919653,103.0,2.628306,17,19,14,0,1,1,0,1,0,0,0,0,1,1,0,0,0
The Last of the Mohicans,1992-09-25,1992,40000000.0,75505856,112.0,15.228794,15,59,5,0,0,1,0,0,1,1,0,1,0,0,0,0,0
Serial Mom,1994-04-13,1994,13000000.0,7820688,95.0,5.305311,67,6,7,0,0,0,1,1,0,0,1,0,1,0,0,0,0
Must Love Dogs,2005-07-21,2005,30000000.0,58405313,98.0,9.378926,20,14,11,0,0,0,1,0,0,1,0,0,0,0,0,0,0
The Legend of Bhagat Singh,2002-06-07,2002,3000000.0,6000000,155.0,0.904409,10,2,0,0,0,1,0,0,0,0,0,0,0,0,0,0,0
Before I Disappear,2014-10-11,2014,,8251,100.0,3.402261,6,12,5,0,1,1,0,0,0,0,0,0,0,0,0,0,0
The Package,2013-02-09,2013,,1469,93.0,2.469772,27,30,3,0,1,0,0,0,1,0,0,0,0,0,0,0,0
DeepStar Six,1989-01-13,1989,,8143225,105.0,3.842769,10,45,7,0,1,0,0,1,1,0,0,0,1,1,0,0,0
I Know What You Did Last Summer,1997-10-17,1997,17000000.0,125586134,100.0,7.417157,11,76,13,1,0,0,0,1,0,0,0,0,1,0,0,0,1
Cool World,1992-07-10,1992,30000000.0,14110589,102.0,11.781895,15,43,7,0,0,0,1,0,0,0,0,0,0,0,0,1,0
U Turn,1997-10-03,1997,19000000.0,6682098,125.0,7.923639,22,19,5,0,0,0,0,1,0,0,0,0,0,0,0,0,0
Bill & Ted's Excellent Adventure,1989-02-17,1989,10000000.0,40485039,90.0,15.109261,22,12,16,1,0,0,1,0,0,0,0,1,0,1,0,0,0
This Boy’s Life,1993-04-09,1993,,4104962,115.0,9.665142,13,11,7,0,1,1,0,0,0,0,0,0,0,0,0,0,0
Aliens,1986-07-18,1986,18500000.0,183316455,137.0,21.761179,26,38,13,1,0,0,0,1,1,0,0,0,1,1,0,0,0
Seabiscuit,2003-07-22,2003,87000000.0,148336445,141.0,7.851669,12,60,4,0,0,1,0,0,0,0,0,0,0,0,0,0,0
Safe Haven,2013-02-07,2013,28000000.0,97594140,115.0,7.598422,21,15,5,0,0,0,0,0,0,1,0,0,0,0,0,0,0
Happy Family,2006-12-14,2006,800000.0,966214,83.0,0.170979,22,2,0,0,0,0,1,0,0,1,0,0,0,0,0,0,0
The Dictator,2012-05-15,2012,65000000.0,179379533,83.0,7.446085,15,11,1,0,0,0,1,0,0,0,0,0,0,0,0,0,0
The General's Daughter,1999-06-18,1999,60000000.0,149705852,116.0,14.039655,16,23,18,0,0,1,0,1,0,0,1,0,0,0,0,0,1
Departures,2008-09-13,2008,,69932387,130.0,8.175019,6,12,5,0,1,1,0,0,0,0,0,0,0,0,0,0,0
Cut and Run,1985-08-08,1985,,373530,90.0,11.258125,17,14,16,0,1,0,0,1,0,0,0,1,1,0,0,0,0
Thirteen,2003-08-20,2003,2000000.0,4601043,100.0,14.379879,16,26,20,0,0,1,0,0,0,0,1,0,0,0,0,0,0
"Dear Guest, When Will You Leave?",2010-02-26,2010,3750000.0,5000000,155.0,0.597058,5,9,0,0,0,0,1,0,0,0,0,0,0,0,0,0,0
Midnight in Paris,2011-05-11,2011,30000000.0,151119219,94.0,11.43256,43,66,12,0,0,0,1,0,0,1,0,0,0,0,0,1,0
Poltergeist II: The Other Side,1986-05-23,1986,19000000.0,40996665,91.0,6.701138,9,12,4,1,0,0,0,1,0,0,0,0,1,0,0,0,0
Black Dynamite,2009-10-16,2009,2900000.0,296557,90.0,10.92143,29,16,4,0,0,0,1,0,1,0,0,0,0,0,0,0,0
The Raven,2012-03-09,2012,26000000.0,29657751,111.0,7.254242,11,20,14,0,0,0,0,1,0,0,1,0,0,0,0,0,1
How About You...,2007-11-16,2007,9000000.0,706000,100.0,1.139949,8,2,1,0,0,1,1,0,0,0,0,0,0,0,0,0,0
Holy Motors,2012-07-02,2012,,641100,115.0,7.34241,19,6,8,0,1,1,0,0,0,0,0,0,0,0,0,1,0
Daddy Day Camp,2007-08-08,2007,6000000.0,18197398,89.0,5.414213,6,4,7,1,0,0,1,0,0,0,0,0,0,0,1,0,0
Pagafantas,2009-07-02,2009,,2012927,84.0,0.82522,22,18,5,0,1,0,1,0,0,0,0,0,0,0,0,0,0
The Last Wave,1977-01-01,1977,810000.0,1258000,106.0,3.099222,9,12,12,0,0,1,0,1,0,0,0,0,0,0,0,0,1
The Prestige,2006-10-19,2006,40000000.0,109676311,130.0,16.94556,41,58,11,0,0,1,0,1,0,0,0,0,0,0,0,0,1
Everybody Wants Some!!,2016-03-30,2016,10000000.0,3400278,116.0,6.737797,70,24,3,0,0,0,1,0,0,0,0,0,0,0,0,0,0
The Butterfly Effect,2004-01-22,2004,13000000.0,96060858,113.0,12.994939,28,125,5,1,0,0,0,1,0,0,0,0,0,1,0,0,0
The Weight of Water,2000-09-25,2000,16000000.0,109130,113.0,2.488424,22,13,2,0,0,1,0,0,0,0,1,0,0,0,0,0,1
The Mexican,2001-03-01,2001,57000000.0,147845033,123.0,9.958406,14,10,2,0,0,0,1,0,1,1,1,0,0,0,0,0,0
The Astronaut Farmer,2006-10-15,2006,13000000.0,11130889,104.0,6.862146,60,16,16,0,0,1,1,0,0,0,0,1,0,1,0,0,0
White Water Summer,1987-07-10,1987,,300859,90.0,7.74579,8,20,8,0,1,1,0,0,0,0,0,1,0,0,1,0,0
The Better Angels,2014-01-18,2014,,70918,95.0,9.266214,4,9,7,0,1,1,0,0,0,0,0,0,0,0,0,0,0
Johnny English,2003-04-06,2003,40000000.0,160583018,88.0,8.739991,17,11,14,1,0,0,1,0,1,0,0,1,0,0,0,0,0
Bull Durham,1988-06-15,1988,7000000.0,50888000,108.0,6.924072,16,45,13,0,0,0,1,0,0,1,0,0,0,0,0,0,0
Aquarius,2016-09-01,2016,762241.0,285930,140.0,4.860265,28,24,1,0,0,1,0,0,0,0,0,0,0,0,0,0,0
300: Rise of an Empire,2014-03-05,2014,110000000.0,337580051,102.0,12.904677,42,90,8,1,0,0,0,0,1,0,0,0,0,0,0,0,0
Remember,2015-10-23,2015,,1986615,94.0,10.200553,17,33,0,0,1,1,0,1,0,0,0,0,0,0,0,0,0
"Fast, Cheap & Out of Control",1997-10-03,1997,,832735,83.0,2.117703,4,10,4,0,1,0,0,0,0,0,0,0,0,0,0,0,0
The Mean Season,1985-02-15,1985,,4300000,103.0,6.473842,38,14,2,0,1,0,0,1,0,0,0,0,0,0,0,0,1
From the Land of the Moon,2016-10-19,2016,10300000.0,47748,120.0,6.165491,27,19,4,0,0,1,0,0,0,1,0,0,0,0,0,0,0
Tapeheads,1988-10-21,1988,,343786,93.0,1.693701,19,3,2,0,1,1,1,0,0,0,0,0,0,0,0,0,0
Universal Soldier: Regeneration,2009-10-01,2009,14000000.0,875386,97.0,8.226,8,18,8,1,0,0,0,1,1,0,0,1,0,1,0,0,0
Babe,1995-07-18,1995,30000000.0,254134910,89.0,14.404764,18,11,10,1,0,1,1,0,0,0,0,0,0,0,1,1,0
Air Force One,1997-07-25,1997,85000000.0,315156409,124.0,12.173291,38,100,18,0,0,0,0,1,1,0,0,0,0,0,0,0,0
A Sound of Thunder,2005-05-15,2005,80000000.0,5989640,110.0,4.980191,20,31,4,0,0,0,0,1,1,0,0,1,0,1,0,0,0
Chasing Liberty,2004-01-09,2004,23000000.0,12,111.0,5.950792,11,26,11,0,0,0,1,0,0,1,0,0,0,0,0,0,0
Exposed,2016-01-22,2016,,1787926,102.0,6.402939,36,15,6,0,1,1,0,1,0,0,1,0,0,0,0,0,0
The Song,2014-09-26,2014,,1009620,116.0,1.69425,7,1,0,0,1,1,0,0,0,1,0,0,0,0,0,0,0
Hellraiser III: Hell on Earth,1992-09-11,1992,5000000.0,12534961,93.0,6.546551,15,19,9,1,0,0,0,1,0,0,0,0,1,0,0,0,0
Sweet Hearts Dance,1988-09-23,1988,,3790493,101.0,0.656215,5,1,0,0,1,1,1,0,0,1,0,0,0,0,0,0,0
Shrooms,2007-08-16,2007,,4910682,84.0,9.128571,6,10,5,0,1,0,0,0,0,0,0,0,1,0,0,0,0
Rebecca,1940-04-12,1940,1288000.0,6000000,130.0,8.590813,25,37,17,0,0,1,0,0,0,0,0,0,0,0,0,0,1
Swoon,1992-09-11,1992,250000.0,340147,82.0,0.003013,2,1,0,0,0,1,0,0,0,0,0,0,0,0,0,0,0
My Big Fat Greek Wedding 2,2016-03-23,2016,18000000.0,88923251,94.0,6.344961,38,18,2,1,0,0,1,0,0,1,0,0,0,0,1,0,0
Desperado,1995-08-25,1995,7000000.0,25405445,104.0,6.950458,16,20,21,1,0,0,0,1,1,0,1,0,0,0,0,0,0
The Assault,1986-02-06,1986,,203781,124.0,1.899468,8,6,6,0,1,1,0,0,0,0,0,0,0,0,0,0,0
The Game Plan,2007-09-28,2007,22000000.0,147880543,110.0,9.627676,15,9,7,0,0,0,1,0,0,0,0,0,0,0,1,0,0
Contact,1997-07-11,1997,90000000.0,171120329,150.0,14.374866,108,172,19,0,0,1,0,0,0,0,0,0,0,1,0,0,1
Parenthood,1989-07-31,1989,,126297830,124.0,8.09806,23,8,2,0,1,1,1,0,0,0,0,0,0,0,1,0,0
Spaced Invaders,1990-04-27,1990,3000000.0,15369573,100.0,2.428279,4,2,4,0,0,0,1,0,0,0,0,0,0,1,1,0,0
Suspect,1987-10-23,1987,,18782400,121.0,10.638289,9,7,5,0,1,1,0,1,0,0,1,0,0,0,0,0,0
Rocky III,1982-05-28,1982,17000000.0,270000000,99.0,11.673366,15,20,16,1,0,1,0,0,0,0,0,0,0,0,0,0,0
Sydney White,2007-09-21,2007,16500000.0,13620075,108.0,6.463883,22,16,7,0,0,0,1,0,0,0,0,0,0,0,0,0,0
Adore,2013-04-03,2013,16000000.0,318982,100.0,12.260159,23,17,2,0,0,1,0,0,0,0,0,0,0,0,0,0,0
"The Karate Kid, Part II",1986-06-18,1986,113.0,115103979,113.0,9.231318,11,7,5,1,0,1,0,0,1,1,0,1,0,0,1,0,0
"The Book of Mormon Movie, Volume 1: The Journey",2003-09-12,2003,2000000.0,1672730,120.0,0.079856,2,0,0,0,0,0,0,0,0,0,0,0,0,0,0,0,0
The Hangover,2009-06-05,2009,35000000.0,459270619,100.0,23.947351,87,21,12,1,0,0,1,0,0,0,0,0,0,0,0,0,0
Sleeping with the Enemy,1991-02-08,1991,19000000.0,174999005,99.0,8.560694,15,54,3,0,0,1,0,1,0,0,1,0,0,0,0,0,0
All The Queen's Men,2001-10-14,2001,15000000.0,23000,99.0,1.652275,9,2,2,0,0,1,1,0,1,0,0,0,0,0,0,0,0
Space Dogs,2010-03-18,2010,25000000.0,6500000,85.0,4.037707,10,4,5,1,0,0,0,0,0,0,0,0,0,0,1,0,0
Morgana,2012-08-03,2012,,1612100,120.0,0.368092,9,1,0,0,1,0,0,0,0,0,0,0,1,0,0,0,0
Article 99,1992-03-13,1992,18000000.0,6375979,100.0,2.471038,7,2,3,0,0,1,1,0,0,0,0,0,0,0,0,0,0
The Meddler,2016-04-05,2016,3200000.0,4267218,100.0,5.510288,29,8,4,0,0,1,1,0,0,0,0,0,0,0,0,0,0
The Marine,2006-10-13,2006,20000000.0,22165608,92.0,6.679168,10,57,5,1,0,1,0,1,1,0,0,1,0,0,0,0,0
Heart and Souls,1993-08-13,1993,,16589540,104.0,8.450231,6,7,1,0,1,1,1,0,0,1,0,0,0,1,0,1,0
Red Garters,1954-02-09,1954,,1300000,91.0,0.182717,12,2,1,0,1,0,0,0,0,0,0,0,0,0,0,0,0
Chandni Chowk To China,2009-01-16,2009,10500000.0,9400000,149.0,1.970481,9,9,2,0,0,1,1,0,1,0,0,1,0,0,0,0,0
Riding in Cars with Boys,2001-10-19,2001,48000000.0,35743308,132.0,4.556123,17,6,11,0,0,1,1,0,0,1,0,0,0,0,0,0,0
Stonewall,2015-09-18,2015,13500000.0,187674,129.0,3.531089,17,4,1,0,0,1,0,0,0,0,0,0,0,0,0,0,0
My Boyfriend's Back,1993-08-06,1993,,3335984,85.0,2.183504,10,2,4,0,1,0,1,0,0,1,0,0,0,0,0,0,0
The Conspirator,2010-09-10,2010,25000000.0,15478800,122.0,5.481452,18,75,10,0,0,1,0,0,0,0,1,0,0,0,0,0,0
The Horse Whisperer,1998-05-14,1998,60000000.0,186883563,170.0,7.685548,21,26,19,0,0,1,0,0,0,1,0,0,0,0,0,0,0
Nikitich and The Dragon,2006-03-16,2006,4500000.0,3468423,65.0,1.833185,3,3,4,1,0,1,1,0,0,0,0,1,0,0,0,1,0
The Purge: Anarchy,2014-07-17,2014,9000000.0,108782847,104.0,27.756026,41,64,18,1,0,0,0,1,0,0,0,0,1,0,0,0,0
Poison,1991-04-05,1991,250000.0,609524,85.0,1.924535,5,4,10,0,0,1,0,0,0,0,0,0,1,1,0,0,0
Mary and Max,2009-02-09,2009,590235.0,1725381,92.0,8.888393,12,30,11,0,0,1,1,0,0,0,0,0,0,0,0,0,0
Lions for Lambs,2007-10-22,2007,35000000.0,63215872,92.0,5.80986,8,17,13,0,0,1,0,0,1,0,0,1,0,0,0,0,0
Deadfall,2012-11-08,2012,12000000.0,66351,95.0,8.435294,34,51,14,0,0,1,0,1,0,0,1,0,0,0,0,0,0
St. Elmo's Fire,1985-06-20,1985,,37803872,110.0,9.116245,17,9,3,0,1,1,0,0,0,1,0,0,0,0,0,0,0
Stolen,2009-10-10,2009,2000000.0,7306,97.0,2.300459,10,2,2,0,0,1,0,1,0,0,1,0,0,0,0,0,1
Most Wanted,1997-10-10,1997,25000000.0,11838218,99.0,10.323838,15,2,0,0,0,0,0,1,1,0,0,0,0,0,0,0,0
Phoenix Forgotten,2017-04-21,2017,2800000.0,3600000,80.0,12.560942,10,53,1,0,0,0,0,0,0,0,0,0,1,1,0,0,1
Passenger 57,1992-11-05,1992,15000000.0,44065653,84.0,18.451321,15,9,7,0,0,0,0,1,1,0,0,1,0,0,0,0,0
Lake of Fire,2006-09-09,2006,,25,152.0,0.91505,3,2,0,0,1,0,0,0,0,0,0,0,0,0,0,0,0
Hotel Transylvania 2,2015-09-21,2015,80000000.0,473226958,89.0,11.760218,22,9,17,1,0,0,1,0,0,0,0,0,0,0,1,0,0
Army of Shadows,1969-09-10,1969,,741766,145.0,7.872569,11,8,8,0,1,1,0,0,0,0,0,0,0,0,0,0,0
Elizabethtown,2005-10-06,2005,57000000.0,52034889,123.0,11.82081,13,6,8,0,0,1,1,0,0,1,0,0,0,0,0,0,0
Good Kill,2015-04-09,2015,,316472,104.0,8.35399,13,39,6,0,1,1,0,1,1,0,0,0,0,0,0,0,0
Clockers,1995-09-15,1995,25000000.0,13071518,128.0,4.558992,78,3,4,0,0,1,0,0,0,0,1,0,0,0,0,0,1
Gunfight at the O.K. Corral,1957-05-30,1957,,11750000,122.0,10.460298,23,14,4,0,1,0,0,0,0,0,0,0,0,0,0,0,0
Special Forces,2011-11-02,2011,10000000.0,10759,109.0,5.3584,15,12,8,0,0,1,0,0,1,0,0,0,0,0,0,0,0
What Just Happened,2008-10-17,2008,25000000.0,6673422,104.0,10.510245,16,14,4,0,0,1,1,0,0,0,0,0,0,0,0,0,0
U.S. Marshals,1998-03-06,1998,60000000.0,102367405,131.0,8.462364,31,106,5,1,0,0,0,1,1,0,1,0,0,0,0,0,0
Pi,1998-07-10,1998,60000.0,3221152,84.0,10.621362,13,10,9,0,0,1,0,1,0,0,0,0,0,0,0,0,1
The Pyramid,2014-12-04,2014,6500000.0,13865435,89.0,9.312354,11,54,8,0,0,0,0,0,0,0,0,0,1,0,0,0,0
On the Waterfront,1954-06-22,1954,910000.0,9600000,108.0,18.211093,22,11,6,0,0,1,0,0,0,0,1,0,0,0,0,0,0
A Dog's Purpose,2017-01-19,2017,22000000.0,194647323,100.0,9.863789,60,64,8,0,0,1,1,0,0,0,0,0,0,0,1,1,0
From Prada to Nada,2011-01-28,2011,93.0,2500000,107.0,11.096527,10,3,15,0,0,1,1,0,0,1,0,0,0,0,0,0,0
Timecop,1994-09-15,1994,27000000.0,101646581,99.0,8.907074,15,15,4,1,0,0,0,1,1,0,1,0,0,1,0,0,0
High Strung,2016-04-08,2016,,53447,96.0,6.625607,13,3,4,1,1,1,0,0,0,1,0,0,0,0,0,0,0
Stir of Echoes,1999-09-10,1999,12000000.0,21133087,99.0,5.875606,12,8,17,1,0,0,0,1,0,0,0,0,1,0,0,0,1
Alaipayuthey,2000-04-14,2000,2000000.0,6000000,156.0,0.570021,13,13,6,0,0,1,0,0,0,1,0,0,0,0,0,0,0
The Theory of Everything,2014-11-26,2014,15000000.0,123726688,123.0,11.85302,45,86,8,0,0,1,0,0,0,1,0,0,0,0,0,0,0
Wonder Woman,2017-05-30,2017,149000000.0,820580447,141.0,294.337037,0,0,14,1,0,0,0,0,1,0,0,1,0,0,0,1,0
The Master,2012-09-07,2012,32000000.0,28258060,137.0,8.074218,28,56,10,0,0,1,0,0,0,0,0,0,0,0,0,0,0
Antitrust,2001-01-12,2001,30000000.0,18195610,108.0,8.142166,20,21,14,0,0,1,0,0,1,0,1,0,0,0,0,0,0
Glen Campbell: I'll Be Me,2014-04-24,2014,,365522,116.0,1.380258,15,12,11,0,1,0,0,0,0,0,0,0,0,0,0,0,0
Big Eyes,2014-12-24,2014,10000000.0,28883511,105.0,7.412826,38,14,3,0,0,1,0,0,0,0,0,0,0,0,0,0,0
The Ten Commandments,1956-10-05,1956,13000000.0,122700000,220.0,11.14704,40,31,9,0,0,1,0,0,0,0,0,0,0,0,0,0,0
Anniyan,2005-06-17,2005,,8500000,181.0,1.532894,16,14,5,0,1,1,0,1,1,0,0,0,0,0,0,0,0
A Lonely Place to Die,2011-04-09,2011,4000000.0,25345000,99.0,6.780752,11,8,9,0,0,0,0,1,1,0,1,1,0,0,0,0,0
Monte Carlo,2011-07-01,2011,20000000.0,17425000,109.0,8.34835,16,26,6,0,0,0,1,0,0,1,0,1,0,0,0,0,0
The Love Guru,2008-06-20,2008,62000000.0,41819064,87.0,6.258666,19,17,13,0,0,0,1,0,0,1,0,0,0,0,0,0,0
Duplicity,2009-03-19,2009,78146652.0,60000000,125.0,9.097953,34,52,1,0,0,0,1,0,0,1,1,0,0,0,0,0,0
Just My Luck,2006-05-12,2006,28000000.0,38159905,103.0,6.053567,22,22,10,0,0,1,1,0,0,1,0,0,0,0,1,1,0
The Robe,1953-09-16,1953,4100000.0,36000000,135.0,3.826281,24,15,2,1,0,1,0,0,0,0,0,0,0,0,0,0,0
Supersonic,2016-10-02,2016,,226286,117.0,6.316596,7,6,3,0,1,0,0,0,0,0,0,0,0,0,0,0,0
SpaceCamp,1986-06-06,1986,18000000.0,9697739,107.0,6.41742,8,3,5,0,0,0,0,0,0,0,0,1,0,0,1,0,0
Predators,2010-07-03,2010,40000000.0,126248813,107.0,9.034929,12,63,11,1,0,0,0,1,1,0,0,1,0,1,0,0,0
December Boys,2007-09-20,2007,4000000.0,46474,105.0,4.661689,8,8,10,0,0,1,0,0,0,1,0,0,0,0,0,0,0
Miracle at St. Anna,2008-09-15,2008,45000000.0,9323833,160.0,11.221186,25,12,6,0,0,1,0,0,0,0,0,0,0,0,0,0,0
Martin Lawrence Live: Runteldat,2002-08-01,2002,3000000.0,19184015,113.0,0.527297,1,10,4,0,0,0,1,0,0,0,0,0,0,0,0,0,0
The Rock,1996-06-06,1996,75000000.0,335062621,136.0,13.249824,26,30,6,0,0,0,0,1,1,0,0,1,0,0,0,0,0
Indiana Jones and the Last Crusade,1989-05-24,1989,48000000.0,474171806,127.0,14.788987,51,46,18,1,0,0,0,0,1,0,0,1,0,0,0,0,0
The Greatest Movie Ever Sold,2011-04-22,2011,,621951,87.0,4.39817,7,2,3,0,1,0,1,0,0,0,0,0,0,0,0,0,0
Pan,2015-09-24,2015,150000000.0,128388320,111.0,11.30428,19,22,7,0,0,0,0,0,0,0,0,1,0,0,1,1,0
Dazed and Confused,1993-09-24,1993,6900000.0,7993039,102.0,6.8652,17,8,9,0,0,1,1,0,0,0,0,0,0,0,0,0,0
I Still Know What You Did Last Summer,1998-11-13,1998,65000000.0,40002112,100.0,11.023042,11,78,17,1,0,0,0,1,0,0,0,0,1,0,0,0,1
The Lord of the Rings: The Two Towers,2002-12-18,2002,79000000.0,926287400,179.0,29.423537,34,36,15,1,0,0,0,0,1,0,0,1,0,0,0,1,0
Sweet Charity,1969-01-01,1969,8000000.0,20000000,149.0,0.537378,11,10,7,0,0,1,1,0,0,1,0,0,0,0,0,0,0
Crossover,2006-09-01,2006,5800000.0,7000000,95.0,0.906143,32,28,4,0,0,1,0,0,1,0,0,1,0,0,0,0,0
About Schmidt,2002-12-13,2002,30000000.0,105834556,125.0,11.066473,14,25,7,0,0,1,1,0,0,0,0,0,0,0,0,0,0
Tales from the Darkside: The Movie,1990-05-03,1990,3500000.0,16324573,93.0,5.732016,21,23,13,0,0,0,1,1,0,0,0,0,1,0,0,1,0
Ouija: Origin of Evil,2016-10-20,2016,9000000.0,81705746,99.0,10.182974,15,3,8,1,0,0,0,1,0,0,0,0,1,0,0,0,0
49 Up,2005-09-15,2005,,238073,180.0,0.769595,4,1,3,1,1,0,0,0,0,0,0,0,0,0,0,0,0
Phone Booth,2002-09-09,2002,13000000.0,97837138,81.0,9.142772,10,12,3,0,0,1,0,1,0,0,0,0,0,0,0,0,0
Chappie,2015-03-04,2015,49000000.0,104399548,120.0,30.206365,45,50,5,0,0,0,0,0,1,0,1,0,0,1,0,0,0
Gothika,2003-11-21,2003,40000000.0,141591324,98.0,10.939066,11,117,8,0,0,0,0,1,0,0,0,0,1,0,0,0,0
Mad Dog and Glory,1993-03-05,1993,,11081586,96.0,4.769347,11,9,6,0,1,1,1,0,0,1,1,0,0,0,0,0,0
Metropolis,2001-05-26,2001,14500000.0,95789342,108.0,9.298092,38,8,8,0,0,0,0,0,0,0,0,0,0,1,0,0,0
Scarface,1932-04-09,1932,,600000,90.0,4.854436,41,22,13,0,1,1,0,1,1,0,1,1,0,0,0,0,0
Tracks,2014-03-06,2014,,4878242,112.0,0.239993,10,27,8,0,1,1,0,0,0,0,0,1,0,0,0,0,0
Baggage Claim,2013-09-27,2013,8500000.0,22456509,96.0,5.590678,16,23,0,0,0,0,1,0,0,0,0,0,0,0,0,0,0
Eddie the Eagle,2016-02-26,2016,23000000.0,46152411,106.0,7.528276,27,9,9,0,0,1,1,0,0,0,0,0,0,0,0,0,0
The Black Stallion,1979-10-17,1979,2700000.0,37799643,118.0,10.246132,9,13,9,1,0,0,0,0,0,0,0,1,0,0,1,0,0
Look,2007-10-05,2007,,16136,98.0,1.282833,8,2,2,0,1,1,0,0,0,0,0,0,0,0,0,0,0
Short Term 12,2013-08-23,2013,,1600000,96.0,12.34835,56,17,13,0,1,1,0,0,0,0,0,0,0,0,0,0,0
50 First Dates,2004-02-13,2004,75000000.0,196482882,99.0,11.134888,55,108,5,0,0,0,1,0,0,1,0,0,0,0,0,0,0
Burnt,2015-10-02,2015,20000000.0,36606743,100.0,8.066726,27,24,11,0,0,1,0,0,0,0,0,0,0,0,0,0,0
El pico 2,1984-11-09,1984,,930349,120.0,0.699668,35,12,8,1,1,1,0,0,0,0,0,0,0,0,0,0,0
Bunny and the Bull,2009-11-27,2009,,81010,101.0,3.939557,9,2,2,0,1,0,1,0,0,1,0,0,0,0,0,0,0
The Alamo,1960-10-23,1960,12000000.0,7900000,167.0,4.73816,24,11,5,0,0,1,0,0,1,0,0,1,0,0,0,0,0
One for the Money,2012-01-26,2012,40000000.0,36893721,91.0,6.322435,17,19,6,0,0,0,1,0,1,0,1,0,0,0,0,0,0
Unforgettable,2017-04-20,2017,12000000.0,17768012,100.0,10.159713,18,71,2,0,0,1,0,1,0,0,0,0,0,0,0,0,0
The Manhattan Project,1986-06-13,1986,18000000.0,3900000,118.0,4.29831,8,11,11,0,0,0,0,1,0,0,0,0,0,1,0,0,0
28 Days Later,2002-10-31,2002,5000000.0,82719885,113.0,17.656951,22,36,19,1,0,0,0,1,0,0,0,0,1,1,0,0,0
House of 1000 Corpses,2003-04-11,2003,7000000.0,16829545,89.0,11.00913,27,88,6,1,0,0,0,0,0,0,0,0,1,0,0,0,0
Edge of Darkness,2010-01-29,2010,80000000.0,74901339,117.0,9.554067,20,80,4,0,0,1,0,1,0,0,1,0,0,0,0,0,1
Kissing Jessica Stein,2001-04-21,2001,1000000.0,10013424,97.0,3.374229,9,21,7,0,0,0,1,0,0,0,0,0,0,0,0,0,0
Bridget Jones's Baby,2016-09-14,2016,35000000.0,211952420,123.0,10.754139,18,5,10,1,0,0,1,0,0,0,0,0,0,0,0,0,0
Hamlet,1990-12-19,1990,,20710451,130.0,12.50303,18,9,6,0,1,1,0,0,0,0,0,0,0,0,0,0,0
Darkman,1990-08-24,1990,16000000.0,48878502,96.0,8.899418,21,60,11,1,0,0,0,0,1,0,1,0,0,1,0,0,0
Sahara,2017-02-01,2017,,7800000,86.0,8.665106,20,16,6,0,1,0,1,0,0,0,0,1,0,0,1,0,0
People Like Us,2012-06-29,2012,16000000.0,12434778,114.0,14.906621,35,12,1,0,0,1,0,0,0,0,0,0,0,0,0,0,0
Blood on the Moon,1948-11-09,1948,,88,88.0,1.033927,15,15,3,0,1,1,0,0,1,0,0,0,0,0,0,0,0
Haunted Honeymoon,1986-07-25,1986,,8033397,82.0,2.858879,16,18,1,0,1,0,1,0,0,0,0,0,1,0,0,0,0
"Men, Women & Children",2014-10-17,2014,,461162,116.0,6.785735,25,15,5,0,1,1,1,0,0,0,0,0,0,0,0,0,0
I'm Not There.,2007-10-01,2007,20000000.0,4001121,135.0,9.351557,18,16,11,0,0,1,0,0,0,0,0,0,0,0,0,0,0
From Dusk Till Dawn,1996-01-19,1996,19000000.0,25836616,108.0,15.339153,33,117,26,1,0,0,0,1,1,0,1,0,1,0,0,0,0
Housekeeping,1987-11-25,1987,,1083282,116.0,0.773954,9,11,2,0,1,1,1,0,0,0,0,0,0,0,0,0,0
Dangal,2016-12-23,2016,10400000.0,310000000,161.0,8.792104,9,27,4,0,0,1,0,0,0,0,0,0,0,0,0,0,0
Katyar Kaljat Ghusali,2015-11-12,2015,1500000.0,4400000,162.0,0.446454,7,1,0,0,0,0,0,0,0,0,0,0,0,0,0,0,0
Resident Evil: The Final Chapter,2016-12-23,2016,40000000.0,312242626,107.0,0.75571,12,57,17,1,0,0,0,0,1,0,0,0,1,1,0,0,0
Macabre,1958-10-01,1958,90000.0,5000000,72.0,0.837849,12,11,11,0,0,0,0,1,0,0,0,0,1,0,0,0,0
Kundun,1997-12-25,1997,28000000.0,5684789,134.0,5.01752,5,19,8,0,0,1,0,0,0,0,0,0,0,0,0,0,0
Trippin',1999-05-12,1999,,9016377,94.0,0.218263,5,2,2,0,1,0,1,0,0,1,0,0,0,0,0,0,0
А поутру они проснулись,2003-12-04,2003,,234748,104.0,0.402368,8,6,4,0,1,1,1,0,0,0,0,0,0,0,0,0,0
The Wrestler,2008-09-07,2008,6000000.0,44703995,109.0,7.903956,74,44,12,0,0,1,0,0,0,1,0,0,0,0,0,0,0
Before Midnight,2013-04-05,2013,3000000.0,11176469,108.0,11.30324,17,35,11,1,0,1,0,0,0,1,0,0,0,0,0,0,0
Tommy Boy,1995-03-31,1995,,32648673,97.0,11.971318,10,6,0,0,1,0,1,0,0,0,0,0,0,0,0,0,0
A Prince (almost) Charming,2013-01-07,2013,,214000,88.0,1.985348,8,4,0,0,1,0,1,0,0,1,0,0,0,0,0,0,0
Creepshow,1982-11-12,1982,8000000.0,21028755,120.0,10.434018,21,15,11,1,0,0,1,0,0,0,0,0,1,0,0,1,0
Little Miss Sunshine,2006-07-26,2006,8000000.0,100523181,102.0,5.320117,27,62,15,0,0,1,1,0,0,0,0,0,0,0,0,0,0
Infamous,2006-11-16,2006,13000000.0,1151330,110.0,5.169999,13,45,5,0,0,1,0,0,0,0,0,0,0,0,0,0,0
Snitch,2013-02-21,2013,35000000.0,42930462,112.0,13.542675,22,25,2,0,0,1,0,1,0,0,0,0,0,0,0,0,0
Top Gun,1986-05-16,1986,15000000.0,356830601,110.0,20.301019,15,38,18,0,0,0,0,0,1,1,0,0,0,0,0,0,0
The Perfect Guy,2015-09-11,2015,12000000.0,60273173,100.0,7.607052,36,21,0,0,0,1,0,1,0,0,0,0,0,0,0,0,0
A Knight's Tale,2001-05-11,2001,65000000.0,117487473,132.0,10.90061,16,95,11,0,0,1,0,0,1,1,0,1,0,0,0,0,0
10 Things I Hate About You,1999-03-30,1999,16000000.0,53478166,97.0,12.069966,44,37,14,0,0,1,1,0,0,1,0,0,0,0,0,0,0
The Gauntlet,1977-12-21,1977,5500000.0,26414658,109.0,6.389326,11,20,24,0,0,1,0,1,1,0,1,0,0,0,0,0,0
The Birth of a Nation,2015-02-08,2015,100000.0,11000000,193.0,5.113205,49,55,5,0,0,1,0,0,0,0,0,0,0,0,0,0,0
The Taking of Tiger Mountain,2014-12-24,2014,,228984,141.0,10.475435,9,7,3,0,1,0,0,1,0,0,0,1,0,0,0,0,0
Page One: Inside the New York Times,2011-04-29,2011,,429766,88.0,1.373641,41,17,0,0,1,0,0,0,0,0,0,0,0,0,0,0,0
The Tracey Fragments,2007-02-08,2007,700000.0,31576,77.0,2.819298,11,13,3,0,0,1,0,0,0,0,0,0,0,0,0,0,0
The Swan Princess: Escape from Castle Mountain,1997-01-01,1997,,273644,71.0,5.121309,4,3,3,1,1,0,0,0,0,1,0,0,0,0,1,1,0
The Monster Squad,1987-08-14,1987,12000000.0,3769990,82.0,7.075534,21,19,5,0,0,0,1,0,1,0,0,0,1,1,0,1,0
The Handmaiden,2016-06-01,2016,8575000.0,1983204,145.0,16.727405,8,10,9,0,0,1,0,1,0,1,0,0,0,0,0,0,0
The Machinist,2004-02-09,2004,5000000.0,8203235,101.0,10.737565,13,10,14,0,0,1,0,1,0,0,0,0,0,0,0,0,0
Win a Date with Tad Hamilton!,2004-01-23,2004,17000000.0,16980098,95.0,5.924226,11,3,4,0,0,0,1,0,0,1,0,0,0,0,0,0,0
The Guns of Navarone,1961-04-27,1961,6000000.0,28900000,158.0,8.522673,24,41,6,1,0,1,0,0,1,0,0,1,0,0,0,0,0
Flashbacks of a Fool,2008-10-17,2008,,1107542,110.0,3.936673,20,35,4,0,1,1,0,0,0,0,0,0,0,0,0,0,0
El Estudiante,2010-10-10,2010,,170000,95.0,0.318437,5,5,0,0,1,1,0,0,0,0,0,0,0,0,0,0,0
Dennis the Menace,1993-06-23,1993,35000000.0,117270765,94.0,10.378902,7,39,1,1,0,0,1,0,0,0,0,0,0,0,1,0,0
Fast Times at Ridgemont High,1982-08-13,1982,4500000.0,27092880,90.0,14.658885,34,15,24,0,0,0,1,0,0,0,0,0,0,0,0,0,0
Fanny & Alexander,1982-12-17,1982,,4971340,188.0,5.472431,18,14,8,0,1,1,0,0,0,0,0,0,0,0,0,1,1
Double Jeopardy,1999-09-24,1999,70000000.0,177841558,105.0,10.876463,8,7,7,0,0,1,0,1,0,0,1,0,0,0,0,0,1
Innocent Voices,2004-11-05,2004,,837000,120.0,7.559298,22,22,1,0,1,1,0,0,0,0,0,0,0,0,0,0,0
Denial,2016-09-30,2016,10000000.0,4073489,109.0,10.754997,36,50,10,0,0,1,0,0,0,0,0,0,0,0,0,0,0
Last Action Hero,1993-06-18,1993,85000000.0,137298489,130.0,9.434006,22,97,9,0,0,0,1,0,1,0,0,1,0,0,1,1,0
The Animal,2001-06-01,2001,22000000.0,84772742,84.0,8.473369,14,97,8,0,0,0,1,0,1,0,0,0,0,0,0,0,0
Ben-Hur,1959-12-26,1959,15000000.0,146900000,212.0,14.319743,57,51,12,0,0,1,0,0,1,0,0,1,0,0,0,0,0
Swing Kids,1993-03-05,1993,,5632086,112.0,4.379054,8,9,6,0,1,1,0,0,0,0,0,0,0,0,0,0,0
Fan,2016-04-15,2016,16000000.0,29251596,142.0,5.127876,12,9,2,0,0,1,0,1,1,0,0,0,0,0,0,0,0
Bleed for This,2016-11-04,2016,6000000.0,6174491,116.0,7.873407,28,23,8,0,0,1,0,0,0,0,0,0,0,0,0,0,0
Why Do Fools Fall In Love,1998-08-28,1998,,12413650,116.0,0.897413,9,33,7,0,1,1,0,0,0,1,0,0,0,0,0,0,0
Sideways,2004-10-22,2004,16000000.0,109502303,126.0,12.646518,18,28,7,0,0,1,1,0,0,1,0,0,0,0,0,0,0
The Private Life of Sherlock Holmes,1970-10-29,1970,10000000.0,1500000,125.0,4.127728,20,20,4,0,0,0,1,1,0,1,1,1,0,0,0,0,1
Double Impact,1991-07-31,1991,15000000.0,30102717,110.0,6.600651,13,12,7,0,0,1,0,1,1,0,1,0,0,0,0,0,0
Fantastic Four,2005-06-29,2005,100000000.0,330579719,106.0,19.382082,19,135,24,1,0,0,0,0,1,0,0,1,0,1,0,1,0
The Odd Couple,1968-02-07,1968,,44527234,106.0,8.3539,9,7,12,1,1,0,1,0,0,0,0,0,0,0,0,0,0
The NeverEnding Story,1984-04-05,1984,27000000.0,20158808,102.0,14.225919,17,24,17,1,0,1,0,0,0,0,0,1,0,0,1,1,0
"Tarzan, the Ape Man",1981-08-07,1981,,36565280,107.0,2.081712,4,7,2,0,1,0,1,0,1,0,0,1,0,0,0,0,0
Step Up 2: The Streets,2008-02-14,2008,23000000.0,150816700,98.0,7.667579,13,38,11,1,0,1,0,0,0,1,0,0,0,0,0,0,0
Goodbye Pork Pie,1981-02-05,1981,300000.0,1400000,105.0,1.023164,5,3,2,0,0,0,1,0,0,0,0,1,0,0,0,0,0
Pollock,2000-09-06,2000,6.0,8,122.0,11.179864,51,31,6,0,0,1,0,0,0,1,0,0,0,0,0,0,0
The Hurricane,1999-09-17,1999,50000000.0,73956241,146.0,5.716009,79,20,5,0,0,1,0,0,0,0,0,0,0,0,0,0,0
The Book of Life,2014-10-01,2014,50000000.0,97437106,95.0,10.337994,27,16,4,0,0,0,1,0,0,1,0,1,0,0,1,1,0
Coming to America,1988-06-28,1988,39000000.0,288752301,116.0,7.830087,14,12,8,0,0,0,1,0,0,1,0,0,0,0,0,0,0
Woo,1998-05-08,1998,13000000.0,8026971,84.0,2.326115,12,2,4,0,0,0,1,0,0,1,0,0,0,0,0,0,0
Ikiru,1952-10-09,1952,,55240,143.0,7.843562,39,7,13,0,1,1,0,0,0,0,0,0,0,0,0,0,0
Animal Kingdom,2010-06-03,2010,5000000.0,1000000,113.0,9.649312,32,11,0,0,0,1,0,1,0,0,1,0,0,0,0,0,0
Syriana,2005-11-23,2005,50000000.0,94000000,128.0,5.768575,31,48,13,0,0,1,0,1,0,0,0,0,0,0,0,0,0
Barbarella,1968-10-10,1968,9000000.0,2500000,98.0,14.304205,31,16,5,0,0,0,0,0,0,0,0,0,0,1,0,0,0
Going My Way,1944-05-15,1944,,16300000,130.0,5.682778,16,18,1,0,1,1,1,0,0,0,0,0,0,0,0,0,0
The Curse of the Were-Rabbit,2005-09-04,2005,30000000.0,192452832,85.0,11.766244,20,69,11,1,0,0,1,0,0,0,0,1,0,0,1,0,0
Sense and Sensibility,1995-12-13,1995,16500000.0,135000000,136.0,10.673167,17,8,11,0,0,1,0,0,0,1,0,0,0,0,0,0,0
Lone Wolf McQuade,1983-04-14,1983,5000000.0,12232628,107.0,5.839893,23,41,11,0,0,1,0,1,1,1,1,0,0,0,0,0,0
Orphans,1998-09-03,1998,,49501,101.0,2.805298,22,2,0,0,1,1,1,0,0,0,0,0,0,0,0,0,0
Cure,1997-11-06,1997,20000.0,99000,111.0,3.111281,15,2,17,0,0,0,0,1,0,0,1,0,1,0,0,0,1
Timecrimes,2007-09-20,2007,2600000.0,553198,92.0,8.623982,8,25,15,0,0,0,0,1,0,0,0,0,0,1,0,0,0
Don Juan DeMarco,1994-10-01,1994,25000000.0,22200000,97.0,7.438934,13,12,6,0,0,1,1,0,0,1,0,0,0,0,0,0,0
Reality Bites,1994-02-18,1994,11500000.0,20079850,99.0,6.514592,17,13,8,0,0,1,0,0,0,0,0,0,0,0,0,0,0
Real Genius,1985-08-07,1985,,13000000,106.0,11.959887,23,21,7,0,1,0,1,0,0,1,0,0,0,0,0,0,0
Enter the Void,2009-05-05,2009,13000000.0,754249,161.0,8.378149,8,20,13,0,0,1,0,0,0,0,0,0,0,0,0,1,0
Iron Sky,2012-03-10,2012,7500000.0,8135031,93.0,19.561767,19,16,1,1,0,0,1,0,1,0,0,0,0,1,0,0,0
V for Vendetta,2006-03-15,2006,54000000.0,132511035,132.0,20.214422,77,194,24,0,0,0,0,1,1,0,0,0,0,0,0,1,0
Love Is All You Need,2012-09-04,2012,5500000.0,10016934,116.0,4.711231,25,14,9,0,0,0,1,0,0,1,0,0,0,0,0,0,0
Whip It,2009-09-13,2009,15000000.0,16633035,111.0,14.511442,20,2,4,0,0,1,0,0,0,0,0,0,0,0,0,0,0
Chernobyl Diaries,2012-05-24,2012,,18112929,88.0,6.76513,12,69,8,0,1,0,0,1,0,0,0,0,1,0,0,0,0
My Summer Story,1994-09-23,1994,,70,85.0,1.073743,5,2,0,0,1,0,0,0,0,0,0,0,0,0,1,0,0
Elektra Luxx,2010-03-14,2010,,10,98.0,4.118699,18,6,12,1,1,1,1,0,1,0,0,0,0,0,0,0,0
The Hobbit: The Desolation of Smaug,2013-12-11,2013,250000000.0,958400000,161.0,20.644776,32,108,7,1,0,0,0,0,0,0,0,1,0,0,0,1,0
Jimi: All Is by My Side,2013-09-07,2013,,340911,118.0,4.250364,12,2,0,0,1,1,0,0,0,0,0,0,0,0,0,0,0
Shadow Dancer,2012-02-12,2012,6300000.0,419953,101.0,4.38806,22,17,0,0,0,0,0,1,0,0,0,0,0,0,0,0,0
Father of the Bride Part II,1995-02-10,1995,,76578911,106.0,8.387519,12,7,9,1,1,0,1,0,0,0,0,0,0,0,0,0,0
Birdman of Alcatraz,1962-07-03,1962,2650000.0,3100000,147.0,4.471515,49,21,11,0,0,1,0,0,0,0,0,0,0,0,0,0,0
Anjaana Anjaani,2010-09-24,2010,6400000.0,5900000,151.0,1.82294,7,4,4,0,0,1,1,0,0,1,0,0,0,0,0,0,0
Veronica Mars,2014-03-13,2014,6000000.0,3485127,107.0,7.510159,53,25,8,0,0,1,1,0,0,0,1,0,0,0,0,0,0
Red Dawn,1984-08-10,1984,4200000.0,38376497,114.0,8.233168,18,10,6,0,0,0,0,1,1,0,0,0,0,0,0,0,0
Stealth,2005-07-28,2005,135000000.0,76932943,121.0,13.89018,23,106,3,0,0,0,0,0,1,0,0,0,0,0,0,0,0
The Powerpuff Girls Movie,2002-07-03,2002,10000000.0,11411644,77.0,5.024459,8,17,4,0,0,0,0,0,1,0,0,0,0,0,1,0,0
Kick-Ass 2,2013-07-17,2013,28000000.0,60700000,103.0,13.570264,22,18,6,1,0,0,0,0,1,0,1,1,0,0,0,0,0
Without Limits,1998-09-11,1998,25000000.0,777423,117.0,3.643468,12,4,4,0,0,1,0,0,0,0,0,0,0,0,0,0,0
A Little Bit of Heaven,2011-02-03,2011,,1296937,106.0,7.174869,12,3,7,0,1,1,1,0,0,1,0,0,0,0,0,0,0
To Catch a Thief,1955-08-03,1955,2500000.0,8750000,106.0,5.490505,13,10,19,0,0,1,0,1,0,1,1,0,0,0,0,0,1
The Day After Tomorrow,2004-05-26,2004,125000000.0,544272402,124.0,15.049695,0,0,27,0,0,0,0,1,1,0,0,1,0,1,0,0,0
Big Trouble in Little China,1986-05-30,1986,25000000.0,11000000,99.0,11.109932,46,18,4,0,0,0,1,0,1,0,0,1,0,0,0,1,0
Malice,1993-09-29,1993,,46405336,107.0,9.861672,12,13,5,0,1,1,0,0,0,0,1,0,0,0,0,0,0
Paul Blart: Mall Cop,2009-01-15,2009,26000000.0,183293131,91.0,13.003122,122,30,2,1,0,0,1,0,1,0,0,1,0,0,1,0,0
Beauty and the Beast,2017-03-16,2017,160000000.0,1262886337,129.0,287.253654,156,115,13,0,0,0,0,0,0,1,0,0,0,0,1,1,0
Bad Day at Black Rock,1955-01-07,1955,1271000.0,3788000,81.0,7.441117,16,22,5,0,0,1,0,0,0,0,1,0,0,0,0,0,0
War Dogs,2016-08-17,2016,40000000.0,86234523,114.0,16.453573,112,70,8,0,0,1,1,0,0,0,1,0,0,0,0,0,0
Repossessed,1990-09-14,1990,,1382462,80.0,11.966566,21,6,5,0,1,0,1,0,0,0,0,0,1,0,0,0,0
The Devil's Violinist,2013-01-30,2013,,11294,122.0,4.352904,7,2,2,0,1,1,0,0,0,0,0,0,0,0,0,0,0
Star Wars: Episode III - Revenge of the Sith,2005-05-17,2005,113000000.0,850000000,140.0,13.165421,60,15,11,1,0,0,0,0,1,0,0,1,0,1,0,0,0
The Grass Is Greener,1960-12-23,1960,,6000000,104.0,4.074783,7,3,3,0,1,1,1,0,0,1,0,0,0,0,0,0,0
The Order,2003-09-05,2003,35000000.0,11560806,102.0,5.370818,10,85,15,0,0,1,0,1,0,1,0,0,1,0,0,1,1
Sweet Home Alabama,2002-09-26,2002,30000000.0,180622424,108.0,8.587129,16,35,5,0,0,0,1,0,0,1,0,0,0,0,0,0,0
Kill the Messenger,2014-10-09,2014,5000000.0,2450846,112.0,13.524048,17,9,1,0,0,1,0,1,0,0,1,0,0,0,0,0,1
The Hunger,1983-04-29,1983,,5979292,97.0,13.235179,18,10,5,0,1,0,0,1,0,1,0,0,1,0,0,0,0
Tere Naam,2003-08-15,2003,1.0,2,132.0,1.280455,6,2,0,0,0,0,0,1,0,1,0,0,0,0,0,0,0
Mr. Baseball,1992-10-01,1992,,20000000,108.0,11.950477,58,9,2,0,1,0,1,0,0,1,0,0,0,0,0,0,0
Life of Crime,2013-09-14,2013,12000000.0,265452,94.0,17.788579,27,36,2,0,0,0,1,0,0,0,1,0,0,0,0,0,0
Beasts of No Nation,2015-09-11,2015,6000000.0,9077700,137.0,11.732546,19,23,3,0,0,1,0,0,0,0,0,0,0,0,0,0,0
Ride Along 2,2016-01-14,2016,40000000.0,124827316,102.0,9.420931,72,23,6,1,0,0,1,0,1,0,0,0,0,0,0,0,0
Little Shop of Horrors,1986-12-19,1986,25000000.0,38748395,94.0,7.409179,17,15,27,0,0,0,1,0,0,0,0,0,1,0,0,0,0
The Visit,2015-09-10,2015,5000000.0,98450062,94.0,15.021058,22,26,15,0,0,0,0,1,0,0,0,0,1,0,0,0,0
American Pie,1999-07-09,1999,11000000.0,235483004,95.0,18.344227,43,86,14,1,0,0,1,0,0,1,0,0,0,0,0,0,0
Beyond the Mat,1999-10-22,1999,2053648.0,500000,102.0,2.691433,15,5,5,0,0,0,0,0,0,0,0,0,0,0,0,0,0
The Good Shepherd,2006-12-11,2006,85000000.0,59908565,167.0,11.057536,18,7,19,0,0,1,0,1,0,0,0,0,0,0,0,0,0
Rear Window,1954-08-01,1954,1000000.0,36764313,112.0,17.911314,20,16,10,0,0,1,0,1,0,0,0,0,0,0,0,0,1
The Buddy Holly Story,1978-05-18,1978,1200000.0,14363400,113.0,2.017413,19,3,7,0,0,1,0,0,0,0,0,0,0,0,0,0,0
The Pretty One,2014-02-07,2014,,13769,90.0,9.197511,17,16,1,0,1,1,1,0,0,0,0,0,0,0,0,0,0
The Expendables 3,2014-08-04,2014,90000000.0,206172544,127.0,14.753545,31,85,8,1,0,0,0,1,1,0,0,1,0,0,0,0,0
Elmer Gantry,1960-06-19,1960,3000000.0,10400000,146.0,6.409512,14,8,2,0,0,1,0,0,0,0,0,0,0,0,0,0,0
Hysteria,2011-06-06,2011,,9504139,100.0,14.331454,17,34,17,0,1,0,1,0,0,1,0,0,0,0,0,0,0
Mrs. Soffel,1984-12-26,1984,,4385312,112.0,1.893822,11,10,4,0,1,1,0,0,0,1,0,0,0,0,0,0,0
Eight Below,2006-02-17,2006,40000000.0,120455994,120.0,13.876881,7,12,5,0,0,1,0,0,0,0,0,1,0,0,1,0,0
The Great Raid,2005-08-12,2005,80000000.0,10166502,132.0,14.987902,56,116,10,0,0,0,0,0,1,0,0,0,0,0,0,0,0
The Rose,1979-11-07,1979,9250000.0,29174648,125.0,2.132964,12,20,3,0,0,1,0,0,0,1,0,0,0,0,0,0,0
Fair Game,2010-05-20,2010,22000000.0,24188922,108.0,6.303785,18,3,5,0,0,1,0,1,0,0,0,0,0,0,0,0,0
CB4,1993-03-12,1993,,17953778,89.0,11.449373,14,11,9,0,1,0,1,0,0,0,0,0,0,0,0,0,0
City of Joy,1992-04-15,1992,27000000.0,14683921,132.0,1.408176,6,3,5,0,0,1,0,0,0,0,0,0,0,0,0,0,0
FernGully: The Last Rainforest,1992-04-10,1992,,32710894,76.0,7.477944,20,22,0,1,1,0,0,0,0,0,0,0,0,1,1,1,0
[REC]⁴ Apocalypse,2014-09-09,2014,,190000,95.0,7.328242,13,13,5,1,1,0,0,1,0,0,0,0,1,0,0,0,0
A Better Tomorrow,1986-08-02,1986,,4469460,95.0,9.488593,16,9,11,1,1,1,0,0,1,0,1,0,0,0,0,0,0
The Mudge Boy,2003-01-17,2003,800000.0,62852,94.0,7.137026,6,2,8,0,0,1,0,0,0,0,0,0,0,0,0,0,0
High Spirits,1988-11-18,1988,,7399763,99.0,5.007836,10,13,2,0,1,0,1,0,0,0,0,0,1,0,0,1,0
Money for Nothing,1993-09-10,1993,11000000.0,1044824,100.0,4.08938,14,4,0,0,0,1,1,1,1,0,1,0,0,0,0,0,0
The Twilight Saga: New Moon,2009-03-15,2009,50000000.0,709827462,130.0,30.121292,37,26,5,1,0,1,0,0,0,1,0,1,0,0,0,1,0
Run All Night,2015-03-11,2015,50000000.0,71561644,114.0,16.838145,18,60,5,0,0,1,0,1,1,0,1,0,0,0,0,0,1
Barbara,2012-03-08,2012,,4129250,105.0,4.912681,12,29,7,0,1,1,0,0,0,0,0,0,0,0,0,0,0
Knocked Up,2007-06-01,2007,30000000.0,219076518,129.0,9.058516,37,17,10,0,0,1,1,0,0,1,0,0,0,0,0,0,0
Rough Cut,1980-06-19,1980,14000000.0,16656125,112.0,0.825638,12,15,3,0,0,0,1,0,0,1,1,1,0,0,0,0,1
Rio 2,2014-03-19,2014,103000000.0,500188435,102.0,8.18534,21,22,6,1,0,0,1,0,0,0,0,1,0,0,1,0,0
The Double Life of Veronique,1991-05-15,1991,,1999955,97.0,9.661817,21,24,11,0,1,1,0,1,0,0,0,0,0,0,0,0,0
Guess Who's Coming to Dinner,1967-12-11,1967,4000000.0,56666667,108.0,5.032469,18,25,12,0,0,1,1,0,0,1,0,0,0,0,0,0,0
"The Adventures of Priscilla, Queen of the Desert",1994-05-31,1994,,11220670,104.0,8.328596,6,8,8,0,1,1,1,0,0,0,0,0,0,0,0,0,0
Sympathy for Mr. Vengeance,2002-03-29,2002,4000000.0,1954937,121.0,6.314697,8,14,3,1,0,1,0,1,1,0,0,0,0,0,0,0,0
Zootopia,2016-02-11,2016,150000000.0,1023784195,108.0,26.024868,41,42,14,0,0,0,1,0,0,0,0,1,0,0,1,0,0
Honey I Blew Up the Kid,1992-07-16,1992,40000000.0,58662452,89.0,12.337898,8,15,4,1,0,0,1,0,0,0,0,1,0,1,1,0,0
Quo Vadis,1951-11-08,1951,8250000.0,30000000,171.0,11.840985,76,11,3,0,0,1,0,0,0,1,0,0,0,0,0,0,0
Permanent Record,1988-04-22,1988,8000000.0,1893139,91.0,1.194377,15,44,4,0,0,1,0,0,0,0,0,0,0,0,0,0,0
Snowden,2016-09-15,2016,40000000.0,37279439,134.0,14.384554,39,67,5,0,0,1,0,1,0,0,0,0,0,0,0,0,0
Sin City,2005-04-01,2005,40000000.0,158733820,124.0,15.010525,52,99,12,1,0,0,0,1,1,0,1,0,0,0,0,0,0
Blind Fury,1989-08-17,1989,,2692037,86.0,6.617717,50,30,5,0,1,0,0,1,1,0,0,0,0,0,0,0,0
And You Thought Your Parents Were Weird!,1991-11-15,1991,,402539,92.0,0.000578,9,2,4,0,1,0,0,0,0,0,0,0,0,1,1,0,0
Four Lions,2010-05-07,2010,967686.0,4270000,101.0,11.934045,20,13,2,0,0,1,1,0,0,0,1,0,0,0,0,0,0
Furry Vengeance,2010-04-02,2010,35000000.0,39340177,92.0,10.794556,16,11,7,0,0,0,1,0,0,0,0,0,0,0,0,0,0
48 Hrs.,1982-12-07,1982,12000000.0,78868508,96.0,15.297121,55,15,5,1,0,1,1,1,1,0,1,0,0,0,0,0,0
The Diving Bell and the Butterfly,2007-05-22,2007,14000000.0,19777647,112.0,11.090265,23,19,9,0,0,1,0,0,0,0,0,0,0,0,0,0,0
The Signal,2007-02-22,2007,50000.0,249905,103.0,11.329733,10,3,1,0,0,0,0,1,1,0,0,0,1,1,0,0,0
We Are Your Friends,2015-08-26,2015,6000000.0,11122090,96.0,9.023686,29,7,1,0,0,1,0,0,0,1,0,0,0,0,0,0,0
Cirque du Soleil: Worlds Away,2012-11-09,2012,,34153101,91.0,4.725759,7,11,6,1,1,0,0,0,0,0,0,0,0,0,1,1,0
Never Been Kissed,1999-04-09,1999,25000000.0,84565230,107.0,7.257679,23,9,16,0,0,1,1,0,0,1,0,0,0,0,0,0,0
Fever Pitch,2005-04-06,2005,30000000.0,50451307,103.0,6.734065,30,26,7,0,0,1,1,0,0,1,0,0,0,0,0,0,0
Rambo,2008-01-24,2008,50000000.0,113244290,92.0,9.91556,19,32,13,1,0,0,0,1,1,0,0,0,0,0,0,0,0
Lenny Bruce: Swear to Tell the Truth,1998-10-21,1998,,21350,100.0,0.358968,4,3,4,0,1,0,1,0,0,0,0,0,0,0,0,0,0
The Blue Lagoon,1980-07-05,1980,4500000.0,58853106,104.0,11.578578,13,6,10,1,0,1,0,0,0,1,0,1,0,0,0,0,0
The Virgin Suicides,1999-04-21,1999,6000000.0,10409377,97.0,10.505387,20,19,5,0,0,1,0,0,0,1,0,0,0,0,0,0,0
American Pop,1981-02-13,1981,,6000000,96.0,2.340967,11,3,15,0,1,0,0,0,0,0,0,0,0,0,0,0,0
Crime Story,1993-06-24,1993,,194720,103.0,6.188664,16,18,3,0,1,1,0,1,1,0,1,0,0,0,0,0,0
Four Christmases,2008-11-26,2008,80000000.0,163733697,88.0,7.210383,25,20,4,0,0,1,1,0,0,1,0,0,0,0,0,0,0
Lolo,2015-09-03,2015,,24134,99.0,6.117335,15,11,7,0,1,0,1,0,0,0,0,0,0,0,0,0,0
In the Valley of Elah,2007-08-31,2007,23000000.0,29541790,124.0,9.604552,42,58,12,0,0,1,0,1,0,0,1,0,0,0,0,0,1
Thank You for Smoking,2005-09-05,2005,6500000.0,24793509,92.0,9.369527,45,112,32,0,0,1,1,0,0,0,0,0,0,0,0,0,0
Walk of Shame,2014-05-02,2014,15000000.0,59209,95.0,7.844705,20,13,6,0,0,0,1,0,0,0,0,0,0,0,0,0,0
The Lives of Others,2006-03-15,2006,2000000.0,70000000,137.0,9.02255,34,43,25,0,0,1,0,1,0,0,0,0,0,0,0,0,0
World War Z,2013-06-20,2013,200000000.0,531865000,116.0,26.114917,22,31,6,1,0,1,0,1,1,0,0,0,1,1,0,0,0
Scandal,1989-03-03,1989,,8800000,115.0,2.132858,29,15,7,0,1,1,0,0,0,1,0,0,0,0,0,0,0
Point Break,2015-12-03,2015,105000000.0,133718711,114.0,7.291872,14,144,5,0,0,0,0,1,1,0,1,0,0,0,0,0,0
Big Miracle,2012-02-02,2012,40000000.0,24719215,107.0,6.159379,38,10,6,0,0,1,0,0,0,1,0,1,0,0,0,0,0
Superbad,2007-08-17,2007,20000000.0,121463226,113.0,16.205105,54,16,4,0,0,0,1,0,0,0,0,0,0,0,0,0,0
Love Is Strange,2014-02-07,2014,,2262223,98.0,6.15698,6,13,4,0,1,1,0,0,0,0,0,0,0,0,0,0,0
Red Scorpion,1988-12-24,1988,16000000.0,4192440,105.0,2.549325,8,9,9,0,0,0,0,0,1,0,0,0,0,0,0,0,0
Free State of Jones,2016-06-24,2016,50000000.0,25035950,139.0,10.223582,39,71,2,0,0,1,0,1,1,0,0,0,0,0,0,0,0
Kaminey,2009-08-14,2009,9000000.0,18130000,135.0,2.089842,4,5,1,0,0,1,0,0,1,0,1,0,0,0,0,0,0
Inventing the Abbotts,1997-04-04,1997,,5926128,110.0,5.063701,17,26,5,0,1,1,0,0,0,1,0,0,0,0,0,0,0
Live Nude Girls Unite!,2000-10-06,2000,,48752,75.0,0.001272,0,2,7,0,1,0,0,0,0,0,0,0,0,0,0,0,0
13,2010-03-12,2010,,3317662,97.0,14.67986,11,55,2,0,1,1,0,1,0,0,0,0,0,0,0,0,0
Born to Be Wild,2011-04-08,2011,,7732325,40.0,2.92387,3,11,8,0,1,0,0,0,0,0,0,0,0,0,0,0,0
Australia,2008-11-18,2008,130000000.0,49554002,165.0,9.566135,45,101,11,0,0,1,0,0,0,0,0,0,0,0,0,0,0
The Great Wall,2016-12-16,2016,150000000.0,331957105,103.0,15.884744,18,99,11,0,0,0,0,0,1,0,0,1,0,0,0,1,0
Nocturnal Animals,2016-11-04,2016,22500000.0,29252978,116.0,18.908782,63,121,12,0,0,1,0,1,0,0,0,0,0,0,0,0,0
"Definitely, Maybe",2008-02-08,2008,,55447968,112.0,12.553657,15,28,14,0,1,0,1,0,0,1,0,0,0,0,0,0,0
Table 19,2017-01-20,2017,5000000.0,3305592,87.0,8.645067,22,59,6,0,0,1,1,0,0,0,0,0,0,0,0,0,0
I Saw the Light,2016-02-05,2016,13000000.0,1646788,123.0,4.654312,40,57,4,0,0,1,0,0,0,0,0,0,0,0,0,0,0
Back to the Future Part II,1989-11-20,1989,40000000.0,332000000,108.0,13.689855,55,29,17,1,0,0,1,0,0,0,0,1,0,1,1,0,0
Prelude to a Kiss,1992-07-10,1992,,22697691,105.0,4.582718,27,32,2,0,1,1,1,0,0,1,0,0,0,0,0,0,0
Undercover Blues,1993-09-10,1993,,12416686,90.0,2.614785,7,8,5,0,1,0,1,0,0,0,1,0,0,0,0,0,0
"Bodies, Rest & Motion",1993-01-10,1993,2500000.0,764083,95.0,2.296734,6,2,7,0,0,1,0,0,0,1,0,0,0,0,0,0,0
A Cinderella Story,2004-07-10,2004,19000000.0,70067909,95.0,8.385361,67,31,13,1,0,0,1,0,0,0,0,0,0,0,0,0,0
Battle in Heaven,2005-05-15,2005,1601792.0,253527,96.0,2.329513,15,4,3,0,0,1,0,0,0,0,0,0,0,0,0,0,0
Meru,2015-01-25,2015,,2334228,89.0,3.457153,4,3,7,0,1,0,0,0,0,0,0,1,0,0,0,0,0
The Flowers of War,2011-12-15,2011,94000000.0,95311434,145.0,6.587711,8,45,2,0,0,1,0,0,0,0,0,0,0,0,0,0,0
Vanishing Point,1971-01-15,1971,1300000.0,72266306,99.0,5.184013,19,13,5,0,0,1,0,1,1,0,0,0,0,0,0,0,0
The Little Mermaid,1989-11-17,1989,40000000.0,222300000,83.0,17.496832,12,48,11,1,0,0,0,0,0,0,0,0,0,0,1,0,0
"Dude, Where’s My Car?",2000-12-15,2000,13000000.0,73180723,83.0,10.890236,15,122,15,0,0,0,1,0,0,0,0,0,0,0,0,0,0
Extreme Ops,2002-11-27,2002,40000000.0,10959475,93.0,2.947411,10,17,1,0,0,1,0,1,1,0,0,1,0,0,0,0,0
The Fighter,2010-12-17,2010,25000000.0,93617009,116.0,14.141837,72,61,11,0,0,1,0,0,0,0,0,0,0,0,0,0,0
Child's Play 3,1991-08-30,1991,13000000.0,20560255,90.0,24.515462,29,27,8,1,0,0,0,1,1,0,0,0,1,0,0,0,0
Welcome to Dongmakgol,2005-08-04,2005,8.0,33579813,133.0,4.222195,8,10,3,0,0,1,1,0,0,0,0,0,0,0,0,0,0
Ashby,2015-04-19,2015,,4631,102.0,5.159349,11,2,7,0,1,1,1,0,0,1,0,0,0,0,0,0,0
From Within,2009-03-31,2009,,66456,89.0,3.215954,27,41,0,0,1,0,0,1,0,0,0,0,1,0,0,0,1
The A-Team,2010-06-10,2010,110000000.0,177238796,117.0,16.747793,60,107,6,0,0,0,1,1,1,0,1,1,0,0,0,0,0
The Gift,2015-07-30,2015,5000000.0,58978653,108.0,8.585856,19,44,5,0,0,0,0,1,0,0,0,0,0,0,0,0,1
Love & Friendship,2016-05-27,2016,3000000.0,14016568,94.0,12.822085,22,15,4,0,0,1,1,0,0,1,0,0,0,0,0,0,0
The Extra Man,2010-08-01,2010,7000000.0,453079,108.0,3.18614,16,19,2,0,0,0,1,0,0,0,0,0,0,0,0,0,0
Robin Hood,1973-11-08,1973,15000000.0,32056467,83.0,11.179855,15,15,13,0,0,0,0,0,0,0,0,0,0,0,1,0,0
The Jungle Book 2,2003-02-07,2003,20000000.0,135680000,72.0,10.605851,9,10,14,1,0,0,0,0,0,0,0,1,0,0,1,0,0
Red Lights,2012-03-02,2012,14000000.0,13551174,119.0,11.535478,18,8,3,0,0,0,0,1,0,0,0,0,0,0,0,0,0
Super Troopers,2001-01-18,2001,3000000.0,18492362,100.0,7.351028,16,6,12,1,0,0,1,0,0,0,1,0,0,0,0,0,1
Once Upon a Time in Anatolia,2011-09-23,2011,,138730,150.0,4.433261,24,23,6,0,1,1,0,0,0,0,1,0,0,0,0,0,0
A Field in England,2013-07-05,2013,,32846,90.0,13.567726,6,26,3,0,1,1,0,1,0,0,0,0,0,0,0,0,0
Inferno,2016-10-13,2016,75000000.0,220021259,121.0,18.311054,17,29,9,1,0,0,0,1,0,0,0,0,0,0,0,0,0
Notting Hill,1999-05-13,1999,42000000.0,363889678,124.0,9.874043,27,11,15,0,0,1,1,0,0,1,0,0,0,0,0,0,0
American Flyers,1985-08-16,1985,,1400000,113.0,5.50751,4,2,4,0,1,1,0,0,0,0,0,0,0,0,0,0,0
Rush Hour,1998-09-18,1998,33000000.0,244386864,98.0,11.840557,22,17,7,1,0,0,1,1,1,0,1,0,0,0,0,0,0
Flicka,2006-10-20,2006,15000000.0,21000000,95.0,3.94159,8,3,1,0,0,1,0,0,0,0,0,0,0,0,0,0,0
Escape from L.A.,1996-08-09,1996,50000000.0,42277365,97.0,12.229381,17,33,7,1,0,0,0,1,1,0,0,1,0,1,0,0,0
A History of Violence,2005-09-23,2005,32000000.0,60740827,96.0,11.119707,15,35,16,0,0,1,0,1,0,0,1,0,0,0,0,0,0
Happy Gilmore,1996-02-16,1996,12000000.0,41205099,92.0,9.592265,17,10,5,0,0,0,1,0,0,0,0,0,0,0,0,0,0
The Legend of Boggy Creek,1972-08-01,1972,100000.0,22000000,90.0,1.522753,5,9,8,0,0,1,0,0,0,0,0,0,1,0,0,0,1
Alvin and the Chipmunks: The Road Chip,2015-12-17,2015,,233755553,92.0,14.307672,27,12,5,1,1,0,1,0,0,0,0,1,0,0,1,0,0
Sidewalks of New York,2001-11-23,2001,1000000.0,2402459,107.0,2.678923,8,8,1,0,0,1,1,0,0,1,0,0,0,0,0,0,0
The Sacrament,2013-09-02,2013,4000000.0,9221,99.0,5.350658,23,37,12,0,0,0,0,1,0,0,0,0,1,0,0,0,1
Swing Time,1936-08-27,1936,886000.0,2600000,103.0,6.507597,9,16,2,0,0,0,1,0,0,1,0,0,0,0,0,0,0
Shall We Dance?,2004-10-15,2004,50000000.0,170128460,107.0,9.082538,18,13,3,0,0,1,1,0,0,1,0,0,0,0,0,0,0
Premature Burial,1962-03-07,1962,,1250000,81.0,9.555852,9,13,6,0,1,1,0,0,0,0,0,0,1,0,0,0,1
Home on the Range,2004-04-02,2004,110000000.0,103951461,76.0,8.555544,21,76,3,0,0,0,0,0,0,0,0,0,0,0,1,0,0
Before Sunset,2004-02-10,2004,2700000.0,15992615,80.0,7.048957,10,15,9,1,0,1,0,0,0,1,0,0,0,0,0,0,0
The Grandmaster,2013-01-08,2013,3860000.0,64076736,130.0,8.959821,14,10,4,0,0,1,0,0,1,0,0,0,0,0,0,0,0
Monkey King: Hero Is Back,2015-07-10,2015,10000000.0,150000000,89.0,3.759301,9,2,0,0,0,0,1,0,0,0,0,0,0,0,0,1,0
Gigli,2003-08-01,2003,54000000.0,7266209,121.0,11.415316,18,27,8,0,0,1,0,0,0,0,0,0,0,0,0,0,0
Peter and Vandy,2009-01-01,2009,500000.0,11276,78.0,0.892007,5,2,0,0,0,1,1,0,0,1,0,0,0,0,0,0,0
A Star Is Born,1976-12-16,1976,6000000.0,161000000,139.0,2.447359,10,18,3,0,0,1,0,0,0,1,0,0,0,0,0,0,0
Two Lovers,2008-11-19,2008,12000000.0,3148182,110.0,8.032616,47,14,2,0,0,1,0,0,0,1,0,0,0,0,0,0,0
Batman Begins,2005-06-10,2005,150000000.0,374218673,140.0,28.505341,113,137,27,1,0,1,0,0,1,0,1,0,0,0,0,0,0
Taxi 3,2003-01-29,2003,14500000.0,65497208,82.0,5.892859,33,7,4,1,0,0,1,0,1,0,0,0,0,0,0,0,0
Larry Crowne,2011-06-30,2011,30000000.0,36160375,98.0,10.778028,17,22,10,0,0,1,1,0,0,1,0,0,0,0,0,0,0
The Fourth War,1990-03-08,1990,,1305887,91.0,0.91273,5,2,5,0,1,1,0,1,0,0,0,0,0,0,0,0,0
Just Wright,2010-05-14,2010,,21520719,100.0,8.870325,10,15,1,0,1,1,1,0,0,1,0,0,0,0,0,0,0
Mad Max: Fury Road,2015-05-13,2015,150000000.0,378858340,120.0,29.36178,60,76,11,1,0,0,0,1,1,0,0,1,0,1,0,0,0
Hollywoodland,2006-08-31,2006,,16803753,126.0,7.464981,8,3,8,0,1,1,0,1,0,0,1,0,0,0,0,0,0
Bad Dreams,1988-04-08,1988,4000000.0,9797098,86.0,5.296777,13,21,0,0,0,0,0,1,0,0,0,0,1,0,0,0,0
Neerja,2016-02-19,2016,10721568.0,2978994,122.0,1.68625,9,19,4,0,0,1,0,0,0,0,0,0,0,0,0,0,0
Material Girls,2006-08-18,2006,,11449638,97.0,4.581577,21,30,5,0,1,0,1,0,0,0,0,0,0,0,0,0,0
Me Myself I,2000-04-20,2000,,369975,104.0,0.727837,10,2,0,0,1,0,1,0,0,1,0,0,0,0,0,0,0
Khumba,2013-07-18,2013,20000000.0,27187375,85.0,5.219667,22,3,2,0,0,0,0,0,0,0,0,1,0,0,1,0,0
Dracula,1931-02-12,1931,355000.0,1012189,72.0,7.503126,26,14,13,1,0,0,0,0,0,0,0,0,1,0,0,0,0
The Godfather: Part III,1990-12-24,1990,54000000.0,136766062,162.0,17.185349,38,24,11,1,0,1,0,1,0,0,1,0,0,0,0,0,0
Gold,2016-12-22,2016,20000000.0,7227038,120.0,16.01076,96,84,12,0,0,1,0,1,0,0,0,1,0,0,0,0,0
One Night Stand,1997-11-14,1997,24000000.0,2642983,102.0,2.818802,8,16,7,0,0,1,0,0,0,0,0,0,0,0,0,0,0
Raanjhanaa,2013-06-21,2013,6400000.0,18000000,140.0,1.856101,16,19,4,0,0,1,0,0,0,1,0,0,0,0,0,0,0
Modern Times,1936-02-05,1936,1.0,8500000,87.0,8.159556,36,20,10,0,0,1,1,0,0,0,0,0,0,0,0,0,0
The Last King of Scotland,2006-09-01,2006,6000000.0,48027970,121.0,9.424157,16,38,11,0,0,1,0,0,0,0,0,0,0,0,0,0,0
Big Bully,1996-01-26,1996,15000000.0,2042530,90.0,2.936443,7,3,1,0,0,0,1,0,0,0,0,0,0,0,1,0,0
The Secret Scripture,2016-11-04,2016,,152761,108.0,13.177741,26,6,4,0,1,1,0,0,0,0,0,0,0,0,0,0,0
Gung Ho,1986-03-13,1986,,36611610,111.0,6.853782,21,4,11,0,1,1,1,0,0,0,0,0,0,0,0,0,0
FC Venus,2005-12-30,2005,2196531.0,2411594,107.0,0.947509,6,3,3,0,0,0,1,0,0,1,0,0,0,0,0,0,0
More Than a Game,2008-09-06,2008,,887029,105.0,1.199003,5,10,4,0,1,0,0,0,0,0,0,0,0,0,0,0,0
Sylvia,2003-10-17,2003,7000000.0,10000000,109.0,11.37237,13,14,10,0,0,1,0,0,0,1,0,0,0,0,0,0,0
Ice Age,2002-03-10,2002,59000000.0,383257136,81.0,17.328902,18,58,16,1,0,0,1,0,0,0,0,1,0,0,1,0,0
The Lazarus Project,2008-10-21,2008,9750000.0,558000,99.0,11.387338,32,80,6,0,0,1,0,1,0,0,0,0,0,0,0,0,0
Dead Ringers,1988-09-23,1988,13000000.0,8038508,115.0,5.53202,18,22,21,0,0,1,0,1,0,0,0,0,1,0,0,0,0
Out Cold,2001-11-21,2001,24000000.0,14782676,89.0,4.197544,11,5,15,0,0,0,1,0,0,0,0,0,0,0,0,0,0
Evil Dead,2013-04-05,2013,17000000.0,97542952,91.0,12.01525,14,51,4,0,0,0,0,0,0,0,0,0,1,0,0,0,0
"Hey, Boo: Harper Lee & To Kill a Mockingbird",2011-05-13,2011,,26488,82.0,0.007294,12,11,1,0,1,0,0,0,0,0,0,0,0,0,0,0,0
He Named Me Malala,2015-09-12,2015,,2642899,87.0,2.20137,6,11,4,0,1,0,0,0,0,0,0,0,0,0,0,0,0
Wassup Rockers,2005-09-12,2005,,634074,111.0,1.489895,18,15,1,0,1,1,0,0,0,0,0,0,0,0,0,0,0
Goya's Ghosts,2006-11-08,2006,50000000.0,9448082,114.0,5.91265,14,5,8,0,0,1,0,0,0,0,0,0,0,0,0,0,0
Never on Sunday,1960-05-24,1960,151000.0,8000000,91.0,1.879162,12,4,2,0,0,1,1,0,0,1,0,0,0,0,0,0,0
Close My Eyes,1991-11-22,1991,,135893,109.0,1.404434,19,8,13,0,1,1,0,0,0,1,0,0,0,0,0,0,0
Cinderella Man,2005-06-02,2005,88000000.0,108539911,144.0,6.363884,68,45,15,0,0,1,0,0,0,1,0,0,0,0,0,0,0
Tristan & Isolde,2006-04-07,2006,31000000.0,28000000,125.0,15.672195,35,32,9,0,0,1,0,0,0,0,0,0,0,0,0,0,0
Battle for Terra,2007-09-06,2007,4000000.0,6101046,85.0,6.737142,31,3,9,0,0,0,0,0,1,0,0,1,0,1,0,0,0
Rabbit Without Ears 2,2009-11-24,2009,,48720000,124.0,6.065049,15,2,0,1,1,0,1,0,0,1,0,0,0,0,0,0,0
Illegal Tender,2007-08-24,2007,,3106835,108.0,1.689926,8,4,0,0,1,1,0,1,1,0,1,0,0,0,0,0,0
The Scarlet Letter,1995-10-13,1995,50000000.0,10382407,135.0,6.752119,11,10,6,0,0,1,0,0,0,1,0,0,0,0,0,0,0
Mama,2013-01-17,2013,15000000.0,146497771,100.0,16.018525,7,14,1,0,0,0,0,0,0,0,0,0,1,0,0,0,0
Breakdown,1997-05-02,1997,36000000.0,50159144,95.0,7.926621,15,16,21,0,0,1,0,1,1,0,0,0,0,0,0,0,0
White Nights,1985-11-22,1985,,42160849,136.0,3.043177,15,2,4,0,1,1,0,1,0,0,0,0,0,0,0,0,0
Dream House,2011-09-30,2011,50000000.0,38502340,84.0,9.995617,20,85,3,0,0,1,0,1,0,0,0,0,0,0,0,0,1
Major League: Back to the Minors,1998-04-17,1998,,3572443,107.0,8.207548,16,17,6,1,1,0,1,0,0,0,0,0,0,0,0,0,0
21 & Over,2013-03-01,2013,13000000.0,48065672,93.0,11.29356,13,26,3,0,0,0,1,0,0,0,0,0,0,0,0,0,0
Coriolanus,2011-02-14,2011,7700000.0,1072602,123.0,6.914615,14,55,11,0,0,1,0,1,0,0,0,0,0,0,0,0,0
Alice in Wonderland,2010-03-03,2010,200000000.0,1025491110,108.0,17.285093,35,24,7,1,0,0,0,0,0,0,0,1,0,0,1,1,0
Ghost Rider: Spirit of Vengeance,2011-12-10,2011,57000000.0,149217355,95.0,9.421301,11,35,10,1,0,0,0,1,1,0,0,0,0,0,0,1,0
The Grey,2012-01-26,2012,25000000.0,77278331,117.0,14.31675,16,56,22,0,0,1,0,1,1,0,0,0,0,0,0,0,0
Ivan Tsarevich & the Grey Wolf 2,2013-12-26,2013,,18315000,85.0,2.115609,5,3,0,1,1,0,0,0,0,0,0,1,0,0,1,0,0
Revenge of the Pink Panther,1978-07-19,1978,,49579269,104.0,6.970037,16,10,1,1,1,0,1,1,1,0,1,0,0,0,0,0,0
Thy Womb,2012-12-24,2012,,306,100.0,0.223633,4,3,0,0,1,1,0,0,0,0,0,0,0,0,0,0,0
Milk,2008-11-26,2008,20000000.0,54586584,128.0,10.680121,13,6,13,0,0,1,0,0,0,0,0,0,0,0,0,0,0
My Big Fat Greek Wedding,2002-02-22,2002,5000000.0,368744044,95.0,6.719949,16,9,17,1,0,1,1,0,0,1,0,0,0,0,0,0,0
Long Time Dead,2002-01-18,2002,,13102295,94.0,1.818561,23,59,4,0,1,0,0,1,0,0,0,0,1,0,0,0,0
Dead Bang,1989-03-24,1989,,8125592,105.0,1.698895,6,11,4,0,1,1,0,1,1,0,0,1,0,0,0,0,0
Howard the Duck,1986-08-01,1986,37000000.0,37962774,110.0,10.722672,10,11,6,0,0,0,1,0,0,0,0,0,0,1,0,1,0
Buck,2011-06-17,2011,,386749,89.0,2.564695,3,1,5,0,1,0,0,0,0,0,0,0,0,0,0,0,0
Brokedown Palace,1999-08-13,1999,25000000.0,13000000,100.0,6.570918,14,4,5,0,0,1,0,1,0,0,0,0,0,0,0,0,0
Don't Say a Word,2001-09-28,2001,50000000.0,100020092,113.0,6.824871,16,107,5,0,0,0,0,1,0,0,0,0,0,0,0,0,0
Gray Lady Down,1978-03-10,1978,,5438927,111.0,3.507084,17,13,8,0,1,1,0,1,0,0,0,1,0,0,0,0,0
Step Up,2006-08-11,2006,12000000.0,114194847,104.0,14.21769,114,30,6,1,0,1,0,0,0,1,1,0,0,0,0,0,0
Ladyhawke,1985-03-27,1985,20000000.0,18432000,121.0,8.157587,15,19,9,0,0,1,0,0,0,1,0,1,0,0,0,1,0
Everyone's Hero,2006-09-15,2006,,16627188,88.0,5.787334,35,36,4,0,1,1,1,0,1,0,0,1,0,0,1,0,0
Sivaji: The Boss,2007-06-14,2007,12000000.0,19000000,185.0,1.323587,24,17,3,0,0,1,1,0,1,0,0,0,0,0,0,0,0
The Cold Light of Day,2012-04-04,2012,20000000.0,16863583,93.0,11.112153,22,20,3,0,0,0,0,1,1,0,0,0,0,0,0,0,0
The Missing Picture,2014-03-19,2014,,52164,95.0,1.568839,1,3,5,0,1,0,0,0,0,0,0,0,0,0,0,0,0
Indiana Jones and the Kingdom of the Crystal Skull,2008-05-21,2008,185000000.0,786636033,122.0,12.577266,38,14,16,1,0,0,0,0,1,0,0,1,0,0,0,0,0
Tank,1984-03-16,1984,,14134877,113.0,1.833948,12,4,5,0,1,1,1,1,1,0,0,1,0,0,0,0,0
Fun with Dick and Jane,2005-12-21,2005,100000000.0,202026112,90.0,13.473381,15,38,14,0,0,0,1,0,0,0,0,0,0,0,0,0,0
When Harry Met Sally...,1989-07-21,1989,16000000.0,92823546,96.0,8.34322,16,18,7,0,0,1,1,0,0,1,0,0,0,0,0,0,0
The Dark Knight Rises,2012-07-16,2012,250000000.0,1084939099,165.0,20.58258,0,0,21,1,0,1,0,1,1,0,1,0,0,0,0,0,0
Out of Africa,1985-12-20,1985,31000000.0,128499205,161.0,14.004074,17,21,3,0,0,1,0,0,0,0,0,0,0,0,0,0,0
Truth,2015-09-12,2015,9600000.0,2541554,121.0,6.133745,42,4,5,0,0,1,0,0,0,0,0,0,0,0,0,0,0
The Bay,2012-09-13,2012,,30668,84.0,6.770051,41,43,2,0,1,0,0,1,0,0,0,0,1,1,0,0,0
Moebius,2013-09-05,2013,,2340,89.0,4.333617,5,2,0,0,1,1,0,0,0,0,0,0,0,0,0,0,0
In the Forests of Siberia,2016-06-15,2016,3500000.0,1492523,105.0,1.333969,2,4,3,0,0,1,0,0,0,0,0,1,0,0,0,0,0
Man of Tai Chi,2013-07-04,2013,25000000.0,2054941,105.0,11.829231,13,2,5,0,0,1,0,0,1,0,0,0,0,0,0,0,0
Absolute Power,1997-02-14,1997,50000000.0,50068310,121.0,7.66124,11,18,11,0,0,1,0,1,0,0,1,0,0,0,0,0,0
Anthropoid,2016-08-12,2016,9000000.0,4600000,120.0,8.475983,26,35,9,0,0,0,0,1,0,0,0,0,0,0,0,0,0
Rurouni Kenshin,2012-08-25,2012,,61700000,134.0,7.916658,11,5,4,1,1,1,0,0,1,0,0,0,0,0,0,0,0
Go,1999-04-09,1999,6500000.0,28451622,98.0,8.344282,17,8,7,0,0,0,1,1,0,0,1,0,0,0,0,0,0
Cabin Boy,1994-01-07,1994,,3662459,80.0,1.679042,13,4,0,0,1,0,1,0,0,0,0,0,0,0,0,0,0
O Kadhal Kanmani,2015-04-17,2015,940000.0,5100000,138.0,0.739665,9,13,5,0,0,1,0,0,0,1,0,0,0,0,1,0,0
North Shore,1987-08-14,1987,,3832228,96.0,1.047417,7,5,1,0,1,1,0,0,1,1,0,0,0,0,0,0,0
Hello Mary Lou: Prom Night II,1987-11-13,1987,,2683519,97.0,5.383766,11,2,31,1,1,0,0,0,0,0,0,0,1,0,0,0,0
Halloween 5: The Revenge of Michael Myers,1989-10-12,1989,5000000.0,11642254,96.0,6.585405,19,12,16,1,0,0,0,1,0,0,0,0,1,0,0,0,0
A Goofy Movie,1995-04-07,1995,,35348597,78.0,10.177977,15,23,8,1,1,0,1,0,0,1,0,1,0,0,1,0,0
The Indian Runner,1991-05-19,1991,7000000.0,191125,127.0,7.218957,13,2,1,0,0,1,0,0,0,0,0,0,0,0,0,0,0
¿Quién mató a Bambi?,2013-11-15,2013,,850259,104.0,1.926826,21,15,6,0,1,0,1,0,0,0,0,0,0,0,0,0,0
Better Living Through Chemistry,2014-03-14,2014,5000000.0,75143,91.0,7.392294,10,6,3,0,0,1,1,0,0,0,0,0,0,0,0,0,0
8MM,1999-02-26,1999,40000000.0,96618699,123.0,7.473718,16,77,7,1,0,0,0,1,0,0,1,0,0,0,0,0,1
Jack the Giant Slayer,2013-02-27,2013,195000000.0,197687603,114.0,11.606061,46,108,2,0,0,0,0,0,1,0,0,0,0,0,1,1,0
Hammer of the Gods,2013-07-05,2013,,641,99.0,5.093586,10,9,1,0,1,0,0,0,1,0,0,1,0,0,0,0,0
Time Bandits,1981-07-13,1981,5000000.0,42365581,116.0,9.841623,37,16,12,0,0,0,1,0,0,0,0,1,0,1,1,1,0
Agent Cody Banks,2003-03-14,2003,28000000.0,58795814,102.0,10.445141,21,50,5,1,0,0,0,0,1,0,0,0,0,0,0,0,0
3 Braves,2015-05-21,2015,143149.0,645135,94.0,0.091951,16,9,0,0,0,0,0,0,0,0,0,1,0,0,1,0,0
Demolition Man,1993-10-08,1993,57000000.0,159055768,115.0,11.626116,22,124,25,0,0,0,0,0,1,0,1,0,0,1,0,0,0
Cowboys & Aliens,2011-07-29,2011,163000000.0,174822325,119.0,10.958669,23,127,11,0,0,0,0,1,1,0,0,0,0,1,0,0,0
John Wick: Chapter 2,2017-02-08,2017,40000000.0,171539887,122.0,49.247505,0,0,6,1,0,0,0,1,1,0,1,0,0,0,0,0,0
Hot Pursuit,1987-05-08,1987,,4215859,93.0,6.816276,10,3,5,0,1,0,1,0,0,0,0,0,0,0,0,0,0
Papanasam,2015-07-03,2015,,14000000,181.0,0.569463,16,16,4,0,1,1,0,1,0,0,1,0,0,0,1,0,0
Ip Man: The Final Fight,2013-03-22,2013,,37884,100.0,1.54105,45,10,1,0,1,1,0,0,1,0,0,0,0,0,0,0,0
Best Man Down,2012-10-20,2012,1500000.0,1938,90.0,5.875708,11,13,0,0,0,1,1,0,0,0,0,0,0,0,0,0,0
Mata Hari,1931-12-26,1931,558000.0,2227000,89.0,1.41344,16,11,2,0,0,1,0,1,1,1,0,0,0,0,0,0,0
Akeelah and the Bee,2006-04-28,2006,8000000.0,18948425,112.0,5.052049,29,30,3,0,0,1,0,0,0,0,0,0,0,0,0,0,0
Maleficent,2014-05-28,2014,180000000.0,758539785,97.0,19.467404,82,14,9,0,0,0,0,0,1,1,0,1,0,0,1,1,0
Locke,2014-04-10,2014,2000000.0,4635300,85.0,12.792394,12,27,12,0,0,1,0,1,0,0,0,0,0,0,0,0,0
Pokémon 4Ever: Celebi - Voice of the Forest,2001-07-06,2001,,28023563,75.0,6.080108,4,17,3,1,1,0,0,0,0,0,0,1,0,1,1,1,0
Tidal Wave,2009-06-06,2009,16000000.0,11301649,120.0,4.136356,13,13,15,0,0,1,0,1,1,0,0,1,0,0,0,0,0
Welcome Home Roscoe Jenkins,2008-02-08,2008,35000000.0,43650785,114.0,4.386145,12,2,1,0,0,1,1,0,0,0,0,0,0,0,0,0,0
The Tourist,2010-12-08,2010,100000000.0,278731369,103.0,12.845045,46,30,5,0,0,0,0,1,1,1,0,0,0,0,0,0,0
Oleanna,1994-11-04,1994,,124693,89.0,1.954153,2,12,0,0,1,1,0,0,0,0,0,0,0,0,0,0,0
Rambo: First Blood Part II,1985-05-21,1985,44000000.0,300400432,96.0,11.924462,19,26,20,1,0,0,0,1,1,0,0,1,0,0,0,0,0
Wise Guys,1986-04-17,1986,13000000.0,8475466,100.0,1.884204,18,13,3,0,0,0,1,0,0,0,1,0,0,0,0,0,0
Christopher Columbus: The Discovery,1992-08-21,1992,40000000.0,8251071,120.0,5.996407,8,5,2,0,0,0,0,0,1,0,0,0,0,0,0,0,0
Flipper,1996-05-17,1996,25530000.0,20080020,95.0,4.557006,7,2,4,0,0,0,0,0,0,0,0,1,0,0,1,0,0
Luv,1967-07-26,1967,,1000000,93.0,0.985785,6,10,0,0,1,0,1,0,0,1,0,0,0,0,0,0,0
To Rome with Love,2012-04-20,2012,17000000.0,73244881,111.0,7.812646,49,3,3,0,0,0,1,0,0,1,0,0,0,0,0,0,0
A Bigger Splash,2015-11-26,2015,,1982505,120.0,12.945544,8,20,5,0,1,1,0,1,0,0,1,0,0,0,0,0,1
Crooked Arrows,2012-05-18,2012,13000000.0,1832541,95.0,5.138409,8,3,2,0,0,1,0,0,0,0,0,0,0,0,0,0,0
The Wolfpack,2015-06-12,2015,,1301696,89.0,5.416273,11,17,5,0,1,0,0,0,0,0,0,0,0,0,0,0,0
The Card Player,2004-01-02,2004,2600000.0,1479042,103.0,3.501564,36,21,7,0,0,0,0,1,0,0,0,0,1,0,0,0,1
"Crazy, Stupid, Love.",2011-07-29,2011,50000000.0,142851197,118.0,10.246173,28,41,7,0,0,1,1,0,0,1,0,0,0,0,0,0,0
Batteries not Included,1987-12-18,1987,,65088797,106.0,11.492174,14,19,4,0,1,0,1,0,0,0,0,0,0,1,1,1,0
Fuck You Goethe 2,2015-09-10,2015,,83027924,115.0,9.221178,27,4,1,1,1,0,1,0,0,0,0,0,0,0,0,0,0
Harry Potter and the Half-Blood Prince,2009-07-07,2009,250000000.0,933959197,153.0,19.083723,49,27,8,1,0,0,0,0,0,0,0,1,0,0,1,1,0
Bad Boys,1995-04-07,1995,19000000.0,141407024,118.0,9.262184,32,20,23,1,0,0,1,1,1,0,1,0,0,0,0,0,0
The Monk,2011-07-12,2011,11000000.0,807535,101.0,8.888718,14,14,0,0,0,0,0,1,0,0,0,0,0,0,0,0,0
The Battle of Algiers,1966-09-08,1966,800000.0,921548,121.0,11.322173,8,30,12,0,0,1,0,0,0,0,0,0,0,0,0,0,0
Vegas Vacation,1997-02-13,1997,25000000.0,36400360,93.0,9.304901,15,8,4,1,0,0,1,0,0,0,0,0,0,0,0,0,0
Far from the Madding Crowd,2015-04-23,2015,,30229977,119.0,7.832484,23,69,3,0,1,1,0,0,0,1,0,0,0,0,0,0,0
Muriel's Wedding,1994-09-29,1994,3000000.0,15119639,106.0,5.254847,14,12,13,0,0,1,1,0,0,1,0,0,0,0,0,0,0
The Happening,2008-06-11,2008,60000000.0,163403799,91.0,6.22229,22,19,5,0,0,0,0,1,0,0,0,0,0,1,0,0,0
The Expendables,2010-08-03,2010,80000000.0,274470394,103.0,14.75562,22,111,13,1,0,0,0,1,1,0,0,1,0,0,0,0,0
Heropanti,2014-05-23,2014,4200000.0,10000000,146.0,2.031919,6,7,0,0,0,0,0,0,1,1,0,0,0,0,0,0,0
The Conjuring,2013-07-18,2013,13000000.0,318000141,112.0,14.90169,23,50,10,1,0,0,0,1,0,0,0,0,1,0,0,0,0
All the President's Men,1976-04-04,1976,8500000.0,70600000,138.0,12.421754,52,15,11,0,0,1,0,1,0,0,0,0,0,0,0,0,1
If I Stay,2014-08-21,2014,11000000.0,78874843,106.0,9.659244,43,22,8,0,0,1,0,0,0,0,0,0,0,0,0,0,0
Tron,1982-07-09,1982,17000000.0,33000000,96.0,16.574021,12,19,6,1,0,0,0,0,1,0,0,1,0,1,0,0,0
Alpha and Omega,2010-09-17,2010,20000000.0,39300000,88.0,8.16645,12,4,8,1,0,0,0,0,0,0,0,0,0,0,1,0,0
The Legend of Bagger Vance,2000-11-02,2000,80000000.0,39459427,126.0,9.034884,13,34,5,0,0,1,0,0,0,0,0,0,0,0,0,1,0
La peggior settimana della mia vita,2011-10-27,2011,11000000.0,12935800,104.0,5.010563,13,6,0,0,0,0,1,0,0,0,0,0,0,0,0,0,0
The Messenger: The Story of Joan of Arc,1999-10-18,1999,60000000.0,66976317,148.0,9.471838,32,14,10,0,0,1,0,0,1,0,0,1,0,0,0,0,0
Russkies,1987-11-06,1987,,2189047,99.0,1.184009,4,1,6,0,1,1,0,0,0,0,0,0,0,0,1,0,0
The Haunting,1999-07-23,1999,80000000.0,91188905,113.0,8.967638,21,108,22,0,0,0,0,1,0,0,0,0,1,0,0,1,1
The Broken Hearts Club: A Romantic Comedy,2000-02-01,2000,1000000.0,1744858,94.0,1.795849,15,7,8,0,0,1,1,0,0,1,0,0,0,0,0,0,0
To Steal from a Thief,2016-03-03,2016,6700000.0,12118661,96.0,4.987123,12,5,5,0,0,0,0,1,0,0,1,0,0,0,0,0,0
Flatliners,1990-08-09,1990,26000000.0,61489265,115.0,11.890138,19,24,6,0,0,1,0,1,0,0,0,0,1,1,0,0,0
Parker,2013-01-23,2013,35000000.0,46216641,118.0,13.963892,31,32,2,0,0,0,0,0,1,0,1,0,0,0,0,0,0
Crime After Crime,2011-07-01,2011,,58840,95.0,0.235518,7,11,0,0,1,0,0,0,0,0,1,0,0,0,0,0,0
Dad,1989-10-27,1989,19000000.0,19738015,117.0,2.727017,12,3,2,0,0,1,1,0,0,0,0,0,0,0,0,0,0
Hitchcock,2012-11-22,2012,,23570541,98.0,10.841495,15,54,6,0,1,1,0,0,0,0,0,0,0,0,0,0,0
Scent of a Woman,1992-12-23,1992,31000000.0,134095253,157.0,14.505987,43,48,11,0,0,1,0,0,0,0,0,0,0,0,0,0,0
Marci X,2003-08-22,2003,20000000.0,1675706,84.0,4.15656,5,4,0,0,0,0,1,0,0,0,0,0,0,0,0,0,0
Touching the Void,2003-09-05,2003,,13885802,106.0,7.594022,6,12,9,0,1,0,0,0,1,0,0,1,0,0,0,0,0
Difret,2014-01-19,2014,,49667,96.0,2.165608,5,17,5,0,1,1,0,0,0,0,0,0,0,0,0,0,0
Top Hat,1935-09-06,1935,609000.0,3202000,101.0,7.122093,8,20,10,0,0,0,1,0,0,1,0,0,0,0,0,0,0
Starman,1984-12-13,1984,22000000.0,28744356,115.0,9.763928,13,34,6,0,0,0,0,0,1,1,0,1,0,1,0,0,0
The Hard Way,1991-03-08,1991,,65595485,111.0,7.122938,13,33,4,0,1,0,1,0,1,0,1,0,0,0,0,0,0
Casshern,2004-04-24,2004,6000000.0,1530216,141.0,4.664474,8,11,6,0,0,1,0,0,0,0,0,0,1,1,0,0,0
Shin Godzilla,2016-07-29,2016,15000000.0,77000000,120.0,9.285519,49,27,6,0,0,1,0,0,1,0,0,1,1,1,0,0,0
Saw,2004-10-01,2004,1200000.0,103911669,103.0,23.508433,17,67,7,1,0,0,0,0,0,0,1,0,1,0,0,0,1
Daddy Day Care,2003-05-03,2003,60000000.0,164433867,92.0,6.504927,52,32,5,1,0,0,1,0,0,0,0,0,0,0,1,0,0
Day for Night,1973-05-24,1973,,17808,115.0,10.101183,22,17,8,0,1,1,1,0,0,0,0,0,0,0,0,0,0
Drop Dead Fred,1991-04-19,1991,6788000.0,13878334,103.0,7.88101,7,11,2,0,0,0,1,0,0,0,0,0,0,0,1,1,0
The Salvation,2014-05-22,2014,10500000.0,42070000,100.0,8.253705,47,16,7,0,0,1,0,0,0,0,0,0,0,0,0,0,0
To Die For,1995-05-20,1995,20000000.0,21284514,106.0,10.448481,14,16,6,0,0,1,1,1,0,0,0,0,0,0,0,1,0
A Love Song for Bobby Long,2004-09-02,2004,,1841260,119.0,5.185771,20,28,7,0,1,1,0,0,0,0,0,0,0,0,0,0,0
The Lunchbox,2013-09-19,2013,1000000.0,4235151,104.0,10.766409,9,8,0,0,0,1,0,0,0,1,0,0,0,0,0,0,0
The Bone Collector,1999-11-04,1999,73000000.0,151493655,118.0,8.884406,21,120,3,0,0,1,0,1,0,0,1,0,0,0,0,0,1
Zyzzyx Road,2006-02-25,2006,2000000.0,30,90.0,0.717595,9,10,1,0,0,0,0,1,0,0,0,0,0,0,0,0,0
Billy Gardell: Halftime,2011-02-05,2011,,60,60.0,0.007877,1,8,0,0,1,0,1,0,0,0,0,0,0,0,0,0,0
Friday the 13th Part VI: Jason Lives,1986-08-01,1986,3000000.0,19472057,86.0,8.122042,12,6,5,1,0,0,0,1,0,0,0,0,1,0,0,0,1
Tombstone,1993-12-25,1993,25000000.0,56505065,130.0,11.338194,42,57,4,0,0,1,0,0,1,0,0,1,0,0,0,0,0
Trainwreck,2015-07-17,2015,35000000.0,140795793,125.0,17.310647,34,22,2,0,0,0,1,0,0,0,0,0,0,0,0,0,0
Pale Rider,1985-06-28,1985,,41410568,115.0,9.385078,30,9,12,0,1,0,0,0,0,1,0,0,0,0,0,0,0
Pitch Perfect,2012-09-28,2012,17000000.0,115350426,112.0,11.03595,125,29,18,1,0,0,1,0,0,1,0,0,0,0,0,0,0
Rudy,1993-09-17,1993,12000000.0,22750363,114.0,5.914833,24,17,5,0,0,1,0,0,0,0,0,0,0,0,0,0,0
Texas Killing Fields,2011-10-14,2011,,957240,105.0,6.093938,11,46,4,0,1,1,0,1,0,0,1,0,0,0,0,0,1
Arrambam,2013-10-31,2013,9200000.0,21000000,157.0,0.882864,12,8,0,0,0,1,0,1,1,0,0,0,0,0,0,0,0
The Lake House,2006-06-16,2006,40000000.0,114830111,99.0,12.589019,20,30,11,0,0,1,0,0,0,1,0,0,0,0,0,0,1
Case 39,2009-08-13,2009,27000000.0,29000000,109.0,9.644085,38,63,17,0,0,0,0,1,0,0,0,0,1,0,0,0,1
Looper,2012-09-26,2012,30000000.0,47042000,118.0,12.727269,34,42,17,0,0,0,0,1,1,0,0,0,0,1,0,0,0
Max Steel,2016-10-14,2016,10000000.0,6272403,92.0,6.703892,7,3,1,0,0,0,0,0,1,0,0,1,0,1,0,0,0
The Living Sea,1995-02-01,1995,,87600000,40.0,1.081517,6,10,7,0,1,0,0,0,0,0,0,0,0,0,0,0,0
Three Kings,1999-09-27,1999,75000000.0,108000000,114.0,12.287636,17,18,14,0,0,0,1,0,1,0,0,1,0,0,0,0,0
Pokémon the Movie: Kyurem vs. the Sword of Justice,2012-07-13,2012,,44057737,71.0,2.162495,10,11,0,1,1,0,0,0,0,0,0,0,0,0,0,0,0
Breathless,1983-05-13,1983,,19910002,100.0,7.587797,18,22,11,0,1,1,0,1,1,1,0,0,0,0,0,0,0
Life of Brian,1979-08-17,1979,4000000.0,20045115,94.0,10.714173,19,38,21,0,0,0,1,0,0,0,0,0,0,0,0,0,0
A Case of You,2013-11-06,2013,,4187,91.0,5.819403,24,71,2,0,1,0,1,0,0,1,0,0,0,0,0,0,0
The Road,2009-11-25,2009,32000000.0,27635305,111.0,14.958098,15,14,4,0,0,1,0,0,0,0,0,1,0,0,0,0,0
Star 80,1983-11-11,1983,,6472990,103.0,4.119518,19,5,7,0,1,1,0,0,0,0,0,0,0,0,0,0,0
Paws,1997-09-25,1997,137731.0,1778391,83.0,1.78367,10,9,3,0,0,0,0,0,0,0,0,1,0,0,1,1,0
Crimson Tide,1995-05-12,1995,53000000.0,157387195,116.0,8.657365,18,32,16,0,0,1,0,1,1,0,0,0,0,0,0,0,0
Beasts of the Southern Wild,2012-06-29,2012,1800000.0,21107746,93.0,5.550496,15,17,26,0,0,1,0,0,0,0,0,0,0,0,0,1,0
Waltz with Bashir,2008-06-25,2008,2000000.0,11125849,90.0,7.636625,4,11,6,0,0,1,0,0,0,0,0,0,0,0,0,0,0
Bad Education,2004-03-19,2004,5000000.0,40266982,106.0,7.66414,20,12,16,0,0,1,0,1,0,1,1,0,0,0,0,0,0
Romy and Michele's High School Reunion,1997-04-25,1997,,29235353,92.0,5.889414,8,10,25,0,1,0,1,0,0,0,0,0,0,0,0,0,0
Romeo and Juliet,1968-04-02,1968,,38901218,138.0,6.99099,23,31,10,0,1,1,0,0,0,1,0,0,0,0,0,0,0
When the Game Stands Tall,2014-08-22,2014,15000000.0,30127963,115.0,6.617708,65,6,3,0,0,1,0,0,0,0,0,0,0,0,0,0,0
Dracula: Prince of Darkness,1966-01-09,1966,280379.0,364937,90.0,8.913793,14,14,8,1,0,0,0,0,0,0,0,0,1,0,0,0,0
Miss Potter,2006-12-03,2006,30000000.0,35078241,92.0,8.599342,25,12,4,0,0,1,0,0,0,1,0,0,0,0,1,0,0
Teenage Mutant Ninja Turtles: Out of the Shadows,2016-06-01,2016,135000000.0,245623848,112.0,13.047776,25,14,6,1,0,0,1,0,1,0,0,1,0,0,0,1,0
My Awkward Sexual Adventure,2012-09-11,2012,,45250,98.0,3.751532,4,3,5,0,1,0,1,0,0,1,0,0,0,0,0,0,0
Black Gold,2011-12-21,2011,40000000.0,5446000,130.0,6.475665,10,45,0,0,0,1,0,0,0,0,0,1,0,0,0,0,0
The Pacifier,2005-03-04,2005,56000000.0,113006880,95.0,7.81645,76,14,8,0,0,1,1,1,1,0,0,0,0,0,1,0,0
National Treasure,2004-11-19,2004,100000000.0,347451894,131.0,18.932203,38,125,5,1,0,0,0,1,1,0,0,1,0,0,0,0,1
Salome's Last Dance,1988-05-06,1988,,331000,89.0,0.654549,15,3,1,0,1,1,1,0,0,0,0,0,0,0,0,0,0
Admiral,2008-06-06,2008,2000000.0,38135878,123.0,3.462653,18,11,2,0,0,1,0,0,0,0,0,0,0,0,0,0,0
Fatal Attraction,1987-09-11,1987,14000000.0,320145693,119.0,14.260779,14,7,8,0,0,1,0,1,0,1,0,0,1,0,0,0,1
Stepfather II: Make Room For Daddy,1989-11-03,1989,,1519796,93.0,11.067992,12,24,15,1,1,0,0,1,0,0,0,0,1,0,0,0,0
United 93,2006-04-28,2006,15000000.0,76286096,111.0,10.527141,24,58,5,0,0,1,0,1,1,0,1,0,0,0,0,0,0
Clerks II,2006-05-25,2006,5000000.0,26888376,97.0,8.466725,21,8,3,1,0,0,1,0,0,0,0,0,0,0,0,0,0
Jack Reacher,2012-12-20,2012,60000000.0,218340595,130.0,12.789812,47,35,5,1,0,1,0,1,0,0,1,0,0,0,0,0,0
Mystery Men,1999-08-06,1999,68000000.0,29762011,121.0,10.466306,26,13,24,0,0,0,1,0,1,0,0,1,0,1,0,1,0
White Palace,1990-10-19,1990,,17487531,103.0,2.59282,8,16,5,0,1,1,0,0,0,1,0,0,0,0,0,0,0
Mad City,1997-11-07,1997,50000000.0,10541523,114.0,4.909738,15,8,4,0,0,1,0,1,1,0,0,0,0,0,0,0,0
FBI: Frikis buscan incordiar,2004-06-04,2004,,928391,85.0,0.044048,17,10,3,0,1,0,1,0,0,0,0,0,0,0,0,0,0
Away We Go,2009-06-05,2009,17000000.0,14899417,98.0,6.590093,17,43,14,0,0,1,1,0,0,1,0,0,0,0,0,0,0
Meeting Evil,2012-05-03,2012,,525,89.0,3.554939,4,5,0,0,1,1,0,1,0,0,1,0,0,0,0,0,1
Sleep Dealer,2008-12-10,2008,2500000.0,107559,90.0,3.750365,3,5,7,0,0,1,0,1,0,0,0,0,0,1,0,0,0
Mr. Popper's Penguins,2011-06-17,2011,55000000.0,187361754,94.0,15.214342,17,10,12,0,0,0,1,0,0,0,0,0,0,0,1,0,0
Heathers,1988-10-01,1988,,1108462,102.0,13.311827,23,11,6,0,1,1,1,1,0,0,0,0,0,0,0,0,0
The Living Daylights,1987-06-29,1987,40000000.0,191185897,130.0,12.189038,49,18,32,1,0,0,0,1,1,0,0,1,0,0,0,0,0
The Last Emperor,1987-10-21,1987,23000000.0,43984230,163.0,11.076971,28,35,23,0,0,1,0,0,0,0,0,0,0,0,0,0,0
Mischief,1985-02-08,1985,,8692426,93.0,7.356831,24,12,9,0,1,0,1,0,0,1,0,0,0,0,0,0,0
Poor White Trash,2000-06-16,2000,1200000.0,1404,85.0,0.584397,6,5,10,0,0,0,1,0,0,0,1,0,0,0,0,0,0
"The Chronicles of Narnia: The Lion, the Witch and the Wardrobe",2005-12-07,2005,180000000.0,748806957,143.0,18.13542,24,29,14,1,0,0,0,0,0,0,0,1,0,0,1,1,0
Bitch Slap,2009-05-16,2009,,199436,109.0,7.489306,32,12,0,0,1,1,1,1,1,0,1,0,0,0,0,0,0
Ocean's Thirteen,2007-06-07,2007,85000000.0,311312624,122.0,12.16276,25,45,7,1,0,0,0,1,0,0,1,0,0,0,0,0,0
District B13,2004-11-09,2004,12000000.0,9584131,84.0,7.594102,25,18,7,1,0,0,0,1,1,0,0,0,0,1,0,0,0
Silver Streak,1976-12-03,1976,6500000.0,51079064,114.0,8.254209,31,16,8,0,0,0,1,1,0,1,1,0,0,0,0,0,0
From the Hip,1987-02-06,1987,,9518342,111.0,0.619481,4,1,0,0,1,1,1,0,0,0,0,0,0,0,0,0,0
Central Station,1998-01-16,1998,2900000.0,5596708,113.0,4.919716,19,43,11,0,0,1,0,0,0,0,0,0,0,0,0,0,0
Flawless,2007-09-01,2007,20000000.0,6819587,108.0,6.496913,16,2,5,0,0,1,0,1,0,0,1,0,0,0,0,0,0
Shaolin Soccer,2001-07-12,2001,,42776760,113.0,8.461631,13,8,6,0,1,0,1,0,1,0,0,0,0,0,0,0,0
Requiem for a Dream,2000-10-27,2000,4500000.0,7390108,102.0,6.874828,27,25,7,0,0,1,0,0,0,0,1,0,0,0,0,0,0
The Romantics,2010-09-10,2010,4500000.0,123820,95.0,8.786269,9,3,4,0,0,1,1,0,0,1,0,0,0,0,0,0,0
What the #$*! Do We (K)now!?,2004-04-23,2004,,10000000,109.0,7.631049,5,5,9,1,1,0,0,0,0,0,0,0,0,0,0,0,0
Dead Snow,2009-01-09,2009,800000.0,1984662,91.0,7.974726,10,28,4,1,0,0,1,0,0,0,0,0,1,0,0,0,0
Breathe In,2013-01-18,2013,,15000,98.0,6.437916,15,4,13,0,1,1,0,0,0,0,0,0,0,0,0,0,0
Xanadu,1980-08-08,1980,20000000.0,22471595,96.0,3.782547,19,15,5,0,0,0,0,0,0,1,0,0,0,0,0,1,0
You're Next,2011-09-10,2011,,14347000,95.0,6.464826,16,12,8,0,1,0,0,1,0,0,0,0,1,0,0,0,1
"Two Days, One Night",2014-05-21,2014,7000000.0,6860853,95.0,6.868022,12,34,10,0,0,1,0,0,0,0,0,0,0,0,0,0,0
Jimmy Neutron: Boy Genius,2001-12-21,2001,25000000.0,80936232,83.0,7.308162,23,18,12,0,0,0,1,0,1,0,0,1,0,1,1,1,0
Lethal Weapon,1987-03-06,1987,15000000.0,120207127,110.0,13.183804,19,13,10,1,0,0,1,1,1,0,1,1,0,0,0,0,0
The Disappearance of Eleanor Rigby: Them,2014-05-14,2014,,985007,119.0,6.266831,26,8,3,1,1,1,0,0,0,0,0,0,0,0,0,0,0
Big Fat Liar,2002-02-08,2002,15000000.0,52970014,88.0,4.643981,19,7,7,0,0,0,1,0,0,0,0,0,0,0,1,0,0
The War Tapes,2006-10-22,2006,,254190,97.0,0.273694,6,1,1,0,1,0,0,0,0,0,0,0,0,0,0,0,0
Exterminators of the Year 3000,1983-08-13,1983,,606694,90.0,0.676383,18,15,5,0,1,0,0,0,1,0,0,0,0,1,0,0,0
Mr. North,1988-07-22,1988,,1221366,93.0,0.192513,7,1,0,0,1,1,1,0,0,0,0,0,0,1,0,1,0
Jackass Number Two,2006-09-22,2006,11000000.0,72778712,95.0,7.915368,31,15,8,1,0,0,1,0,1,0,0,0,0,0,0,0,0
The Day of the Beast,1995-10-20,1995,,4367497,103.0,5.759423,38,34,18,0,1,0,1,0,1,0,1,0,1,0,0,0,0
Love & Mercy,2015-05-29,2015,,28641776,120.0,10.444048,12,27,7,0,1,1,0,0,0,0,0,0,0,0,0,0,0
Ex Machina,2015-01-21,2015,15000000.0,36869414,108.0,14.14078,11,60,19,0,0,1,0,0,0,0,0,0,0,1,0,0,0
Repentance,2014-02-28,2014,5000000.0,1189612,90.0,1.962873,10,5,0,0,0,0,0,1,0,0,0,0,1,0,0,0,0
Crazy About Ya,2010-10-20,2010,,3082901,120.0,0.190879,6,1,0,0,1,0,1,0,0,1,0,0,0,0,0,0,0
The Godfather,1972-03-14,1972,6000000.0,245066411,175.0,41.109264,58,42,12,1,0,1,0,0,0,0,1,0,0,0,0,0,0
The Holiday,2006-12-08,2006,85000000.0,194168700,136.0,14.043416,22,10,12,0,0,0,1,0,0,1,0,0,0,0,0,0,0
GoldenEye,1995-11-16,1995,58000000.0,352194034,130.0,14.686036,20,46,15,1,0,0,0,1,1,0,0,1,0,0,0,0,0
Saving Grace,2000-01-24,2000,10000000.0,26330482,93.0,5.13955,24,19,5,0,0,0,1,0,0,0,1,0,0,0,0,0,0
Wolf Warrior,2015-04-02,2015,12000000.0,80000000,90.0,2.162781,8,8,0,1,0,0,0,0,1,0,0,1,0,0,0,0,0
How to Be Single,2016-01-21,2016,38000000.0,112343513,110.0,8.898988,21,23,4,0,0,0,1,0,0,1,0,0,0,0,0,0,0
Three Fugitives,1989-01-27,1989,15000000.0,40590000,96.0,3.96986,7,4,4,0,0,0,1,0,0,0,0,0,0,0,0,0,0
El robobo de la jojoya,1991-12-20,1991,,3370574,82.0,0.481394,24,8,8,0,1,0,1,0,0,0,0,0,0,0,0,0,0
Crazy Love,1987-10-01,1987,,119919,90.0,0.288203,3,4,0,0,1,1,1,0,0,1,0,0,0,0,0,0,0
Music of the Heart,1999-10-29,1999,27000000.0,14859394,124.0,3.104943,16,17,2,0,0,1,0,0,0,0,0,0,0,0,0,0,0
Confessions of a Dangerous Mind,2002-12-30,2002,30000000.0,33013805,113.0,7.645827,26,16,4,0,0,1,1,1,0,1,1,0,0,0,0,0,0
Robinson Crusoe,2016-02-04,2016,13500000.0,3342697,90.0,8.969705,10,14,8,0,0,0,1,0,0,0,0,1,0,0,1,0,0
Facing Windows,2003-02-27,2003,,15530077,106.0,3.701538,20,4,6,0,1,1,0,0,0,1,0,0,0,0,0,0,0
Mio in the Land of Faraway,1987-07-01,1987,7200000.0,2300000,99.0,5.553737,11,4,3,0,0,1,0,0,0,0,0,1,0,0,1,1,1
Hummingbird,2013-05-07,2013,20000000.0,8352885,100.0,8.801032,21,11,3,0,0,0,0,1,1,0,0,0,0,0,0,0,0
Seventh Son,2014-12-12,2014,95000000.0,114178613,102.0,15.297821,35,55,7,0,0,0,0,0,0,0,0,1,0,0,0,1,0
Child's Play,1988-11-08,1988,9000000.0,44196684,87.0,19.827546,6,9,14,1,0,0,0,1,0,0,0,0,1,0,0,0,0
Princess Caraboo,1994-09-16,1994,,3021629,97.0,1.943323,7,1,0,0,1,1,1,0,0,0,0,0,0,0,0,0,1
An Officer and a Gentleman,1982-07-28,1982,,129795554,124.0,7.936216,33,16,3,0,1,1,0,0,0,1,0,0,0,0,0,0,0
Snatched,2017-05-03,2017,42000000.0,60845711,90.0,11.214779,48,37,7,0,0,0,1,0,1,0,0,0,0,0,0,0,0
[REC]²,2009-09-15,2009,5600000.0,18469680,85.0,8.853168,13,5,8,1,0,0,0,1,0,0,0,0,1,0,0,0,0
Seeking Justice,2011-09-02,2011,17000000.0,12355798,105.0,10.250997,35,45,1,0,0,1,0,1,1,0,0,0,0,0,0,0,0
The Spy Who Loved Me,1977-07-07,1977,14000000.0,185438673,125.0,9.781451,29,19,27,1,0,0,0,1,1,0,0,1,0,0,0,0,0
Quest for Camelot,1998-05-15,1998,40000000.0,38172500,86.0,13.02535,13,36,0,0,0,1,0,0,0,1,0,0,0,0,1,1,0
Shallow Hal,2001-11-01,2001,40000000.0,141069860,114.0,12.520688,19,14,13,0,0,0,1,0,0,1,0,0,0,0,0,0,0
The American President,1995-11-17,1995,62000000.0,107879496,106.0,6.318445,18,6,5,0,0,1,1,0,0,1,0,0,0,0,0,0,0
Frankenweenie,2012-10-04,2012,39000000.0,35287788,87.0,10.296047,10,83,7,0,0,0,1,0,0,0,0,0,0,0,1,0,0
The Lost Boys,1987-07-31,1987,8500000.0,32222567,97.0,9.099731,27,61,8,1,0,0,1,0,0,0,0,0,1,0,0,0,0
Scoop,2006-07-27,2006,4000000.0,31584901,96.0,8.16339,47,17,21,0,0,0,1,0,0,0,0,0,0,0,0,0,1
Fletch,1985-05-31,1985,8000000.0,59612888,98.0,6.040486,17,8,7,1,0,0,1,0,0,0,1,0,0,0,0,0,1
The Host,2013-03-22,2013,44000000.0,63327201,125.0,11.342024,36,19,8,0,0,0,0,1,1,1,0,1,0,1,0,0,0
Ice Age: Collision Course,2016-06-23,2016,105000000.0,408579038,100.0,20.151037,23,6,9,1,0,0,1,0,0,0,0,1,0,0,1,0,0
Along Came a Spider,2001-04-06,2001,60000000.0,105178561,104.0,13.214068,11,27,4,1,0,0,0,1,1,0,1,0,0,0,0,0,1
The Avengers,2012-04-25,2012,220000000.0,1519557910,143.0,89.887648,115,147,10,1,0,0,0,0,1,0,0,1,0,1,0,0,0
Virus,1999-01-14,1999,75000000.0,14010690,99.0,7.116537,13,47,8,0,0,0,0,0,1,0,0,0,1,1,0,0,0
The Evil Dead,1981-10-15,1981,350000.0,29400000,85.0,10.421679,10,11,17,1,0,0,0,0,0,0,0,0,1,0,0,0,0
Airborne,1993-09-17,1993,2600000.0,2850263,91.0,11.600224,13,14,2,0,0,0,1,0,1,0,0,1,0,0,0,0,0
Smokey and the Bandit,1977-05-26,1977,,126737428,96.0,7.68372,14,12,4,1,1,0,1,0,1,0,0,1,0,0,0,0,0
Toni Erdmann,2016-07-14,2016,3537415.0,1390172,162.0,9.117054,17,22,27,0,0,1,1,0,0,0,0,0,0,0,0,0,0
Constantine,2005-02-08,2005,100000000.0,230884728,121.0,9.615691,16,177,11,1,0,1,0,0,0,0,0,0,1,0,0,1,0
Boys Don't Cry,1999-09-02,1999,2000000.0,11540607,118.0,6.536006,24,26,16,0,0,1,0,0,0,0,1,0,0,0,0,0,0
An Eye for Beauty,2014-05-15,2014,,40000,102.0,3.408264,11,6,2,0,1,1,0,0,0,0,0,0,0,0,0,0,0
Highlander: The Final Dimension,1994-11-29,1994,26000000.0,36800000,99.0,6.866634,8,5,5,1,0,0,0,0,1,0,0,0,0,1,0,1,0
Pokémon: Arceus and the Jewel of Life,2009-07-18,2009,,50673078,94.0,2.969691,0,1,0,1,1,0,0,0,0,0,0,0,0,0,1,0,0
Out of the Furnace,2013-12-06,2013,22000000.0,15400000,116.0,6.760321,41,19,15,0,0,1,0,1,0,0,1,0,0,0,0,0,0
The Getaway,1994-02-11,1994,,30,115.0,14.214403,11,13,5,0,1,1,0,1,1,0,0,0,0,0,0,0,0
Upstream Color,2013-04-05,2013,100000.0,444098,96.0,8.003815,6,7,8,0,0,1,0,0,0,0,0,0,0,1,0,0,0
Life Is Beautiful,1997-12-20,1997,20000000.0,229400000,116.0,39.39497,23,25,23,0,0,1,1,0,0,0,0,0,0,0,0,0,0
The Day He Arrives,2011-09-08,2011,,11,79.0,1.042432,8,3,0,0,1,1,0,0,0,0,0,0,0,0,0,0,0
The Blob,1988-08-05,1988,19000000.0,8247943,95.0,10.874079,27,66,16,0,0,0,0,0,0,0,0,0,1,1,0,0,0
Casablanca,1942-11-26,1942,878000.0,10462500,102.0,13.916101,105,33,14,0,0,1,0,0,0,1,0,0,0,0,0,0,0
Zombeavers,2014-10-20,2014,,14947,85.0,5.599039,11,34,3,0,1,0,1,0,1,0,0,0,1,0,0,0,0
The Santa Clause 3: The Escape Clause,2006-11-01,2006,12000000.0,84500122,98.0,6.829528,17,16,4,1,0,0,1,0,0,0,0,1,0,0,1,0,0
Sleep with Me,1994-01-01,1994,,161410,86.0,6.398905,6,9,3,0,1,1,1,0,0,1,0,0,0,0,0,0,0
American Honey,2016-09-30,2016,,1751330,162.0,7.78179,28,26,17,0,1,1,0,0,0,0,0,0,0,0,0,0,0
Mean Girls,2004-04-30,2004,17000000.0,129042871,97.0,11.454835,38,43,10,1,0,0,1,0,0,0,0,0,0,0,0,0,0
A Coffee in Berlin,2012-07-03,2012,300000.0,2750275,88.0,7.90622,36,12,0,0,0,1,1,0,0,0,0,0,0,0,0,0,0
Lolita,1962-06-13,1962,2000000.0,9250000,153.0,9.551293,11,9,23,0,0,1,0,0,0,1,0,0,0,0,0,0,0
Transformers,2007-06-27,2007,150000000.0,709709780,144.0,5.587707,38,41,8,1,0,0,0,0,1,0,0,1,0,1,0,0,0
A Bridge Too Far,1977-06-15,1977,22000000.0,50750000,175.0,7.719173,34,12,4,0,0,1,0,0,0,0,0,0,0,0,0,0,0
Hallam Foe,2007-02-16,2007,8000000.0,60641,95.0,8.762536,7,8,9,0,0,1,1,1,0,0,0,0,0,0,0,0,0
Krull,1983-07-29,1983,27000000.0,16519460,117.0,9.848674,25,15,9,0,0,0,0,0,1,0,0,1,0,0,0,1,0
Beginners,2010-09-11,2010,3200000.0,5332926,105.0,6.72639,31,22,7,0,0,1,1,0,0,1,0,0,0,0,0,0,0
Murderball,2005-07-22,2005,300000.0,1750211,88.0,1.687901,5,3,4,0,0,0,0,0,0,0,0,0,0,0,0,0,0
A Company Man,2012-10-11,2012,3500000.0,7339398,96.0,6.261686,7,8,5,0,0,1,0,0,1,0,0,0,0,0,0,0,0
Percy Jackson: Sea of Monsters,2013-08-07,2013,90000000.0,174578751,106.0,10.338222,22,29,10,1,0,0,0,0,0,0,0,1,0,0,1,1,0
Source Code,2011-03-30,2011,32000000.0,147332697,93.0,9.796962,24,20,10,0,0,0,0,1,0,0,0,0,0,1,0,0,1
Find Me Guilty,2006-03-16,2006,13000000.0,2636637,125.0,15.295949,20,29,4,0,0,1,0,0,0,0,0,0,0,0,0,0,0
Sunrise: A Song of Two Humans,1927-09-23,1927,,121,94.0,4.249695,25,21,12,0,1,1,0,0,0,1,0,0,0,0,0,0,0
High Anxiety,1977-12-25,1977,3400000.0,31063038,94.0,5.101153,13,10,6,0,0,0,1,0,0,0,0,0,0,0,0,0,0
The Nutcracker,1993-11-24,1993,19000000.0,2119994,93.0,1.418221,6,1,1,0,0,0,0,0,0,0,0,0,0,0,1,1,0
The Three Musketeers,1993-11-11,1993,30000000.0,53898845,105.0,6.34785,11,54,2,0,0,0,1,0,1,0,0,1,0,0,0,0,0
Assembly,2007-10-09,2007,16000000.0,34786960,124.0,7.404835,16,4,4,0,0,0,0,0,1,0,0,0,0,0,0,0,0
Niagara,1953-01-26,1953,1250000.0,8500000,92.0,14.605464,27,28,18,0,0,1,0,1,0,0,1,0,0,0,0,0,0
When the Bough Breaks,2016-09-09,2016,10000000.0,30658387,97.0,17.046052,29,3,3,0,0,1,0,0,0,0,0,0,1,0,0,0,1
Local Color,2006-09-19,2006,3250000.0,32788,107.0,1.393391,9,14,1,0,0,1,0,0,0,0,0,0,0,0,0,0,0
Peter Pan,1953-02-05,1953,4000000.0,87404651,77.0,16.861533,9,16,12,1,0,0,0,0,0,0,0,1,0,0,1,1,0
Falling in Love,1984-11-21,1984,,11129057,102.0,5.289075,11,3,0,0,1,1,0,0,0,1,0,0,0,0,0,0,0
The Three Stooges,2012-04-13,2012,30000000.0,54819301,92.0,13.371056,28,11,1,0,0,0,1,0,0,0,0,0,0,0,0,0,0
Fading Gigolo,2013-09-07,2013,,2681345,90.0,9.596119,10,3,7,0,1,0,1,0,0,0,0,0,0,0,0,0,0
The Nightmare,2015-06-05,2015,,28281,90.0,4.601867,8,16,0,0,1,0,0,0,0,0,0,0,1,0,0,0,0
Dorian Gray,2009-09-09,2009,,4706919,112.0,11.069608,20,8,0,0,1,1,0,1,0,0,0,0,0,0,0,1,0
In the Loop,2009-01-22,2009,,6149791,106.0,6.341259,22,11,9,0,1,0,1,0,0,0,0,0,0,0,0,0,0
Before the Devil Knows You're Dead,2007-09-26,2007,18000000.0,25005257,117.0,9.309967,16,23,16,0,0,1,0,1,0,0,1,0,0,0,0,0,0
The Manchurian Candidate,2004-07-30,2004,80000000.0,96105964,129.0,10.796939,29,97,8,0,0,1,0,1,0,0,0,0,0,0,0,0,1
Cold Turkey,1971-02-19,1971,,11000000,99.0,0.60908,10,16,2,0,1,0,1,0,0,0,0,0,0,0,0,0,0
Summer Rental,1985-08-09,1985,,24689703,87.0,12.372036,9,9,5,0,1,0,1,0,0,0,0,0,0,0,0,0,0
Precious Cargo,2016-07-15,2016,10500000.0,100659,99.0,11.548303,11,86,2,0,0,0,0,1,1,0,1,0,0,0,0,0,0
Jumper,2008-02-10,2008,85000000.0,222231186,88.0,11.03897,21,89,10,0,0,0,0,0,0,0,0,1,0,1,0,1,0
The Fifth Element,1997-05-07,1997,90000000.0,263920180,126.0,24.30526,114,134,26,0,0,0,0,1,1,0,0,1,0,1,0,1,0
Bel Ami,2012-03-09,2012,9000000.0,8303261,102.0,7.720692,16,73,8,0,0,1,0,0,0,1,0,0,0,0,0,0,0
The Fault in Our Stars,2014-05-16,2014,12000000.0,307166834,125.0,16.274653,49,65,9,0,0,1,0,0,0,1,0,0,0,0,0,0,0
"Faraway, So Close!",1993-09-09,1993,,810455,144.0,2.958988,16,11,5,0,1,1,0,0,0,0,0,0,0,1,0,1,0
Candy Razors,1980-10-06,1980,,680224,95.0,1.099467,31,18,9,0,1,1,0,0,0,0,1,0,0,0,0,0,0
The Bride Wore Black,1968-03-22,1968,747000.0,44566,107.0,2.775402,17,10,3,0,0,1,0,1,0,1,1,0,0,0,0,0,1
The Pirate Bay: Away From Keyboard,2013-02-08,2013,,34664,82.0,4.02059,3,11,3,0,1,0,0,0,0,0,0,0,0,0,0,0,0
The Gorgeous Hussy,1936-08-28,1936,1119000.0,2019000,103.0,0.948775,25,12,4,0,0,1,0,0,0,0,0,0,0,0,0,0,0
He-Man and She-Ra: The Secret of the Sword,1985-01-01,1985,,7,100.0,2.087446,7,13,7,0,1,0,0,0,0,0,0,0,0,0,1,0,0
The World's End,2013-07-18,2013,20000000.0,46089287,109.0,9.830382,55,11,4,0,0,0,1,0,1,0,0,0,0,1,0,0,0
Wag the Dog,1997-12-25,1997,15000000.0,64256513,97.0,7.603652,16,29,19,0,0,1,1,0,0,0,0,0,0,0,0,0,0
Swept Away,2002-10-11,2002,10000000.0,598645,89.0,3.492576,6,16,4,0,0,0,1,0,0,1,0,0,0,0,0,0,0
The Breed,2006-05-17,2006,,1675484,90.0,4.148276,7,27,12,0,1,0,1,1,0,0,0,0,1,0,0,0,0
Green Zone,2010-03-11,2010,100000000.0,94882889,115.0,11.174041,88,81,3,0,0,1,0,1,1,0,0,1,0,0,0,0,0
Elizabeth,1998-09-13,1998,30000000.0,82150642,124.0,7.566321,19,48,5,1,0,1,0,0,0,0,0,0,0,0,0,0,0
Atlas Shrugged Part III: Who is John Galt?,2014-09-12,2014,5000000.0,846704,99.0,1.845554,14,13,2,1,0,1,0,0,0,0,0,0,0,1,0,0,1
Every Which Way But Loose,1978-12-19,1978,5.0,85,110.0,6.759519,7,2,12,1,0,0,1,0,1,1,0,1,0,0,0,0,0
Tiny Furniture,2010-11-12,2010,65000.0,416498,99.0,2.799356,21,12,5,0,0,1,1,0,0,1,0,0,0,0,0,0,0
Detective Dee and the Mystery of the Phantom Flame,2010-09-18,2010,13000000.0,51723285,119.0,7.17548,6,2,4,1,0,1,0,0,1,0,0,1,0,0,0,0,1
The Counselor,2013-10-25,2013,25000000.0,71009334,117.0,14.723646,30,17,5,0,0,1,0,1,0,0,1,0,0,0,0,0,0
Bairavaa,2017-01-12,2017,,17000000,168.0,1.459459,20,18,2,0,1,0,0,0,1,0,0,0,0,0,0,0,0
U-571,2000-04-20,2000,62000000.0,127666415,116.0,7.879924,11,19,4,0,0,1,0,1,1,0,0,0,0,0,0,0,0
Summer School,1987-07-22,1987,,35114428,97.0,4.912295,14,12,9,0,1,0,1,0,0,0,0,0,0,0,0,0,0
Escape from New York,1981-05-22,1981,6000000.0,50244700,99.0,10.124544,14,14,14,1,0,0,0,0,1,0,0,0,0,1,0,0,0
Melissa P.,2005-11-18,2005,,5151936,100.0,5.257142,16,5,3,0,1,1,0,0,0,0,0,0,0,0,0,0,0
Jaws: The Revenge,1987-07-17,1987,23000000.0,51881013,89.0,9.327986,30,18,13,1,0,0,0,1,0,0,0,1,0,0,0,0,0
Dirty Dancing,1987-08-21,1987,6000000.0,213954274,100.0,14.044122,27,37,21,1,0,1,0,0,0,1,0,0,0,0,0,0,0
Snatch,2000-09-01,2000,10000000.0,83557872,103.0,14.014025,58,65,10,0,0,0,0,1,0,0,1,0,0,0,0,0,0
The Change-Up,2011-08-05,2011,52000000.0,75450437,112.0,6.906145,19,41,7,0,0,0,1,0,0,0,0,0,0,0,0,0,0
Carlos,2010-05-19,2010,18000000.0,871279,338.0,4.558075,23,17,7,0,0,1,0,1,0,0,1,0,0,0,0,0,0
Lone Star,1996-06-21,1996,5000000.0,13269963,135.0,9.069963,21,24,4,0,0,1,0,0,0,1,0,0,0,0,0,0,1
Comedian,2002-10-25,2002,,2744253,82.0,7.938629,58,1,2,0,1,0,1,0,0,0,0,0,0,0,0,0,0
Happythankyoumoreplease,2010-01-20,2010,,215576,100.0,9.668784,18,21,2,0,1,0,1,0,0,1,0,0,0,0,0,0,0
Our Kind of Traitor,2016-05-05,2016,,9930095,108.0,8.569996,20,75,2,0,1,0,0,1,0,0,0,0,0,0,0,0,0
Extremities,1986-08-22,1986,,13418091,89.0,10.273979,13,16,10,0,1,1,0,1,0,0,0,0,0,0,0,0,0
Meet the Parents,2000-10-06,2000,55000000.0,330444045,108.0,14.178281,19,84,15,1,0,0,1,0,0,1,0,0,0,0,0,0,0
The Last Circus,2010-12-17,2010,7000000.0,3218666,101.0,4.896196,13,15,15,0,0,1,0,1,1,0,0,0,0,0,0,0,0
"War, Inc.",2008-04-28,2008,5000000.0,1296184,106.0,4.800426,23,3,2,0,0,0,1,1,1,0,0,1,0,0,0,0,0
Keanu,2016-04-21,2016,15000000.0,20566327,94.0,7.942084,29,18,10,0,0,0,1,0,1,0,0,0,0,0,0,0,0
Paradise Alley,1978-09-22,1978,,7185518,107.0,5.634675,11,16,20,0,1,1,0,0,1,0,0,1,0,0,0,0,0
Cars 2,2011-06-11,2011,200000000.0,559852396,106.0,13.693002,47,40,6,1,0,0,1,0,0,0,0,1,0,0,1,0,0
Vampires Suck,2010-08-18,2010,20000000.0,80547866,82.0,8.129407,21,18,7,1,0,0,1,0,0,0,0,0,1,0,0,0,0
Power Rangers,2017-03-23,2017,100000000.0,142337240,124.0,23.247298,27,22,6,0,0,0,0,0,1,0,0,1,0,1,0,0,0
Dr. Cabbie,2014-09-19,2014,,223003,101.0,5.843804,4,9,2,0,1,0,1,0,0,0,0,0,0,0,0,0,0
Shark Night,2011-09-02,2011,28000000.0,10126458,91.0,6.062425,12,5,5,0,0,0,0,1,0,0,0,0,1,0,0,0,0
Legend of the Lost,1957-12-17,1957,1750000.0,2200000,109.0,4.250819,7,8,8,0,0,1,0,0,0,0,0,1,0,0,0,0,0
Death Sentence,2007-08-31,2007,20000000.0,16974459,105.0,6.612175,14,63,12,0,0,1,0,1,1,0,1,0,0,0,0,0,0
The Sorcerer's Apprentice,2010-07-13,2010,150000000.0,215283742,109.0,12.533525,14,5,18,0,0,1,1,0,1,0,0,1,0,0,0,1,0
Paranormal Activity,2007-09-14,2007,15000.0,193355800,86.0,12.706424,5,11,5,1,0,0,0,0,0,0,0,0,1,0,0,0,1
The 40 Year Old Virgin,2005-08-11,2005,26000000.0,109449237,116.0,11.519662,67,7,2,0,0,0,1,0,0,1,0,0,0,0,0,0,0
The Stone Angel,2007-09-12,2007,,473993,116.0,0.618434,7,14,2,0,1,1,0,0,0,0,0,0,0,0,0,0,0
Punchline,1988-10-07,1988,15000000.0,21032267,123.0,5.764399,47,13,1,0,0,1,1,0,0,0,0,0,0,0,0,0,0
Walk the Line,2005-09-13,2005,28000000.0,186438883,136.0,11.476443,45,65,12,0,0,1,0,0,0,1,0,0,0,0,0,0,0
Last Night,2010-05-11,2010,7000000.0,7644937,90.0,15.280219,15,15,14,0,0,1,0,0,0,1,0,0,0,0,0,0,0
Runaway Jury,2003-10-09,2003,60000000.0,80154140,127.0,8.810961,16,15,7,0,0,1,0,1,0,0,0,0,0,0,0,0,0
Curse of the Pink Panther,1983-08-12,1983,11000000.0,4491986,109.0,8.046375,13,8,5,1,0,0,1,0,0,0,1,0,0,0,0,0,0
Cabin Fever,2003-08-15,2003,1500000.0,30553394,93.0,6.466688,13,62,16,1,0,0,0,0,0,0,0,0,1,0,0,0,0
The Sessions,2012-05-02,2012,1000000.0,9138338,98.0,5.760319,19,17,31,0,0,1,1,0,0,1,0,0,0,0,0,0,0
Khiladi 786,2012-12-07,2012,,126,139.0,0.704637,6,3,0,0,1,0,1,0,1,0,0,0,0,0,0,0,0
The Color of Money,1986-10-07,1986,13800000.0,52293982,119.0,11.613655,49,7,5,1,0,1,0,0,0,0,0,0,0,0,0,0,0
Clockstoppers,2002-03-17,2002,26000000.0,38793283,94.0,4.920175,12,62,4,0,0,0,0,1,0,0,0,1,0,1,1,0,0
Gravity,2013-09-27,2013,105000000.0,716392705,91.0,18.50194,7,81,5,0,0,1,0,1,0,0,0,0,0,1,0,0,0
The Transporter,2002-10-02,2002,21000000.0,43928932,92.0,13.217421,14,24,4,1,0,0,0,1,1,0,1,0,0,0,0,0,0
The Charge of the Light Brigade,1936-10-20,1936,1200000.0,2736000,115.0,5.39865,23,10,19,0,0,1,0,0,1,0,0,1,0,0,0,0,0
Carol,2015-11-20,2015,11800000.0,40272135,118.0,8.364201,43,34,22,0,0,1,0,0,0,1,0,0,0,0,0,0,0
[REC],2007-04-10,2007,1500000.0,30448000,78.0,8.504511,20,31,12,1,0,0,0,0,0,0,0,0,1,0,0,0,1
Jarhead,2005-11-04,2005,72000000.0,96889998,125.0,9.997032,20,10,6,1,0,1,0,0,0,0,0,0,0,0,0,0,0
The Chronicles of Narnia: Prince Caspian,2008-05-15,2008,225000000.0,419651413,150.0,12.490891,21,83,12,1,0,0,0,0,0,0,0,1,0,0,1,1,0
Made,2001-07-13,2001,5000000.0,5476060,94.0,3.531682,13,5,0,0,0,0,1,1,1,0,0,0,0,0,0,0,0
Look Who's Talking,1989-10-12,1989,7500000.0,296000000,93.0,5.795045,8,6,6,1,0,0,1,0,0,1,0,0,0,0,0,0,0
Murder in the First,1995-01-20,1995,,17381942,122.0,9.518564,9,5,11,0,1,1,0,0,0,0,1,0,0,0,0,0,0
Keys to Tulsa,1997-04-11,1997,,57252,113.0,1.323422,10,11,1,0,1,1,0,1,0,0,1,0,0,0,0,0,0
Illegal,2010-10-06,2010,,404,90.0,1.764981,4,2,0,0,1,1,0,0,0,0,0,0,0,0,0,0,0
"Cry, Onion!",1975-08-25,1975,,39598448,104.0,1.62344,13,5,1,0,1,0,0,0,0,0,0,0,0,0,0,0,0
A Man Apart,2003-04-04,2003,36000000.0,44350926,109.0,17.714247,15,17,4,0,0,1,0,0,1,0,0,0,0,0,0,0,0
Night Game,1989-09-15,1989,,337812,95.0,1.714152,5,1,3,0,1,1,0,1,0,0,1,0,1,0,0,0,0
Folks!,1992-05-01,1992,,6132924,107.0,3.968853,7,9,1,0,1,0,1,0,0,0,0,0,0,0,0,0,0
Killing Zoe,1993-10-01,1993,1500000.0,418961,96.0,4.948569,11,7,23,0,0,1,0,1,1,0,1,0,0,0,0,0,0
Take Shelter,2011-11-25,2011,5000000.0,3099314,120.0,5.59686,18,13,4,0,0,1,0,1,0,0,0,0,0,0,0,0,0
In the House,2012-09-26,2012,,11879046,105.0,9.617662,16,19,10,0,1,1,1,1,0,0,0,0,0,0,0,0,1
Philadelphia Experiment II,1993-11-12,1993,5000000.0,2970,97.0,1.155075,18,17,2,1,0,0,0,0,0,0,0,0,0,1,0,0,0
Atlas Shrugged Part I,2011-04-14,2011,15000000.0,4627375,97.0,3.4949,16,3,8,1,0,1,0,1,0,0,0,0,0,1,0,0,1
The Soloist,2009-04-24,2009,60000000.0,31720158,109.0,11.328316,12,21,5,0,0,1,0,0,0,0,0,0,0,0,0,0,0
"Like Sunday, Like Rain",2014-03-01,2014,,28208,104.0,3.524327,13,5,4,0,1,1,0,0,0,0,0,0,0,0,0,0,0
Pokémon: Spell of the Unknown,2000-07-08,2000,16000000.0,68411275,93.0,10.264597,3,4,11,1,0,0,0,0,1,0,0,1,0,0,1,1,0
Ca$h,2010-01-01,2010,7000000.0,46488,108.0,9.107829,12,11,2,0,0,0,1,1,0,0,1,0,0,0,0,0,0
Can't Hardly Wait,1998-06-12,1998,10000000.0,25605015,100.0,6.426937,22,8,27,0,0,1,1,0,0,1,0,0,0,0,0,0,0
For Me and My Gal,1942-10-21,1942,802000.0,4371000,104.0,6.165341,6,6,2,0,0,1,0,0,0,1,0,0,0,0,0,0,0
John Carter,2012-03-07,2012,260000000.0,284139100,132.0,14.670353,28,132,16,0,0,0,0,0,1,0,0,1,0,1,0,0,0
Vulgar,2000-09-13,2000,120000.0,14904,87.0,1.62632,8,2,0,0,0,1,0,1,0,0,1,0,1,0,0,0,0
Mary Poppins,1964-08-27,1964,6000000.0,102272727,139.0,15.11549,20,16,13,0,0,0,1,0,0,0,0,0,0,0,1,1,0
Crazy/Beautiful,2001-06-29,2001,13000000.0,16929123,99.0,6.236729,15,22,11,0,0,1,0,0,0,1,0,0,0,0,0,0,0
The Bounty,1984-05-04,1984,25000000.0,8613462,132.0,7.492912,28,17,19,0,0,1,0,0,1,0,0,0,0,0,0,0,0
The Hills Have Eyes,1977-07-22,1977,230000.0,25000000,89.0,4.788002,13,8,10,1,0,0,0,0,0,0,0,0,1,0,0,0,0
The Red Baron,2008-03-29,2008,18000000.0,40239,120.0,4.918419,13,16,4,0,0,1,0,0,1,0,0,1,0,0,0,0,0
Happy New Year,1987-08-07,1987,,41232,85.0,0.941321,5,11,15,0,1,0,1,0,0,1,1,0,0,0,0,0,0
Shocker,1989-10-27,1989,5000000.0,16554699,109.0,5.587765,17,41,18,0,0,0,1,1,0,0,0,0,1,0,0,0,0
Queen of Spades: The Dark Rite,2015-09-10,2015,1000000.0,2228115,93.0,1.896218,7,2,1,0,0,0,0,1,0,0,0,0,1,0,0,0,1
In This Corner of the World,2016-11-12,2016,,19204593,128.0,2.914029,14,6,2,0,1,1,0,0,0,0,0,0,0,0,0,0,0
Death at a Funeral,2007-02-09,2007,9000000.0,46,90.0,8.832907,14,7,17,0,0,1,1,0,0,0,0,0,0,0,0,0,0
Topaz,1969-12-18,1969,4000000.0,6000000,143.0,5.757907,17,11,5,0,0,1,0,1,1,0,0,0,0,0,0,0,1
The Face of Love,2013-10-25,2013,4000000.0,350006,92.0,2.999052,11,10,3,0,0,1,0,0,0,1,0,0,0,0,0,0,0
Like Water for Chocolate,1992-04-16,1992,2000000.0,21665468,105.0,4.126083,15,35,12,0,0,1,0,0,0,1,0,0,0,0,0,0,0
Gremlins 2: The New Batch,1990-06-15,1990,50000000.0,41482207,106.0,14.383185,27,17,18,1,0,0,1,0,0,0,0,0,1,0,0,1,0
Sudden Impact,1983-12-07,1983,22000000.0,67642693,117.0,9.737907,17,14,4,1,0,0,0,1,1,0,1,0,0,0,0,0,0
Grand Hotel,1932-05-25,1932,700000.0,2594000,112.0,11.118844,26,7,19,0,0,1,0,0,0,1,0,0,0,0,0,0,0
Battle for the Planet of the Apes,1973-06-15,1973,1700000.0,8844595,93.0,11.644764,17,10,3,1,0,0,0,0,1,0,0,0,0,1,0,0,0
Creature from the Black Lagoon,1954-03-05,1954,,1300000,79.0,7.390658,13,18,16,1,1,0,0,0,0,0,0,1,1,1,0,0,0
Club Paradise,1986-07-11,1986,15000000.0,12308521,96.0,4.079853,15,21,1,0,0,1,1,0,0,1,0,0,0,0,0,0,0
A Passage to India,1984-12-14,1984,8000000.0,27187653,163.0,11.842837,7,2,6,0,0,1,0,0,0,0,0,1,0,0,0,0,0
Deep Rising,1998-01-30,1998,45000000.0,11203026,106.0,6.922458,15,82,4,0,0,0,0,0,1,0,0,1,1,1,0,0,0
Vantage Point,2008-02-01,2008,40000000.0,151161491,90.0,7.001645,29,11,17,0,0,1,0,1,1,0,1,0,0,0,0,0,0
The Wiz,1978-10-24,1978,24000000.0,21049053,134.0,4.233081,10,10,5,0,0,0,0,0,0,0,0,1,0,0,1,1,0
Jaws 3-D,1983-03-16,1983,20500000.0,87987055,99.0,16.603041,47,17,15,1,0,0,0,1,0,0,0,0,1,0,0,0,0
Dracula 2000,2000-12-22,2000,28000000.0,33000337,99.0,6.000716,13,29,6,1,0,0,0,1,0,0,0,0,1,0,0,0,0
"Car 54, Where Are You?",1994-01-28,1994,10700000.0,1238080,89.0,1.060709,13,6,2,0,0,0,1,0,1,0,0,0,0,0,0,0,0
Phantoms,1998-01-23,1998,,5624282,91.0,10.754614,25,8,8,0,1,0,0,1,0,0,0,0,1,1,0,0,0
Match,2014-04-18,2014,,37285,90.0,2.099788,4,11,0,0,1,1,1,0,0,0,0,0,0,0,1,0,0
Warm Bodies,2013-01-31,2013,35000000.0,116980662,97.0,10.430238,36,19,6,0,0,0,1,0,0,1,0,0,1,0,0,0,0
Sleepwalking,2008-01-14,2008,,204660,101.0,11.823889,5,2,4,0,1,1,0,0,0,0,0,0,0,0,0,0,0
Heaven's Gate,1980-11-19,1980,44000000.0,3484331,219.0,4.393576,23,12,8,0,0,1,0,0,1,0,0,0,0,0,0,0,0
Mr. Smith Goes to Washington,1939-10-19,1939,1500000.0,9600000,129.0,8.168694,0,0,10,0,0,1,1,0,0,0,0,0,0,0,0,0,0
The Red Turtle,2016-06-29,2016,,921974,80.0,12.874084,5,9,8,0,1,1,0,0,0,0,0,0,0,0,0,1,0
RockNRolla,2008-09-04,2008,18000000.0,25739015,114.0,7.263988,17,17,5,0,0,0,0,1,1,0,1,0,0,0,0,0,0
Kiss of the Dragon,2001-07-06,2001,25000000.0,64437847,98.0,7.637345,16,17,3,0,0,0,0,1,1,0,1,0,0,0,0,0,0
Terri,2011-07-01,2011,,144633,105.0,2.69722,20,19,5,0,1,1,1,0,0,0,0,0,0,0,0,0,0
The Cat's Meow,2001-08-03,2001,7000000.0,3646994,114.0,13.546984,6,8,10,0,0,1,0,1,0,0,0,0,0,0,0,0,1
Gone Girl,2014-10-01,2014,61000000.0,369330363,145.0,154.801009,72,82,10,0,0,1,0,1,0,0,0,0,0,0,0,0,1
Every Day,2010-01-14,2010,,18000,93.0,1.954863,12,4,4,0,1,1,1,0,0,1,0,0,0,0,0,0,0
A Man for All Seasons,1966-12-12,1966,3900000.0,28350000,120.0,6.997888,25,15,9,0,0,1,0,0,0,0,0,0,0,0,0,0,0
Identity,2003-04-25,2003,30000000.0,90259536,90.0,17.955897,22,28,24,0,0,0,0,1,0,0,0,0,0,0,0,0,1
Beauty and the Beast,2014-02-12,2014,33000000.0,49100000,112.0,19.628834,21,8,15,0,0,0,0,0,0,1,0,0,0,0,0,1,0
Incarnate,2016-12-01,2016,5000000.0,6341855,91.0,15.909181,11,47,10,0,0,0,0,1,0,0,0,0,1,0,0,0,0
The Elephant Man,1980-10-02,1980,5000000.0,26010864,124.0,8.405672,53,40,10,0,0,1,0,0,0,0,0,0,0,0,0,0,0
Friday the 13th: A New Beginning,1985-03-22,1985,2200000.0,21930418,92.0,9.094477,19,15,6,1,0,0,0,1,0,0,0,0,1,0,0,0,0
The Guide,2014-11-12,2014,722083.0,499168,120.0,0.817488,6,2,0,0,0,1,0,0,0,0,0,0,0,0,0,0,0
Used Cars,1980-07-11,1980,8000000.0,11715321,113.0,6.963023,15,12,6,0,0,0,1,0,1,0,0,0,0,0,0,0,0
Idiocracy,2006-09-01,2006,30000000.0,495303,84.0,12.130803,53,7,18,0,0,0,1,0,0,0,0,1,0,1,0,0,0
San Andreas,2015-05-27,2015,110000000.0,470490832,114.0,20.547925,45,82,8,0,0,1,0,1,1,0,0,0,0,0,0,0,0
Blade: Trinity,2004-12-08,2004,65000000.0,128905366,123.0,18.860681,20,155,15,1,0,0,0,1,1,0,0,1,1,1,0,1,0
Paranoid Park,2007-05-21,2007,,486021,85.0,6.198003,15,15,17,0,1,1,0,0,0,0,1,0,0,0,0,0,1
Squanto: A Warrior's Tale,1994-10-28,1994,,3337685,102.0,1.935006,8,14,0,0,1,1,0,0,0,0,0,0,0,0,1,0,0
Everybody Dies But Me,2008-05-21,2008,,235432,80.0,0.689004,15,6,3,0,1,1,0,0,0,0,0,0,0,0,0,0,0
Eden Lake,2008-09-12,2008,,3983997,91.0,12.515435,16,36,14,0,1,0,0,1,0,0,0,0,1,0,0,0,0
Little Manhattan,2005-09-30,2005,,1117920,84.0,9.394353,11,12,12,0,1,0,1,0,0,0,0,0,0,0,0,0,0
The Eagle,2011-02-08,2011,25000000.0,27122040,114.0,6.196929,18,71,9,0,0,1,0,0,0,0,0,1,0,0,0,0,0
Daddy's Dyin'... Who's Got the Will?,1990-05-04,1990,,1373728,95.0,0.284911,9,4,0,0,1,0,1,0,0,0,0,0,0,0,0,0,0
Madame Bovary,1991-04-03,1991,,1942423,136.0,1.233405,7,9,2,0,1,1,0,0,0,1,0,0,0,0,0,0,0
Shoot the Moon,1982-01-22,1982,,8100000,124.0,1.194891,9,2,3,0,1,1,0,0,0,1,0,0,0,0,0,0,0
Wadjda,2012-08-31,2012,,1347747,98.0,5.451273,15,27,5,0,1,1,0,0,0,0,0,0,0,0,0,0,0
Transformers: Revenge of the Fallen,2009-06-19,2009,150000000.0,836297228,150.0,4.351756,37,55,10,1,0,0,0,0,1,0,0,1,0,1,0,0,0
One Bright Shining Moment,2005-09-16,2005,,15504,123.0,0.037986,3,2,0,0,1,0,0,0,0,0,0,0,0,0,0,0,0
The Green Hornet,2011-01-12,2011,120000000.0,227817248,119.0,7.888013,13,15,16,0,0,0,1,0,1,0,1,0,0,0,0,0,0
Королёв,2007-10-29,2007,6000000.0,31000,104.0,0.292296,1,2,0,0,0,1,0,0,0,0,0,0,0,0,0,0,0
Rooster Cogburn,1975-10-17,1975,,8022000,108.0,12.140407,15,10,5,0,1,0,0,0,0,0,0,0,0,0,0,0,0
But I'm a Cheerleader,1999-09-12,1999,1200000.0,2600000,85.0,4.928139,22,1,7,0,0,0,1,0,0,0,0,0,0,0,0,0,0
The Secret of Moonacre,2008-09-06,2008,12000000.0,7070330,103.0,12.01334,15,26,0,0,0,1,0,0,0,1,0,1,0,1,1,1,0
The Spy,2012-04-05,2012,6000000.0,4588176,99.0,1.822246,16,11,0,0,0,0,0,1,1,0,0,0,0,0,0,0,0
Ghost Ship,2002-10-25,2002,35000000.0,68349884,91.0,13.955376,11,105,3,0,0,0,0,1,0,0,0,0,1,0,0,0,1
The Vow,2012-02-05,2012,30000000.0,196114570,104.0,9.524298,14,4,6,0,0,1,0,0,0,1,0,0,0,0,0,0,0
A War,2015-09-10,2015,,1113277,115.0,4.749622,9,27,0,0,1,1,0,0,0,0,0,0,0,0,0,0,0
Action Jackson,1988-02-12,1988,7000000.0,20256975,96.0,14.054862,19,7,16,0,0,1,1,0,1,0,1,1,0,0,0,0,0
The Locusts,1997-10-03,1997,,10082,124.0,0.53204,11,2,0,0,1,1,0,0,0,1,0,0,0,0,0,0,0
Lone Survivor,2013-12-24,2013,40000000.0,149295601,121.0,10.855502,47,48,5,0,0,1,0,1,1,0,0,0,0,0,0,0,0
East of Eden,1955-03-09,1955,1.0,5,115.0,6.42883,63,25,10,0,0,1,0,0,0,0,0,0,0,0,0,0,0
Zookeeper,2011-07-06,2011,80000000.0,169852759,102.0,11.341084,22,6,8,0,0,0,1,0,0,1,0,0,0,0,1,0,0
Orca: The Killer Whale,1977-07-22,1977,6000000.0,14717854,92.0,5.253453,11,12,5,0,0,1,0,0,0,0,0,1,1,0,0,0,0
Anonymous,2011-10-21,2011,30000000.0,15395087,130.0,13.413895,78,2,7,0,0,1,0,1,0,0,0,0,0,0,0,0,0
The Comedians,1967-10-31,1967,,5200000,152.0,2.86317,13,3,2,0,1,1,0,0,0,0,0,0,0,0,0,0,0
Pulse,2006-08-11,2006,38000000.0,29907685,90.0,10.307277,15,9,5,1,0,0,0,1,0,0,0,0,1,0,0,0,0
Turbulence,1997-01-09,1997,55000000.0,11466088,100.0,5.304043,45,32,6,1,0,0,0,1,1,0,1,0,0,0,0,0,0
Love & Other Drugs,2010-11-22,2010,30000000.0,102820008,112.0,7.575696,21,4,7,0,0,1,1,0,0,1,0,0,0,0,0,0,0
2:22,2017-06-29,2017,,422,99.0,37.484577,16,7,0,0,1,1,0,1,0,0,0,0,0,0,0,0,0
Memoirs of a Geisha,2005-12-06,2005,85000000.0,162242962,145.0,7.680762,21,15,6,0,0,1,0,0,0,1,0,0,0,0,0,0,0
Lost in the Sun,2015-11-05,2015,25000.0,25000,95.0,3.985181,6,2,1,0,0,1,0,1,1,0,1,0,0,0,0,0,0
The Satanic Rites of Dracula,1973-11-03,1973,,544476,87.0,2.067929,16,10,5,1,1,0,0,0,0,0,0,0,1,0,0,0,0
Stir Crazy,1980-12-12,1980,,101300000,111.0,6.481464,16,14,4,0,1,0,1,0,0,0,0,0,0,0,0,0,0
Empire State,2013-09-03,2013,11000000.0,3639345,94.0,9.003792,19,50,2,0,0,1,0,0,1,0,0,0,0,0,0,0,0
American Warships,2012-05-15,2012,,1000000,90.0,3.985291,7,2,1,0,1,0,0,1,1,0,0,0,0,1,0,0,0
Battleship Potemkin,1925-12-24,1925,,45100,75.0,12.912845,23,20,13,0,1,1,0,0,0,0,0,0,0,0,0,0,0
Hannah Montana: The Movie,2009-04-10,2009,35000000.0,155545279,102.0,6.332878,15,41,9,0,0,1,1,0,0,1,0,0,0,0,1,0,0
All Night Long,1981-03-06,1981,,10000000,87.0,0.708186,9,11,2,0,1,0,1,0,0,1,0,0,0,0,0,0,0
Cell 211,2009-11-06,2009,5700000.0,19300483,110.0,8.075698,25,38,10,0,0,1,0,1,1,0,0,0,0,0,0,0,0
The Canyons,2013-07-29,2013,250000.0,56825,99.0,4.281631,18,32,17,0,0,1,0,1,0,0,0,0,0,0,0,0,0
Tracers,2015-01-15,2015,11000000.0,593683,94.0,9.056173,21,21,6,0,0,1,0,0,1,0,1,0,0,0,0,0,0
The Trouble with Harry,1955-10-03,1955,1200000.0,7000000,99.0,6.486117,14,18,7,0,0,0,1,1,0,0,0,0,0,0,0,0,1
3 Strikes,2000-03-01,2000,6000000.0,9000000,82.0,0.651625,13,2,1,0,0,0,1,0,1,1,0,0,0,0,0,0,0
War of the Arrows,2011-08-10,2011,8000000.0,49000000,122.0,7.030308,11,13,2,0,0,1,0,1,1,0,0,0,0,0,0,0,0
The Women,2008-09-12,2008,16000000.0,50007546,114.0,6.62363,11,1,3,0,0,1,1,0,0,1,0,0,0,0,0,0,0
Thumbsucker,2005-01-23,2005,,1919197,96.0,5.884228,8,18,12,0,1,1,1,0,0,0,0,0,0,0,0,0,0
Django,1966-04-05,1966,,17277,93.0,4.891638,9,12,6,1,1,0,0,0,1,0,0,0,0,0,0,0,0
Stolen,2012-05-17,2012,35000000.0,2106557,96.0,7.759429,13,13,3,0,0,1,0,1,1,0,1,0,0,0,0,0,0
Marvin's Room,1996-12-18,1996,23000000.0,12803305,98.0,5.307984,18,43,6,0,0,1,0,0,0,0,0,0,0,0,0,0,0
Never Back Down,2008-03-04,2008,20000000.0,41627431,115.0,14.753931,16,66,15,1,0,1,0,0,1,0,0,0,0,0,0,0,0
Lady Macbeth,2017-01-20,2017,,923,89.0,9.732026,10,16,10,0,1,1,0,0,0,0,0,0,0,0,0,0,0
The Princess Diaries,2001-08-03,2001,37000000.0,165335153,115.0,7.387171,85,10,9,1,0,0,1,0,0,1,0,0,0,0,1,0,0
Running with Scissors,2006-10-27,2006,12000000.0,6754898,116.0,4.926507,16,28,8,0,0,1,1,0,0,0,0,0,0,0,0,0,0
The Edge of Heaven,2007-09-27,2007,3800000.0,17804565,122.0,10.083019,7,28,11,0,0,1,0,0,0,0,0,0,0,0,0,0,0
Visaranai,2016-02-04,2016,325000.0,1600000,118.0,0.867549,11,12,5,0,0,1,0,1,0,0,0,0,0,0,0,0,0
Some Like It Hot,1959-03-18,1959,2883848.0,25000000,122.0,11.845107,44,40,12,0,0,0,1,0,0,1,0,0,0,0,0,0,0
The Disappearance of Alice Creed,2009-09-12,2009,800000.0,867714,100.0,7.271526,3,33,6,0,0,1,0,1,0,0,1,0,0,0,0,0,0
Dante's Peak,1997-02-07,1997,116000000.0,178127760,108.0,7.240753,16,107,23,0,0,0,0,1,1,0,0,1,0,0,0,0,0
Bringing Down the House,2003-03-07,2003,20000000.0,132675402,105.0,5.762343,59,10,5,0,0,0,1,0,0,0,0,0,0,0,0,0,0
The Beaver,2011-02-11,2011,21000000.0,970816,91.0,5.484379,7,17,2,0,0,1,0,0,0,0,0,0,0,0,0,0,0
All the King's Men,2006-09-10,2006,55000000.0,9450897,125.0,7.991168,12,23,14,0,0,1,0,1,0,0,0,0,0,0,0,0,0
Paranormal Activity 3,2011-10-19,2011,5000000.0,205703818,83.0,10.996308,11,24,6,1,0,0,0,0,0,0,0,0,1,0,0,0,0
Sacco and Vanzetti,2006-04-06,2006,,31894,80.0,0.240888,3,2,0,0,1,0,0,0,0,0,0,0,0,0,0,0,0
Sleepers,1996-10-18,1996,44000000.0,165615285,147.0,9.198283,21,16,11,0,0,1,0,1,0,0,1,0,0,0,0,0,0
Frequency,2000-04-28,2000,31000000.0,68106245,118.0,10.163266,20,88,24,0,0,1,0,1,0,0,1,0,0,1,0,0,0
The Broken Circle Breakdown,2012-10-09,2012,,5475058,112.0,12.507625,9,11,0,0,1,1,0,0,0,0,0,0,0,0,0,0,0
Wreck-It Ralph,2012-11-01,2012,165000000.0,471222889,108.0,13.697597,66,38,18,1,0,0,1,0,0,0,0,1,0,0,1,0,0
Planes: Fire & Rescue,2014-07-17,2014,50000000.0,151165787,83.0,7.579855,37,16,4,1,0,0,1,0,0,0,0,1,0,0,1,0,0
Tomorrowland,2015-05-19,2015,190000000.0,209154322,130.0,22.296076,52,93,7,0,0,0,0,0,0,0,0,1,0,1,1,0,1
Sympathy for Lady Vengeance,2005-07-29,2005,,23803308,115.0,7.400261,18,18,1,1,1,1,0,1,0,0,0,0,0,0,0,0,0
Surf's Up,2007-06-08,2007,85000000.0,149044513,85.0,11.526339,15,19,9,1,0,0,1,0,0,0,0,0,0,0,1,0,0
Lolita,1997-09-27,1997,62000000.0,1060056,137.0,10.618141,15,34,20,0,0,1,0,0,0,1,0,0,0,0,0,0,0
The Fan,1996-08-15,1996,55000000.0,18626419,116.0,12.202063,10,21,10,0,0,1,0,1,0,0,0,0,0,0,0,0,1
The Nice Guys,2016-05-15,2016,50000000.0,62788218,116.0,16.075615,23,23,12,0,0,0,1,1,1,0,1,0,0,0,0,0,0
Trolls,2016-10-13,2016,125000000.0,346864462,92.0,16.83711,32,10,2,0,0,0,0,0,0,0,0,1,0,0,1,0,0
Miss Congeniality,2000-12-14,2000,45000000.0,212000000,111.0,9.510762,17,31,3,1,0,0,1,0,1,0,1,0,0,0,0,0,0
The Man Who Knew Infinity,2016-04-08,2016,,11472454,108.0,8.445423,14,6,6,0,1,1,0,0,0,0,0,0,0,0,0,0,0
The Sisterhood of the Traveling Pants 2,2008-08-06,2008,27000000.0,44352417,117.0,4.631978,25,3,5,1,0,1,1,0,0,0,0,1,0,0,1,0,0
Woman Thou Art Loosed,2004-09-30,2004,3000000.0,6804016,94.0,0.129004,5,2,1,0,0,1,0,0,0,0,0,0,0,0,0,0,0
The Family,2013-09-13,2013,30000000.0,36894225,111.0,8.047735,24,4,4,0,0,0,1,0,1,0,1,0,0,0,0,0,0
Elections Day 2,2016-02-18,2016,,4314688,105.0,0.796854,16,4,0,1,1,0,1,0,0,0,0,0,0,0,0,0,0
The Prince of Egypt,1998-12-15,1998,70000000.0,218613188,99.0,11.898185,22,27,10,0,0,1,0,0,0,0,0,1,0,0,1,0,0
Corky Romano,2001-10-12,2001,11000000.0,23978402,86.0,4.890067,15,3,0,0,0,0,1,0,1,0,1,0,0,0,0,0,0
The Beauty Inside,2015-08-20,2015,,108083,127.0,2.978534,23,1,1,0,1,0,0,0,0,1,0,0,0,0,0,1,0
Miss Sloane,2016-11-25,2016,13000000.0,3500605,132.0,14.017754,25,49,6,0,0,1,0,1,0,0,0,0,0,0,0,0,0
The Call,2013-03-14,2013,13000000.0,68572378,94.0,8.611077,11,15,12,0,0,0,0,1,0,0,1,0,0,0,0,0,0
10 Cloverfield Lane,2016-03-10,2016,15000000.0,108286421,103.0,14.421528,10,59,8,0,0,1,0,1,0,0,0,0,0,1,0,0,0
Proof,1991-08-15,1991,,524668,86.0,2.616309,12,8,5,0,1,1,0,0,0,0,0,0,0,0,0,0,0
Sweet November,2001-02-16,2001,40000000.0,65754228,119.0,14.840318,15,20,2,0,0,1,0,0,0,1,0,0,0,0,0,0,0
Polisse,2011-10-06,2011,,20374201,127.0,8.98296,46,11,1,0,1,1,0,0,0,0,0,0,0,0,0,0,0
The Babe,1992-04-17,1992,,17530973,115.0,4.337214,34,16,4,0,1,1,0,0,0,0,0,0,0,0,0,0,0
In the Line of Fire,1993-07-08,1993,40000000.0,176997168,128.0,12.637158,40,36,11,0,0,1,0,1,1,0,1,0,0,0,0,0,1
Private Lessons,1981-08-21,1981,2800000.0,26279000,87.0,8.173864,9,15,39,0,0,0,1,0,0,1,0,0,0,0,0,0,0
Videocracy,2009-09-04,2009,700000.0,1179676,85.0,0.712844,7,2,2,0,0,0,0,0,0,0,0,0,0,0,0,0,0
Night Of The Living Dead 3D,2007-05-06,2007,3000000.0,1449945,80.0,1.017103,15,9,0,0,0,0,0,0,0,0,0,0,1,0,0,0,0
Tomorrow,2015-12-02,2015,,43471,118.0,4.241058,4,3,2,0,1,0,0,0,0,0,0,0,0,0,0,0,0
The Physician,2013-12-25,2013,32000000.0,57284237,155.0,13.332387,13,51,8,0,0,1,0,0,0,0,0,1,0,0,0,0,0
I Don't Know How She Does It,2011-09-16,2011,24000000.0,30551495,89.0,6.562982,14,4,5,0,0,0,1,0,0,1,0,0,0,0,0,0,0
D.A.R.Y.L.,1985-06-14,1985,,7840873,100.0,5.385862,8,10,5,0,1,0,0,0,0,0,0,0,0,1,1,0,0
Superman Returns,2006-06-28,2006,270000000.0,391081192,154.0,13.284712,18,24,10,1,0,0,0,0,1,0,0,1,0,1,0,1,0
Shaft,2000-06-15,2000,46000000.0,107196498,99.0,7.420019,12,16,11,1,0,0,0,1,1,0,1,1,0,0,0,0,0
Parental Guidance,2012-12-25,2012,25000000.0,119772232,104.0,11.746053,18,10,0,0,0,0,1,0,0,0,0,0,0,0,0,0,0
Priest,2011-05-05,2011,60000000.0,78309131,87.0,8.259952,11,17,8,0,0,0,0,1,1,0,0,0,1,1,0,1,0
The Other Woman,2010-10-28,2010,30000000.0,102000000,98.0,6.212898,16,75,3,0,0,1,0,0,0,0,0,0,0,0,0,0,0
Russian Dolls,2005-06-15,2005,13000000.0,23727301,129.0,6.361343,27,5,14,1,0,1,1,0,0,1,0,0,0,0,0,0,0
Moon,2009-06-12,2009,5000000.0,9760104,97.0,13.336773,10,23,9,0,0,1,0,0,0,0,0,0,0,1,0,0,0
The Ugly Truth,2009-07-24,2009,38000000.0,205298907,96.0,8.450799,74,17,5,0,0,0,1,0,0,1,0,0,0,0,0,0,0
My Left Foot: The Story of Christy Brown,1989-07-21,1989,645180.0,14743391,103.0,5.841931,22,39,11,0,0,1,0,0,0,0,0,0,0,0,0,0,0
Behind the Burly Q,2010-04-23,2010,250000.0,23859,97.0,0.386717,6,2,5,0,0,0,0,0,0,0,0,0,0,0,0,0,0
The Water Diviner,2014-12-25,2014,22500000.0,15520023,112.0,9.615664,24,111,8,0,0,1,0,0,0,0,0,0,0,0,0,0,0
Moscow Heat,2004-11-24,2004,,1100000,89.0,1.123409,7,6,0,0,1,1,0,1,1,0,0,0,0,0,0,0,0
Heartbeats,2010-05-16,2010,,62985,97.0,5.483163,16,14,5,0,1,1,0,0,0,1,0,0,0,0,0,0,0
Class of 1999,1990-05-11,1990,5200000.0,2459895,99.0,6.700173,13,9,16,1,0,0,0,1,0,0,0,0,0,1,0,0,0
Final Destination 2,2003-01-31,2003,26000000.0,90426405,90.0,12.638573,31,88,3,1,0,0,0,0,0,0,0,0,1,0,0,0,1
Psycho III,1986-06-27,1986,,14481606,93.0,6.345885,12,32,17,1,1,0,0,1,0,0,0,0,1,0,0,0,0
Batman: The Killing Joke,2016-07-21,2016,3500000.0,3775000,72.0,6.488277,10,14,14,0,0,1,0,0,1,0,1,0,0,0,0,0,0
Song to Song,2017-03-17,2017,10000000.0,443684,129.0,12.928712,66,24,1,0,0,1,0,0,0,1,0,0,0,0,0,0,0
Missing in Action 2: The Beginning,1985-03-01,1985,2410000.0,10755447,100.0,9.110348,19,10,9,1,0,0,0,0,1,0,0,1,0,0,0,0,0
Jane Eyre,2011-03-11,2011,,34710627,120.0,7.089084,35,4,15,0,1,1,0,0,0,1,0,0,0,0,0,0,0
And So It Goes,2014-07-20,2014,18000000.0,25312387,94.0,7.69684,33,16,5,0,0,1,1,0,0,1,0,0,0,0,0,0,0
Clean and Sober,1988-08-10,1988,,8674093,124.0,2.821608,8,2,3,0,1,1,0,0,0,0,0,0,0,0,0,0,0
Myra Breckinridge,1970-06-24,1970,5000000.0,3000000,94.0,0.619657,16,5,1,0,0,1,1,0,0,0,0,0,0,0,0,0,0
Rabbit Hole,2010-12-16,2010,5000000.0,5129058,91.0,7.007993,28,10,10,0,0,1,0,0,0,0,0,0,0,0,0,0,0
Sleepwalkers,1992-04-10,1992,,30524763,91.0,5.695003,17,16,5,0,1,0,0,1,0,0,0,0,1,0,0,1,0
State of Play,2009-04-17,2009,60000000.0,87784194,127.0,8.905732,22,25,16,0,0,0,0,0,1,0,0,0,0,0,0,0,0
The Death and Life of Bobby Z,2007-07-23,2007,22000000.0,413454,97.0,10.77166,23,29,17,0,0,1,0,1,1,0,1,0,0,0,0,0,0
Scarface,1983-12-08,1983,25000000.0,65884703,170.0,11.299673,63,42,10,0,0,1,0,1,1,0,1,0,0,0,0,0,0
Under Electric Clouds,2015-02-10,2015,,80551,137.0,0.66989,9,5,0,0,1,1,0,0,0,0,0,0,0,1,0,0,0
Rent,2005-11-23,2005,40000000.0,31670620,135.0,9.530278,13,25,14,0,0,1,0,0,0,1,0,0,0,0,0,0,0
Mannequin Two: On the Move,1991-01-07,1991,13000000.0,3752426,95.0,2.62835,65,22,27,1,0,0,1,0,0,1,0,0,0,1,0,1,0
A Patch of Blue,1965-12-10,1965,800000.0,6792000,105.0,2.46167,15,24,10,0,0,1,0,0,0,1,0,0,0,0,0,0,0
I Am Ali,2014-10-10,2014,,7205,111.0,3.191386,15,13,4,0,1,0,0,0,0,0,0,0,0,0,0,0,0
Mambo Italiano,2003-06-06,2003,4361898.0,3031801,92.0,2.873356,15,12,16,0,0,0,1,0,0,1,0,0,0,0,0,0,0
Troll Hunter,2010-10-29,2010,3500000.0,4159678,103.0,6.097684,7,36,13,0,0,0,0,0,0,0,0,0,1,0,0,1,0
The Aviator,2004-12-17,2004,116000000.0,102000000,170.0,9.86738,65,149,9,0,0,1,0,0,0,0,0,0,0,0,0,0,0
The Last Supper,1995-09-08,1995,,442965,92.0,4.619915,18,17,18,0,1,1,1,1,0,0,1,0,0,0,0,0,0
It's Kind of a Funny Story,2010-07-06,2010,8000000.0,6491240,101.0,8.172013,28,28,9,0,0,1,1,0,0,0,0,0,0,0,0,0,0
Hard Candy,2005-01-14,2005,950000.0,7022209,103.0,9.62025,5,15,40,0,0,1,0,1,0,0,0,0,0,0,0,0,0
The Irony of Fate. The Sequel,2007-12-21,2007,5000000.0,55635037,125.0,1.792402,10,4,0,1,0,1,1,0,0,1,0,0,0,0,0,0,0
Night Watch,2004-06-27,2004,4200000.0,32000000,114.0,8.803869,18,12,9,1,0,0,0,1,1,0,0,0,0,0,0,1,0
Hansel & Gretel: Witch Hunters,2013-01-17,2013,50000000.0,224803475,88.0,10.337211,23,24,16,0,0,0,0,0,1,0,0,0,1,0,0,1,0
Predator 2,1990-11-20,1990,35000000.0,57120318,108.0,11.736241,38,83,5,1,0,0,0,1,1,0,0,0,0,1,0,0,0
"The Beast from 20,000 Fathoms",1953-06-13,1953,210000.0,5000000,80.0,3.424057,18,18,15,0,0,0,0,0,0,0,0,1,1,1,0,0,0
The Year of Living Dangerously,1982-12-17,1982,6000000.0,1317657,115.0,13.293569,10,9,4,0,0,1,0,0,0,1,0,0,0,0,0,0,0
Alesha Popovich and Tugarin the Dragon,2004-12-23,2004,4000000.0,1730000,72.0,1.760091,11,1,9,1,0,1,1,0,0,0,0,0,0,0,0,0,0
Butch Cassidy and the Sundance Kid,1969-09-23,1969,6000000.0,102308889,110.0,6.714577,21,17,3,0,0,1,0,0,0,0,1,0,0,0,0,0,0
Free Willy,1993-07-16,1993,20000000.0,153698625,112.0,5.990572,15,11,8,1,0,0,0,0,0,0,0,1,0,0,1,0,0
Annabelle,2014-10-02,2014,6500000.0,255273813,99.0,23.242452,23,46,8,1,0,0,0,0,0,0,0,0,1,0,0,0,0
The Crying Game,1992-09-02,1992,3705538.0,62548947,112.0,7.404329,18,8,10,0,0,1,0,1,0,1,1,0,0,0,0,0,0
Raising Cain,1992-08-07,1992,12000000.0,37170057,91.0,8.816951,22,23,0,0,0,1,0,1,0,0,1,0,1,0,0,0,0
Lars and the Real Girl,2007-10-12,2007,12000000.0,11293663,106.0,8.025118,15,14,7,0,0,1,1,0,0,1,0,0,0,0,0,0,0
Percy Jackson & the Olympians: The Lightning Thief,2010-02-01,2010,95000000.0,226497209,118.0,9.785895,91,48,6,1,0,0,0,0,0,0,0,1,0,0,1,1,0
Dylan Dog: Dead of Night,2011-03-16,2011,20000000.0,4634062,107.0,12.763976,14,7,6,0,0,0,1,1,1,0,0,0,1,1,0,0,1
A Band Called Death,2013-06-27,2013,,125,96.0,2.690008,12,8,5,0,1,0,0,0,0,0,0,0,0,0,0,0,0
Sunset Boulevard,1950-08-10,1950,1752000.0,5000000,110.0,11.709777,59,31,11,0,0,1,0,0,0,0,0,0,0,0,0,0,0
Harold & Kumar Escape from Guantanamo Bay,2008-04-25,2008,12000000.0,43493123,107.0,13.065315,19,7,3,1,0,0,1,0,0,0,0,1,0,0,0,0,0
Snakes on a Plane,2006-08-06,2006,33000000.0,62022014,105.0,7.418574,19,19,10,0,0,0,0,1,1,0,1,0,1,0,0,0,0
The Wedding Ringer,2015-01-16,2015,23000000.0,79799880,101.0,12.21459,23,4,5,0,0,0,1,0,0,0,0,0,0,0,0,0,0
The Book Thief,2013-11-08,2013,,76586316,131.0,16.373622,35,67,4,0,1,1,0,0,0,0,0,0,0,0,0,0,0
Happiness,1998-10-16,1998,3000000.0,2807390,139.0,5.493697,18,7,13,0,0,1,1,0,0,0,0,0,0,0,0,0,0
Stay Tuned,1992-08-14,1992,25000000.0,10736401,87.0,13.72021,11,12,1,0,0,0,1,0,0,0,0,0,0,0,0,1,0
Little Miss Marker,1980-03-21,1980,,6321392,103.0,1.014961,11,10,0,0,1,1,1,0,0,1,0,0,0,0,1,0,0
Love and the City 2,2010-02-25,2010,,10198357,93.0,0.318437,10,2,0,1,1,0,1,0,0,1,0,0,0,0,0,0,0
Some Girls,1988-09-09,1988,,401421,94.0,2.903563,9,14,3,0,1,1,1,0,0,1,0,0,0,0,0,0,0
Rescue Under Fire,2017-03-10,2017,,5000000,93.0,33.536359,13,3,3,0,1,0,0,0,0,0,0,0,0,0,0,0,0
Piku,2015-05-08,2015,5500000.0,22159216,123.0,2.942711,4,7,0,0,0,1,1,0,0,0,0,0,0,0,0,0,0
No Strings Attached,2011-01-21,2011,25000000.0,147780440,107.0,8.88057,31,80,15,0,0,0,1,0,0,1,0,0,0,0,0,0,0
House of the Dead,2003-04-11,2003,7000000.0,13818181,90.0,5.701278,17,97,5,1,0,0,0,1,1,0,0,0,1,0,0,0,0
Bachelorette,2012-08-06,2012,3000000.0,11947954,87.0,10.893224,15,63,12,0,0,0,1,0,0,1,0,0,0,0,0,0,0
Shadow Conspiracy,1997-01-31,1997,45000000.0,2154540,103.0,3.733574,15,3,0,0,0,0,0,1,1,0,0,0,0,0,0,0,0
Battle: Los Angeles,2011-03-08,2011,70000000.0,202466756,116.0,6.753746,62,95,20,0,0,0,0,0,1,0,0,0,0,1,0,0,0
The Grudge 3,2009-05-12,2009,5000000.0,38610009,90.0,10.510468,10,35,12,1,0,0,0,1,0,0,0,0,1,0,0,0,1
Resident Evil: Retribution,2012-09-12,2012,65000000.0,240159255,95.0,0.948759,26,19,13,1,0,0,0,0,1,0,0,0,1,1,0,0,0
Stake Land,2010-09-30,2010,650000.0,33245,98.0,7.814255,14,18,3,1,0,1,0,1,1,0,0,0,1,1,0,0,0
Signs,2002-08-02,2002,72000000.0,408247917,106.0,11.211568,15,88,12,0,0,1,0,1,0,0,0,0,0,1,0,0,1
Glory,1989-12-15,1989,18000000.0,26828365,122.0,7.521346,17,44,6,0,0,0,0,0,0,0,0,0,0,0,0,0,0
Act of Valor,2012-02-24,2012,12000000.0,81272766,110.0,12.159818,19,44,16,0,0,0,0,1,1,0,0,0,0,0,0,0,0
Campus Man,1987-04-10,1987,,989000,94.0,0.000844,8,7,0,0,1,0,1,0,0,0,0,0,0,0,0,0,0
Being Elmo: A Puppeteer's Journey,2011-10-21,2011,,286201,80.0,6.94881,10,10,5,0,1,0,0,0,0,0,0,0,0,0,1,0,0
Pride and Prejudice and Zombies,2016-02-04,2016,28000000.0,16374328,108.0,7.954623,22,13,10,0,0,0,1,1,0,1,0,0,1,0,0,0,0
"Die, Mommie, Die!",2003-10-31,2003,,320092,90.0,0.950658,14,7,1,0,1,0,1,0,0,0,0,0,0,0,0,0,0
O,2001-08-31,2001,,16017403,95.0,5.378833,10,17,9,0,1,1,0,1,0,1,0,0,0,0,0,0,0
Rosewood,1997-02-21,1997,30000000.0,13130349,140.0,2.899809,30,25,1,0,0,1,0,0,0,0,0,0,0,0,0,0,0
Sleeping with Other People,2015-06-26,2015,,3214116,100.0,8.844452,15,30,6,0,1,0,1,0,0,0,0,0,0,0,0,0,0
The Saint,1997-04-03,1997,68000000.0,118063304,116.0,10.97633,28,18,5,1,0,0,0,1,1,1,0,1,0,1,0,0,0
Toy Story,1995-10-30,1995,30000000.0,373554033,81.0,21.946943,13,106,9,1,0,0,1,0,0,0,0,0,0,0,1,0,0
Krampus,2015-11-26,2015,15000000.0,61548707,98.0,15.553313,21,62,17,0,0,0,1,0,0,0,0,0,1,0,0,1,0
Gun Shy,2000-02-04,2000,10000000.0,1631839,101.0,6.370105,16,2,3,0,0,0,1,1,1,1,0,0,0,0,0,0,0
Sinister 2,2015-08-19,2015,10000000.0,52882018,97.0,17.602928,22,71,3,1,0,0,0,0,0,0,0,0,1,0,0,0,0
Zodiac,2007-03-02,2007,65000000.0,84785914,157.0,19.083823,26,43,16,0,0,1,0,1,0,0,1,0,0,0,0,0,1
Up in the Air,2009-09-05,2009,25000000.0,163670000,109.0,8.338562,15,35,7,0,0,1,0,0,0,1,0,0,0,0,0,0,0
Children of the Corn,1984-03-09,1984,800000.0,14000000,93.0,11.84696,18,22,11,1,0,1,0,1,0,0,0,0,1,0,0,1,0
American Dream,1990-09-28,1990,,269823,98.0,0.075885,4,4,1,0,1,0,0,0,0,0,0,0,0,0,0,0,0
A Street Cat Named Bob,2016-11-04,2016,8000000.0,82703,103.0,9.609879,31,27,11,0,0,1,1,0,0,0,0,0,0,0,1,0,0
Things Are Tough All Over,1982-08-04,1982,,21134374,90.0,9.442756,35,6,21,1,1,0,1,0,1,0,0,0,0,0,0,0,0
After Earth,2013-05-30,2013,130000000.0,243843127,100.0,10.747642,19,86,1,0,0,0,0,0,1,0,0,1,0,1,0,0,0
Petersburg: Only for Love,2016-09-22,2016,,243000,111.0,0.780748,10,14,1,0,1,1,1,0,0,1,0,0,0,0,0,0,0
Renaissance,2006-03-16,2006,18000000.0,1831348,105.0,9.746725,15,9,20,0,0,0,0,0,1,0,0,0,0,1,0,0,0
Pixels,2015-07-16,2015,88000000.0,243637091,105.0,21.14796,72,40,5,0,0,0,1,0,1,0,0,0,0,1,0,0,0
THX 1138,1971-03-11,1971,777000.0,2437000,86.0,8.152085,14,12,11,0,0,1,0,0,0,0,0,0,0,1,0,0,1
High Crimes,2002-04-03,2002,42000000.0,63781810,115.0,8.371005,36,14,14,0,0,1,0,1,0,0,1,0,0,0,0,0,1
Leprechaun 2,1994-04-07,1994,2000000.0,2260622,85.0,3.3924,10,5,2,1,0,0,1,0,0,0,0,0,1,0,0,0,0
Yves Saint Laurent,2014-01-08,2014,12000000.0,21026290,106.0,4.726238,16,13,3,0,0,1,0,0,0,0,0,0,0,0,0,0,0
Sordid Lives,2001-05-11,2001,,1079726,111.0,1.650666,15,2,11,0,1,0,1,0,0,0,0,0,0,0,0,0,0
Hard to Kill,1990-02-09,1990,10000000.0,47410000,96.0,7.176601,24,8,3,0,0,0,0,1,1,0,0,0,0,0,0,0,0
Gnomeo & Juliet,2011-01-13,2011,36000000.0,189712432,84.0,9.244469,14,8,9,0,0,0,0,0,0,0,0,0,0,0,1,0,0
One Day,2011-03-02,2011,15000000.0,59389433,107.0,11.239012,31,6,11,0,0,1,0,0,0,1,0,0,0,0,0,0,0
1969,1988-08-18,1988,,5979011,95.0,2.238458,7,2,2,0,1,1,0,0,0,0,0,0,0,0,0,0,0
Free Style,2008-12-24,2008,,140987,94.0,0.739681,3,3,1,0,1,1,0,0,0,0,0,0,0,0,1,0,0
Latter Days,2003-07-10,2003,850000.0,819939,107.0,3.334942,11,2,4,0,0,1,1,0,0,1,0,0,0,0,0,0,0
Suffragette,2015-10-16,2015,14000000.0,16002420,106.0,8.093442,22,57,7,0,0,1,0,0,0,0,0,0,0,0,0,0,0
Planet Hulk,2010-02-02,2010,,7000000,81.0,5.769957,9,3,9,0,1,0,0,0,1,0,0,0,0,1,0,0,0
The Awakening,2011-08-17,2011,4798235.0,209696,107.0,9.336568,30,31,16,0,0,0,0,1,0,0,0,0,1,0,0,0,0
A Better Life,2011-06-24,2011,10000000.0,1759252,98.0,3.033797,12,31,7,0,0,1,0,0,0,0,0,0,0,0,0,0,0
True Story,2015-04-17,2015,,4719695,100.0,7.87202,34,13,7,0,1,1,0,0,0,0,1,0,0,0,0,0,1
All at Once,2014-06-05,2014,750000.0,3,104.0,0.201582,10,3,2,0,0,0,1,0,0,0,1,0,0,0,0,0,0
La vérité si je mens !,1997-04-01,1997,4000000.0,29456000,100.0,5.099557,35,9,0,1,0,0,1,0,0,0,0,0,0,0,0,0,0
Soapdish,1991-05-31,1991,,36489888,97.0,9.904821,13,2,3,0,1,1,1,0,0,1,0,0,0,0,0,0,0
Elvis & Nixon,2016-04-22,2016,,1055287,87.0,5.966121,17,14,8,0,1,0,1,0,0,0,0,0,0,0,0,0,0
Daybreakers,2009-01-06,2009,20000000.0,51416464,98.0,10.038613,16,67,15,0,0,0,0,1,1,0,0,0,1,1,0,1,0
The Reluctant Fundamentalist,2013-03-17,2013,,519535,130.0,6.231928,11,7,11,0,1,0,0,1,0,0,0,0,0,0,0,0,0
The Haunted Mansion,2003-11-25,2003,90000000.0,182290266,87.0,11.605735,25,12,7,0,0,0,1,1,0,0,0,0,0,0,1,1,1
Varalaru,2006-10-20,2006,500000.0,500000,157.0,0.482527,19,6,1,0,0,1,0,0,0,0,0,0,0,0,0,0,0
Jimmy Vestvood: Amerikan Hero,2016-03-13,2016,2500000.0,230069,84.0,1.216497,11,3,0,0,0,0,1,0,0,0,0,0,0,0,0,0,0
How to Train Your Dragon 2,2014-06-12,2014,145000000.0,609123048,102.0,12.256689,17,29,11,1,0,0,1,0,1,0,0,1,0,0,1,1,0
"Bless Me, Ultima",2013-02-22,2013,,1553826,106.0,0.779768,11,3,0,0,1,1,0,0,0,0,0,0,0,0,0,0,0
A Perfect World,1993-11-24,1993,30000000.0,135130999,138.0,8.040589,29,14,6,0,0,1,0,1,0,0,1,0,0,0,0,0,0
Tyrannosaur,2011-10-07,2011,,22321,93.0,4.548774,18,10,2,0,1,1,0,0,0,1,0,0,0,0,0,0,0
Hercules,1983-08-12,1983,,10676194,98.0,1.567626,19,15,4,1,1,0,0,0,1,0,0,1,0,0,0,1,0
Beerfest,2006-08-25,2006,17500000.0,19179969,110.0,7.481125,26,23,6,0,0,0,1,0,0,0,0,0,0,0,0,0,0
Bottle Rocket,1996-02-21,1996,7000000.0,560069,91.0,6.904831,12,18,12,0,0,1,1,0,0,0,1,0,0,0,0,0,0
The Legend of Zorro,2005-10-24,2005,75000000.0,142400065,129.0,8.940007,17,19,9,1,0,0,0,0,1,0,0,1,0,0,0,0,0
The Frozen Ground,2013-07-18,2013,27220000.0,5496951,105.0,12.388833,19,12,5,0,0,0,0,1,0,0,1,0,0,0,0,0,0
Stone,2010-10-07,2010,22000000.0,9479718,105.0,11.275132,11,2,12,0,0,1,0,0,0,0,0,0,0,0,0,0,0
Fire and Ice,1983-03-25,1983,1200000.0,760883,81.0,8.471302,14,14,2,0,0,0,0,0,0,0,0,0,0,1,0,1,0
The Serpent and the Rainbow,1988-02-05,1988,7000000.0,19595031,98.0,7.791952,19,22,30,0,0,0,0,1,0,0,0,0,1,0,0,0,0
"Like Father, Like Son",2013-09-28,2013,,19978961,121.0,7.074042,12,13,4,0,1,1,0,0,0,0,0,0,0,0,0,0,0
The Boondock Saints,1999-01-22,1999,6000000.0,30471,108.0,12.457908,15,16,9,1,0,0,0,1,1,0,1,0,0,0,0,0,0
The Place Beyond the Pines,2013-03-20,2013,15000000.0,35485608,140.0,7.492658,33,22,6,0,0,1,0,0,0,0,1,0,0,0,0,0,0
The Big Short,2015-12-11,2015,28000000.0,133346506,130.0,13.143061,103,75,12,0,0,1,1,0,0,0,0,0,0,0,0,0,0
Picture Me,2010-09-19,2010,,11000,88.0,0.535931,4,2,1,0,1,0,0,0,0,0,0,0,0,0,0,0,0
Waitress,2007-05-25,2007,2000000.0,22179430,108.0,11.276024,20,17,3,0,0,0,1,0,0,0,0,0,0,0,0,0,0
Chill Factor,1999-09-01,1999,70000000.0,11263966,101.0,3.062626,9,14,0,0,0,0,1,1,1,0,0,0,0,0,0,0,0
Crocodile Dundee II,1988-05-19,1988,,239606210,110.0,8.948565,10,10,5,1,1,0,1,0,0,0,0,1,0,0,0,0,0
Lady and the Tramp,1955-06-16,1955,,93600000,76.0,12.994387,12,18,7,1,1,0,0,0,0,0,0,0,0,0,1,0,0
Made of Honor,2008-05-02,2008,40000000.0,84601681,101.0,6.417385,22,24,8,0,0,0,1,0,0,1,0,0,0,0,0,0,0
Ghajini,2008-12-25,2008,9100000.0,76000000,183.0,4.23908,12,8,2,0,0,1,0,1,1,0,0,0,0,0,0,0,1
Conversations with Other Women,2006-06-07,2006,450000.0,973525,84.0,2.333661,7,2,6,0,0,1,0,0,0,1,0,0,0,0,0,0,0
Lovesong,2017-02-17,2017,,6700,85.0,2.605017,19,73,6,0,1,1,0,0,0,1,0,0,0,0,0,0,0
Graveyard Shift,1990-10-26,1990,10500000.0,11582891,89.0,4.668541,13,3,1,0,0,1,0,0,0,0,0,0,1,0,0,0,0
Lost in Translation,2003-08-31,2003,4000000.0,119723856,102.0,11.609441,22,47,12,0,0,1,0,0,0,0,0,0,0,0,0,0,0
Breakout,1975-05-21,1975,1000000.0,16000000,96.0,2.301183,14,13,6,0,0,0,0,1,1,0,0,1,0,0,0,0,0
Kick-Ass,2010-03-22,2010,28000000.0,96188903,117.0,17.26045,26,42,14,1,0,0,0,0,1,0,1,0,0,0,0,0,0
Red Cliff Part II,2009-01-07,2009,80000000.0,121059225,136.0,7.309903,30,9,1,1,0,1,0,1,1,0,0,0,0,0,0,0,0
The African Queen,1951-12-03,1951,1300000.0,10750000,105.0,6.636872,8,14,20,0,0,0,0,0,0,1,0,1,0,0,0,0,0
"The Tulse Luper Suitcases, Part 1: The Moab Story",2003-05-24,2003,10000000.0,25800,127.0,0.524432,68,11,0,1,0,1,0,1,0,1,0,1,0,0,0,0,0
The King and I,1999-03-19,1999,25000000.0,12000000,87.0,1.466461,9,13,4,0,0,1,0,0,0,0,0,0,0,0,1,0,0
Hoosiers,1986-11-14,1986,9000000.0,28607524,114.0,6.484495,16,31,6,0,0,1,0,0,0,0,0,0,0,0,1,0,0
My Life in Ruins,2009-02-06,2009,17000000.0,20455276,95.0,7.19669,15,2,6,0,0,0,1,0,0,1,0,0,0,0,0,0,0
The Man,2005-09-08,2005,,12382362,83.0,11.127884,23,9,6,0,1,0,1,0,1,0,1,0,0,0,0,0,0
Argo,2012-10-11,2012,44500000.0,232324128,120.0,14.238234,61,58,13,0,0,1,0,1,0,0,0,0,0,0,0,0,0
Highlander II: The Quickening,1991-01-30,1991,30000000.0,15556340,91.0,8.032638,15,5,3,1,0,0,0,0,1,0,0,0,0,1,0,1,0
Whiskey Tango Foxtrot,2016-03-04,2016,35000000.0,23083334,112.0,8.155604,17,65,15,0,0,0,1,0,0,0,0,0,0,0,0,0,0
The Hero,2017-06-09,2017,,3384747,97.0,6.549788,20,23,13,0,1,1,0,0,0,0,0,0,0,0,0,0,0
Ain't Them Bodies Saints,2013-07-03,2013,,1031243,96.0,5.086013,21,22,12,0,1,1,0,0,0,1,1,0,0,0,0,0,0
Arachnophobia,1990-08-09,1990,31000000.0,53208180,103.0,5.418428,32,14,12,0,0,0,1,0,0,0,0,0,1,0,0,0,0
The Lost Weekend,1945-11-25,1945,1250000.0,11000000,101.0,8.731331,59,23,12,0,0,1,0,0,0,0,0,0,0,0,0,0,0
Four Brothers,2005-08-11,2005,45000000.0,92374674,109.0,6.84109,21,57,10,0,0,0,0,0,1,0,1,0,0,0,0,0,0
Quarantine,2008-10-10,2008,12000000.0,40855419,89.0,6.140116,16,11,5,1,0,0,0,1,0,0,0,0,1,1,0,0,0
Coherence,2013-09-19,2013,,102617,89.0,6.851243,8,16,12,0,1,0,0,1,0,0,0,0,0,1,0,0,0
Billy Madison,1995-02-10,1995,10000000.0,26488734,89.0,6.638116,17,30,1,0,0,0,1,0,0,0,0,0,0,0,0,0,0
Not Another Teen Movie,2001-12-07,2001,16000000.0,66468332,89.0,9.101896,96,29,12,0,0,0,1,0,0,0,0,0,0,0,0,0,0
X-Men Origins: Wolverine,2009-04-28,2009,150000000.0,373062864,107.0,1.456541,63,8,8,1,0,0,0,1,1,0,0,1,0,1,0,0,0
Dreaming of Space,2005-06-23,2005,2000000.0,696681,90.0,0.570293,8,2,0,0,0,1,0,0,0,0,0,0,0,0,0,0,0
The Big Bounce,2004-01-30,2004,50000000.0,6808550,88.0,6.496271,15,12,20,0,0,0,1,0,0,0,1,0,0,0,0,0,0
Dracula Untold,2014-10-01,2014,70000000.0,215529201,92.0,16.316318,23,112,9,0,0,1,0,0,1,0,0,0,1,0,0,1,0
Traces of Red,1992-11-13,1992,,3206713,105.0,0.575656,4,4,0,0,1,1,0,1,1,0,1,0,0,0,0,0,1
12 Rounds,2009-03-19,2009,20000000.0,17280326,108.0,13.591485,61,44,5,1,0,1,0,1,1,0,0,1,0,0,0,0,0
10 to Midnight,1983-03-11,1983,4520000.0,7175592,101.0,3.372304,27,12,20,0,0,1,0,1,0,0,1,0,1,0,0,0,0
Human Capital,2014-01-09,2014,6000000.0,5809330,111.0,7.217205,22,4,0,0,0,1,0,0,0,0,0,0,0,0,0,0,0
Louder Than Bombs,2015-05-18,2015,11000000.0,161789,109.0,12.293202,15,17,8,0,0,1,0,0,0,0,0,0,0,0,0,0,0
The Ottoman Lieutenant,2017-03-10,2017,40000000.0,240978,111.0,13.256679,24,4,4,0,0,1,0,0,0,1,0,0,0,0,0,0,0
Alien³,1992-05-22,1992,50000000.0,159773545,114.0,17.126768,25,47,21,1,0,0,0,0,1,0,0,0,1,1,0,0,0
High Art,1998-06-12,1998,,1929168,101.0,7.601439,15,16,13,0,1,1,0,0,0,1,0,0,0,0,0,0,0
Whatever It Takes,2000-03-31,2000,15000000.0,9902115,94.0,3.550711,20,32,0,0,0,1,1,0,0,1,0,0,0,0,0,0,0
Snake Eyes,1998-08-07,1998,73000000.0,103891409,98.0,11.604533,23,78,8,0,0,0,0,0,0,0,1,0,0,0,0,0,1
Cool Runnings,1993-09-30,1993,14000000.0,154864401,98.0,8.30721,15,13,8,0,0,0,1,0,0,0,0,0,0,0,0,0,0
The Life of David Gale,2003-02-21,2003,50000000.0,38955598,130.0,9.930326,125,52,12,0,0,1,0,1,0,0,1,0,0,0,0,0,0
House on Haunted Hill,1999-10-29,1999,19000000.0,40846082,93.0,10.187278,15,95,2,1,0,0,0,1,0,0,0,0,1,0,0,0,1
District 9,2009-08-05,2009,30000000.0,210819611,112.0,11.589835,43,78,20,0,0,0,0,0,0,0,0,0,0,1,0,0,0
The River,1984-12-01,1984,18000000.0,11500000,122.0,6.303384,15,6,1,0,0,1,0,0,0,0,0,0,0,0,0,0,0
The Assassination of Richard Nixon,2004-05-17,2004,,3537961,95.0,10.107677,0,0,38,0,1,1,0,1,0,0,0,0,0,0,0,0,0
A Place Called Chiapas,1998-02-20,1998,891000.0,229000,89.0,0.179246,1,1,1,0,0,0,0,0,0,0,0,0,0,0,0,0,0
Finding Forrester,2000-12-21,2000,43000000.0,80049764,136.0,10.536255,14,10,23,0,0,1,0,0,0,0,0,0,0,0,0,0,0
First Knight,1995-07-07,1995,55000000.0,127600435,134.0,15.178338,16,16,5,0,0,1,0,0,1,1,0,1,0,0,0,0,0
Cabin in the Sky,1943-04-09,1943,662141.0,1606624,98.0,1.233446,15,5,7,0,0,0,0,0,0,0,0,0,0,0,0,1,0
Jackpot,2001-07-26,2001,400000.0,43719,97.0,0.218588,7,4,0,0,0,0,0,0,0,0,0,0,0,0,0,0,0
Rififi,1955-04-13,1955,,460226,122.0,4.071187,22,31,11,0,1,1,0,0,1,0,1,0,0,0,0,0,0
Hercules,1997-06-26,1997,85000000.0,252712101,93.0,14.048694,21,49,7,0,0,0,1,0,0,1,0,1,0,0,1,1,0
Death Race,2008-08-22,2008,45000000.0,73762516,105.0,13.53003,13,57,10,1,0,0,0,1,1,0,0,0,0,1,0,0,0
Being Flynn,2012-03-02,2012,,540152,102.0,4.494016,9,3,2,0,1,1,0,0,0,0,0,0,0,0,0,0,0
High Road to China,1983-03-18,1983,,28400000,105.0,2.738,8,4,9,0,1,1,0,0,0,0,0,1,0,0,0,0,0
The French Connection,1971-10-09,1971,1800000.0,41158757,104.0,6.694959,20,33,11,1,0,0,0,1,1,0,1,0,0,0,0,0,0
Uninvited Guest,1999-06-01,1999,,170832,116.0,0.269126,7,2,1,0,1,1,0,1,0,0,0,0,0,0,0,0,0
Transformers: The Last Knight,2017-06-21,2017,260000000.0,604942143,149.0,39.186819,110,51,2,1,0,0,0,1,1,0,0,1,0,1,0,0,0
In Bruges,2008-02-08,2008,15000000.0,34533783,107.0,9.895652,24,25,6,0,0,1,1,0,0,0,1,0,0,0,0,0,0
Tri bogatyrya i Shamakhanskaya tsaritsa,2010-12-29,2010,3000000.0,19010585,73.0,1.412333,5,2,0,1,0,0,1,0,0,0,0,1,0,0,1,0,0
Pokémon: The Movie 2000,1999-07-17,1999,30000000.0,133949270,84.0,7.554848,8,11,6,1,0,0,0,0,0,0,0,1,0,1,1,1,0
Rocky II,1979-06-15,1979,7000000.0,200182160,119.0,11.789813,14,18,14,1,0,1,0,0,0,0,0,0,0,0,0,0,0
Body of Evidence,1993-01-15,1993,30000000.0,13273595,101.0,4.655727,11,30,8,0,0,1,0,1,0,1,0,0,0,0,0,0,0
Song for Marion,2012-09-15,2012,,1697294,93.0,4.11326,10,2,2,0,1,1,1,0,0,1,0,0,0,0,0,0,0
Idle Hands,1999-04-30,1999,25000000.0,4152230,92.0,6.851628,25,13,9,0,0,0,1,1,0,0,0,0,1,0,0,0,0
L: Change the World,2008-01-31,2008,,30231200,129.0,8.271179,5,3,1,1,1,0,0,1,1,0,0,0,0,1,0,1,1
K-9,1989-04-28,1989,17000000.0,78247647,101.0,5.772293,31,48,11,1,0,0,1,0,1,0,1,0,0,0,0,0,0
Bhaag Milkha Bhaag,2013-07-12,2013,4600000.0,25000000,186.0,4.342418,15,21,14,0,0,1,0,0,1,0,0,0,0,0,0,0,0
From Beyond,1986-06-05,1986,4500000.0,1261000,86.0,7.522655,9,37,3,0,0,0,0,0,0,0,0,0,1,1,0,1,0
Tomorrow Never Dies,1997-12-11,1997,110000000.0,333011068,119.0,17.159576,34,20,17,1,0,0,0,1,1,0,0,1,0,0,0,0,0
Maze Runner: The Scorch Trials,2015-09-09,2015,61000000.0,311256926,132.0,41.225769,37,99,19,1,0,0,0,0,1,0,0,0,0,0,0,0,0
Courageous,2011-09-30,2011,1000000.0,34522221,129.0,7.666558,16,3,2,0,0,1,0,0,0,0,0,0,0,0,0,0,0
The Portrait of a Lady,1996-10-18,1996,,3692836,144.0,4.13905,12,17,9,0,1,1,0,0,0,1,0,0,0,0,0,0,0
Robin Hood: Men in Tights,1993-07-28,1993,20000000.0,35739755,104.0,17.136672,17,75,10,0,0,0,1,0,0,0,0,0,0,0,0,0,0
Drive,2011-08-06,2011,15000000.0,78054825,100.0,15.388875,25,73,14,0,0,1,0,1,1,0,1,0,0,0,0,0,0
Squeeze,1997-06-06,1997,500000.0,10300,95.0,0.321515,37,1,1,0,0,1,0,0,0,0,1,0,0,0,0,0,0
Everything is Illuminated,2005-09-16,2005,7000000.0,2697930,106.0,7.738924,14,24,11,0,0,1,1,0,0,0,0,0,0,0,0,0,0
All About Eve,1950-11-09,1950,1400000.0,63463,138.0,12.06308,21,25,21,0,0,1,0,0,0,0,0,0,0,0,0,0,0
First Strike,1996-02-10,1996,,21890845,107.0,9.206356,17,11,3,1,1,1,1,1,1,0,1,1,0,0,0,0,0
Your Friends & Neighbors,1998-02-04,1998,5000000.0,4710749,100.0,1.564774,6,2,4,0,0,1,1,0,0,0,0,0,0,0,0,0,0
Connie and Carla,2004-04-16,2004,20000000.0,11341016,98.0,9.502332,14,10,3,0,0,0,1,0,0,0,1,0,0,0,0,0,0
Code Name: Jackal,2012-11-15,2012,,1261947,107.0,1.322781,5,2,0,0,1,0,1,0,1,0,0,0,0,0,0,0,0
Sorcerer,1977-06-24,1977,22000000.0,12000000,121.0,13.966833,14,9,13,0,0,0,0,1,1,0,0,1,0,0,0,0,0
Chennai Express,2013-08-09,2013,18000000.0,62000000,141.0,4.19356,11,17,10,0,0,0,1,0,1,1,0,0,0,0,0,0,0
About Last Night,2014-02-14,2014,12500000.0,49002684,100.0,9.543004,12,5,1,0,0,0,1,0,0,1,0,0,0,0,0,0,0
Kabluey,2007-06-25,2007,,83398,86.0,1.773963,8,2,3,0,1,1,1,0,0,0,0,0,0,0,0,0,0
Alone in the Dark,1982-11-12,1982,20000000.0,8178569,93.0,1.057387,27,15,13,0,0,0,0,1,0,0,0,0,1,0,0,0,0
North by Northwest,1959-07-07,1959,4000000.0,13275000,136.0,12.410427,90,35,10,0,0,0,0,1,0,0,0,0,0,0,0,0,1
Taps,1981-12-20,1981,14000000.0,35856053,126.0,5.355452,16,14,10,0,0,1,0,0,0,0,0,0,0,0,0,0,0
The Born Losers,1967-08-18,1967,360000.0,36000000,113.0,1.345165,11,2,4,1,0,1,0,0,1,0,0,0,0,0,0,0,0
Legend,1985-07-19,1985,25000000.0,15502112,94.0,10.932786,17,11,1,0,0,0,0,0,0,0,0,1,0,0,0,1,0
Bedazzled,2000-10-19,2000,48000000.0,90383208,93.0,8.781588,11,19,6,0,0,0,1,0,0,1,0,0,0,0,0,1,0
Dead Poets Society,1989-06-02,1989,16400000.0,235860116,129.0,19.905716,15,11,8,0,0,1,0,0,0,0,0,0,0,0,0,0,0
Ed Wood,1994-09-27,1994,18000000.0,5887457,127.0,11.720358,68,52,23,0,0,1,1,0,0,0,0,0,0,0,0,0,0
The Third Man,1949-08-31,1949,,596349,104.0,8.513889,20,10,21,0,1,0,0,1,0,0,0,0,0,0,0,0,1
Hoop Dreams,1994-09-12,1994,700000.0,7830611,171.0,9.47666,3,3,11,0,0,0,0,0,0,0,0,0,0,0,0,0,0
Aftershock,2012-09-12,2012,2000000.0,58510,89.0,8.367858,15,9,4,0,0,0,0,1,0,0,0,0,1,0,0,0,0
Let Me In,2010-10-01,2010,20000000.0,24145613,116.0,11.11946,24,21,9,0,0,1,0,0,0,0,0,0,1,0,0,0,1
The Craft,1996-05-03,1996,15000000.0,24769466,101.0,12.860385,15,7,14,0,0,1,0,1,0,0,0,0,1,0,0,1,0
Skyline,2010-11-11,2010,10000000.0,66821036,100.0,7.676017,13,22,10,0,0,0,0,0,0,0,0,0,0,1,0,0,0
The Dark Knight,2008-07-16,2008,185000000.0,1004558444,152.0,123.167259,134,81,19,1,0,1,0,1,1,0,1,0,0,0,0,0,0
Serendipity,2001-10-05,2001,28000000.0,77516304,90.0,5.715737,19,27,6,0,0,0,1,0,0,1,0,0,0,0,0,0,0
Johnny Handsome,1989-09-12,1989,20000000.0,7237794,94.0,9.059459,10,26,11,0,0,1,0,0,0,0,1,0,0,0,0,0,0
"Me, You, Them",2000-08-17,2000,1900000.0,2070806,104.0,1.075939,4,3,1,0,0,1,1,0,0,1,0,0,0,0,0,0,0
The 33,2015-08-06,2015,25000000.0,24902723,120.0,8.383246,26,26,6,0,0,1,0,0,0,0,0,0,0,0,0,0,0
The Zero Theorem,2014-01-02,2014,8500000.0,770706,107.0,10.990614,13,47,3,0,0,1,0,0,0,0,0,0,0,1,0,1,0
The Blair Witch Project,1999-07-14,1999,60000.0,248000000,81.0,14.838386,10,28,13,1,0,0,0,0,0,0,0,0,1,0,0,0,1
Children of Heaven,1997-08-01,1997,180000.0,900000,89.0,7.523517,3,2,3,0,0,1,1,0,0,0,0,0,0,0,1,0,0
Waiting to Exhale,1995-12-22,1995,16000000.0,81452156,127.0,3.859495,10,10,5,0,0,1,1,0,0,1,0,0,0,0,0,0,0
Sugar & Spice,2001-01-24,2001,11000000.0,13276953,81.0,7.715908,12,2,15,0,0,0,1,0,0,0,1,0,0,0,0,0,0
The Slugger's Wife,1985-03-29,1985,,1878561,105.0,0.000308,12,2,0,0,1,1,0,0,0,1,0,0,0,0,0,0,0
Easy on the Eyes,2014-02-27,2014,2153912.0,4864560,83.0,0.334881,6,7,3,0,0,0,1,0,0,0,0,0,0,1,0,0,0
The Jackal,1997-11-14,1997,60000000.0,159330280,124.0,11.131917,50,92,3,0,0,0,0,1,1,0,1,1,0,0,0,0,0
Red River,1948-08-26,1948,3000000.0,9012000,133.0,6.09018,15,9,8,0,0,0,0,0,0,0,0,0,0,0,0,0,0
Blue,1993-08-19,1993,,1718328,79.0,1.437622,4,14,7,0,1,1,0,0,0,0,0,0,0,0,0,0,0
"I Love You, Man",2009-03-20,2009,41000000.0,91636986,105.0,12.929653,46,82,3,0,0,0,1,0,0,0,0,0,0,0,0,0,0
A Gorgeous Girl Like Me,1972-09-13,1972,,457163,98.0,0.326486,14,11,4,0,1,1,1,0,0,0,1,0,0,0,0,0,0
The Dead Lands,2014-09-04,2014,,5240,108.0,10.001517,5,9,5,0,1,0,0,0,1,0,0,0,0,0,0,0,0
Fargo,1996-04-05,1996,7000000.0,60611975,98.0,12.61469,17,12,13,0,0,1,0,1,0,0,1,0,0,0,0,0,0
Under the Rainbow,1981-07-31,1981,20000000.0,2297493,98.0,0.69162,15,1,0,0,0,0,1,0,0,0,0,0,0,0,0,0,0
Doctor Who,1996-03-31,1996,5000000.0,42000000,89.0,5.147819,16,14,5,0,0,1,0,0,0,0,0,1,0,1,0,0,0
Raman Raghav 2.0,2016-06-24,2016,521873.0,1013926,127.0,1.668794,13,23,4,0,0,0,0,1,0,0,1,0,0,0,0,0,0
Baby Driver,2017-06-28,2017,34000000.0,224511319,113.0,228.032744,56,183,9,0,0,0,0,0,1,0,1,0,0,0,0,0,0
La Femme Nikita,1990-02-21,1990,,5000000,115.0,6.586401,52,14,4,0,1,0,0,1,1,0,0,0,0,0,0,0,0
Shining Through,1992-01-31,1992,,21621000,132.0,5.860319,12,6,4,0,1,1,0,1,0,1,0,0,0,0,0,0,0
We Bought a Zoo,2011-12-22,2011,50000000.0,120081841,124.0,10.563152,15,3,1,0,0,1,1,0,0,0,0,0,0,0,1,0,0
Disturbia,2007-04-12,2007,20000000.0,117760134,105.0,18.006896,15,18,2,0,0,1,0,1,0,0,0,0,0,0,0,0,1
Lorenzo's Oil,1992-12-30,1992,,7286388,135.0,9.968395,7,12,4,0,1,1,0,0,0,0,0,0,0,0,0,0,0
On the Way to School,2013-09-25,2013,,7424,77.0,1.784682,7,4,0,0,1,0,0,0,0,0,0,0,0,0,0,0,0
Cohen and Tate,1988-01-01,1988,,64227,86.0,2.083318,8,18,0,0,1,0,0,1,0,0,1,0,0,0,0,0,0
West Is West,2010-10-19,2010,3837625.0,3867000,103.0,0.749665,13,4,2,1,0,0,1,0,0,0,0,0,0,0,0,0,0
Red Riding Hood,2011-03-11,2011,42000000.0,89162162,100.0,10.174298,22,46,9,0,0,0,0,1,0,0,0,0,1,0,0,1,0
The Trip to Bountiful,1985-12-20,1985,,7218340,108.0,1.210627,8,7,3,0,1,1,0,0,0,0,0,0,0,0,0,0,0
Rio Bravo,1959-03-17,1959,,5800000,141.0,10.847383,43,20,12,0,1,0,0,0,0,0,0,0,0,0,0,0,0
A Guy Thing,2003-01-17,2003,20000000.0,17432163,101.0,4.444724,16,11,11,0,0,0,1,0,0,1,0,0,0,0,0,0,0
How Do You Know,2010-12-17,2010,120000000.0,48668907,121.0,5.458387,16,19,4,0,0,1,1,0,0,1,0,0,0,0,0,0,0
Kicking & Screaming,2005-05-13,2005,45000000.0,56070433,95.0,9.875573,20,27,5,0,0,0,1,0,0,1,0,0,0,0,1,0,0
Heartbreak Ridge,1986-12-15,1986,15000000.0,42724017,130.0,7.390012,41,16,6,0,0,1,1,0,1,0,0,0,0,0,0,0,0
Honeymoon,2014-09-12,2014,1000000.0,9318,87.0,6.107378,4,11,6,0,0,0,0,0,0,0,0,0,1,0,0,0,0
Stay,2005-09-24,2005,50000000.0,8342132,99.0,6.572049,14,11,6,0,0,1,0,1,0,0,0,0,0,0,0,0,1
The Recruit,2003-01-31,2003,,101191884,115.0,11.485473,44,78,3,0,1,0,0,1,1,0,0,0,0,0,0,0,0
It Came from Hollywood,1982-12-10,1982,5000000.0,2091037,80.0,1.629796,5,4,3,0,0,0,1,0,0,0,0,0,0,0,0,0,0
War for the Planet of the Apes,2017-07-11,2017,152000000.0,369907963,140.0,146.161786,20,9,4,1,0,1,0,0,0,0,0,0,0,1,0,0,0
Sin Nombre,2009-03-20,2009,,5101756,96.0,5.435993,7,11,9,0,1,1,0,1,1,0,1,0,0,0,0,0,0
RoboCop,2014-01-30,2014,120000000.0,242688965,102.0,10.246549,16,27,7,1,0,0,0,0,1,0,0,0,0,1,0,0,0
Boris - Il film,2011-04-01,2011,3347850.0,1248748,108.0,2.906503,80,35,2,0,0,0,1,0,0,0,0,0,0,0,0,0,0
Barfi,2012-09-14,2012,4437508.0,2804874,155.0,3.779077,4,7,1,0,0,1,1,0,0,1,0,0,0,0,0,0,0
Cocoon,1985-06-21,1985,,85313124,117.0,5.773277,41,38,20,1,1,1,1,0,0,0,0,0,0,1,0,0,0
Driven,2001-04-27,2001,94000000.0,54744738,116.0,5.310558,17,9,5,0,0,0,0,0,1,0,0,0,0,0,0,0,0
The Mechanic,2011-01-13,2011,40000000.0,51070807,93.0,9.832342,17,21,14,1,0,0,0,1,1,0,1,0,0,0,0,0,0
Fantastic Four,2015-08-05,2015,120000000.0,167977596,100.0,17.246484,28,119,11,0,0,0,0,0,1,0,0,1,0,1,0,0,0
Murder on the Orient Express,1974-11-24,1974,,27634716,128.0,9.590695,20,9,6,0,1,1,0,1,0,0,0,0,0,0,0,0,1
"Legally Blonde 2: Red, White & Blonde",2003-07-02,2003,45000000.0,124914842,95.0,7.288046,31,8,5,1,0,0,1,0,0,0,0,0,0,0,0,0,0
Out for Justice,1991-04-12,1991,14000000.0,39673161,91.0,6.892056,17,2,2,0,0,0,0,1,1,0,1,0,0,0,0,0,0
Extract,2009-09-03,2009,8000000.0,10848783,92.0,11.23915,25,8,10,0,0,0,1,0,0,0,0,0,0,0,0,0,0
Killer Joe,2011-09-10,2011,10000000.0,3665069,102.0,6.452069,13,22,15,0,0,1,0,1,0,0,1,0,0,0,0,0,0
Dil Se..,1998-08-22,1998,5200000.0,13000000,163.0,1.891138,21,18,11,0,0,1,0,0,0,1,0,0,0,0,0,0,0
Black Snow,2017-01-19,2017,4000000.0,1440000,90.0,10.067238,10,4,5,0,0,1,0,1,0,0,1,0,0,0,0,0,1
Hey Ram,2000-02-18,2000,3900000.0,4900000,199.0,0.562097,23,18,9,0,0,1,0,0,0,0,0,0,0,0,0,0,0
Grand Masti,2013-09-13,2013,5500000.0,47000000,140.0,1.250293,10,1,0,1,0,1,1,0,0,1,0,0,0,0,0,0,0
The Extraordinary Adventures of Adèle Blanc-Sec,2010-04-09,2010,25000000.0,34100000,105.0,6.710598,38,8,9,0,0,0,0,0,1,0,0,1,0,0,0,1,1
Back to the Future Part III,1990-05-25,1990,40000000.0,244527583,118.0,13.043999,54,24,20,1,0,0,1,0,0,0,0,1,0,1,1,0,0
Jurassic Park,1993-06-11,1993,63000000.0,920100000,127.0,8.863776,27,118,12,1,0,0,0,0,0,0,0,1,0,1,0,0,0
God's Not Dead 2,2016-04-01,2016,5000000.0,23507567,121.0,5.957998,10,9,1,1,0,1,0,0,0,0,0,0,0,0,0,0,0
It's All Gone Pete Tong,2004-09-12,2004,2000000.0,120620,90.0,2.812182,11,10,9,0,0,1,1,0,0,0,0,0,0,0,0,0,0
The Distinguished Gentleman,1992-12-04,1992,,46434570,112.0,9.64078,6,14,4,0,1,0,1,0,0,0,0,0,0,0,0,0,0
MouseHunt,1997-12-19,1997,38000000.0,122417389,98.0,6.456233,24,9,5,0,0,0,1,0,0,0,0,0,0,0,1,0,0
North Dallas Forty,1979-08-03,1979,,26079312,119.0,5.66966,9,17,2,0,1,1,1,0,0,0,0,0,0,0,0,0,0
Down,2001-05-11,2001,15000000.0,163169,111.0,1.158196,13,33,17,0,0,0,0,1,1,0,0,0,1,0,0,0,1
Mimic,1997-08-22,1997,30000000.0,25480490,105.0,9.128905,16,25,14,1,0,0,0,1,0,0,0,0,1,0,0,1,0
Super Mario Bros.,1993-05-28,1993,48000000.0,20915465,104.0,7.198455,10,11,7,0,0,0,1,0,0,0,0,1,0,0,1,1,0
The Judge,2014-10-08,2014,50000000.0,83719388,141.0,17.887943,16,39,3,0,0,1,0,0,0,0,0,0,0,0,0,0,0
The Terminator,1984-10-26,1984,6400000.0,78371200,108.0,19.293562,33,54,12,1,0,0,0,1,1,0,0,0,0,1,0,0,0
The Derby Stallion,2005-07-04,2005,750000.0,4000000,98.0,1.500013,4,5,0,0,0,1,0,0,0,0,0,0,0,0,1,0,0
Glee: The Concert Movie,2011-08-11,2011,9000000.0,18663238,84.0,9.202416,19,12,3,0,0,0,0,0,0,0,0,0,0,0,1,0,0
Beer for My Horses,2008-08-08,2008,,666045,86.0,2.033354,15,9,0,0,1,0,1,0,1,0,0,0,0,0,0,0,0
Standing Tall,2015-05-13,2015,5000000.0,26144,119.0,4.206655,9,8,1,0,0,1,0,0,0,0,0,0,0,0,0,0,0
The Wedding Banquet,1993-08-04,1993,1000000.0,6933459,109.0,2.709403,8,11,11,0,0,1,1,0,0,1,0,0,0,0,0,0,0
RRRrrrr!!!,2004-01-28,2004,17820000.0,14054361,94.0,9.482248,8,6,0,0,0,0,1,0,0,0,0,0,0,0,0,0,0
Baby's Day Out,1994-07-01,1994,50000000.0,16671505,99.0,12.508518,8,8,3,0,0,0,1,0,1,0,0,1,0,0,1,0,0
"Tuesday, After Christmas",2010-05-13,2010,,20666,99.0,1.812899,6,10,3,0,1,1,0,0,0,1,0,0,0,0,0,0,0
Mute Witness,1995-09-28,1995,2.0,1,95.0,2.466066,13,6,5,0,0,0,0,1,0,0,0,0,0,0,0,0,0
Fishtales,2007-08-24,2007,14000000.0,9216,94.0,0.964715,5,3,2,0,0,1,1,0,0,1,0,0,0,1,1,1,0
Line Walker,2016-08-11,2016,,88658655,108.0,1.528202,9,7,5,0,1,1,0,0,1,0,1,0,0,0,0,0,0
Journey from the Fall,2006-02-22,2006,1300000.0,639000,135.0,0.044561,8,2,2,0,0,1,0,0,0,0,0,0,0,0,0,0,0
Kicking and Screaming,1995-10-06,1995,,718490,96.0,3.367276,21,4,1,0,1,1,1,0,0,1,0,0,0,0,0,0,0
The Bourne Legacy,2012-08-08,2012,130000000.0,276572938,120.0,14.89499,31,102,18,1,0,0,0,1,1,0,0,0,0,0,0,0,0
Across to Singapore,1928-04-07,1928,290000.0,596000,85.0,0.140491,10,9,14,0,0,1,0,0,0,0,0,1,0,0,0,0,0
Furious 7,2015-04-01,2015,190000000.0,1506249360,137.0,27.275687,52,98,7,1,0,0,0,0,1,0,0,0,0,0,0,0,0
Blazing Saddles,1974-02-07,1974,2600000.0,119500000,93.0,13.233262,25,12,22,0,0,0,1,0,0,0,0,0,0,0,0,0,0
The Kid,1921-01-21,1921,250000.0,2500000,68.0,8.168456,35,12,14,0,0,1,1,0,0,0,0,0,0,0,0,0,0
The Bridge on the River Kwai,1957-10-02,1957,3000000.0,27200000,161.0,8.851646,15,11,8,0,0,1,0,0,0,0,0,0,0,0,0,0,0
Desert Flower,2009-09-24,2009,,14631377,120.0,4.290624,21,9,9,0,1,1,0,0,0,0,0,0,0,0,0,0,0
Tum Bin,2001-07-13,2001,,1486992,158.0,0.371679,7,6,5,0,1,1,0,0,0,1,0,0,0,0,0,0,0
Ski Patrol,1990-01-12,1990,,8533973,91.0,2.345336,9,1,3,0,1,0,1,0,0,0,0,0,0,0,0,0,0
The Unborn,2009-01-09,2009,16000000.0,76514050,87.0,7.108555,13,17,0,0,0,0,0,1,0,0,0,0,1,0,0,0,1
Ultimate Avengers 2,2006-08-08,2006,,7900000,73.0,11.443544,10,9,7,1,1,0,0,0,1,0,0,1,0,1,0,0,0
Three Wishes,1995-10-27,1995,,7025496,115.0,11.002046,19,5,5,0,1,1,0,0,0,0,0,0,0,0,0,1,0
The Last Godfather,2010-12-29,2010,13400000.0,16700000,100.0,1.223071,15,2,0,0,0,0,1,1,1,0,0,0,0,0,0,0,0
Jumanji,1995-12-15,1995,65000000.0,262797249,104.0,17.015539,26,16,6,0,0,0,0,0,0,0,0,1,0,0,1,1,0
Cell,2016-07-06,2016,,1133031,98.0,10.752519,40,137,10,0,1,0,0,1,0,0,0,0,1,1,0,0,0
From Hell,2001-10-19,2001,35000000.0,74558115,122.0,7.79014,26,65,3,0,0,0,0,1,0,0,0,0,1,0,0,0,1
Filth,2013-09-23,2013,5000000.0,9114264,97.0,14.970485,36,24,5,0,0,1,1,0,0,0,1,0,0,0,0,0,0
Forever Fever,1998-05-28,1998,1070000.0,570000,95.0,0.170074,5,12,0,0,0,0,1,0,0,1,0,0,0,0,0,0,0
Naqoyqatsi,2002-09-02,2002,3000000.0,13308,89.0,2.850011,0,9,1,1,0,1,0,1,0,0,0,0,0,0,0,0,0
Sabotage,2014-03-28,2014,35000000.0,17508518,110.0,6.966505,57,50,2,0,0,1,0,1,1,0,1,0,0,0,0,0,0
Groundhog Day,1993-02-11,1993,14600000.0,70906973,101.0,12.989627,30,44,12,0,0,1,1,0,0,1,0,0,0,0,0,1,0
Billy Elliot,2000-05-18,2000,5000000.0,110000000,110.0,12.158424,17,17,6,0,0,1,1,0,0,0,0,0,0,0,0,0,0
The Illusionist,2010-02-16,2010,18000000.0,5602431,80.0,6.971611,2,54,1,0,0,1,0,0,0,0,0,0,0,0,0,0,0
Personal Shopper,2016-10-19,2016,6000000.0,1305195,105.0,11.186981,25,50,14,0,0,1,0,1,0,0,0,0,0,0,0,0,1
Logan,2017-02-28,2017,97000000.0,616801808,137.0,54.581997,0,0,16,1,0,1,0,0,1,0,0,0,0,1,0,0,0
What's Eating Gilbert Grape,1993-12-17,1993,11000000.0,10032765,118.0,10.3919,25,3,6,0,0,1,0,0,0,1,0,0,0,0,0,0,0
Harvard Beats Yale 29-29,2008-11-19,2008,,268431,105.0,0.626528,9,1,1,0,1,1,0,0,0,0,0,0,0,0,0,0,0
Friends & Lovers,1999-04-16,1999,,94633,103.0,1.53188,8,7,0,0,1,1,1,0,0,1,0,0,0,0,0,0,0
First Snow,2006-05-05,2006,,382267,101.0,4.782755,28,24,2,0,1,1,0,1,0,0,0,0,0,0,0,0,0
Alien,1979-05-25,1979,11000000.0,104931801,117.0,23.37742,10,30,16,1,0,0,0,1,1,0,0,0,1,1,0,0,0
The Birds,1963-03-28,1963,2500000.0,11403529,119.0,11.591462,16,17,22,0,0,0,0,0,0,0,0,0,1,0,0,0,0
Nighthawks,1981-03-17,1981,5000000.0,19905359,99.0,5.830675,11,2,0,0,0,0,0,1,1,0,1,0,0,0,0,0,0
Ida,2013-10-25,2013,2159280.0,15298355,80.0,8.651053,10,36,5,0,0,1,0,0,0,0,0,0,0,0,0,0,0
Smoke,1995-06-09,1995,7000000.0,8349430,112.0,5.552946,14,11,7,1,0,1,1,0,0,0,0,0,0,0,0,0,0
Werckmeister Harmonies,2000-07-12,2000,,25461,145.0,7.970312,5,7,149,0,1,1,0,0,0,0,0,0,0,0,0,0,0
Win Win,2011-03-18,2011,10831173.0,10654385,106.0,4.480723,22,5,4,0,0,1,1,0,0,0,0,0,0,0,0,0,0
Youth,2015-05-20,2015,13360000.0,2000000,118.0,8.717661,34,7,12,0,0,1,1,0,0,0,0,0,0,0,0,0,0
Captain Phillips,2013-10-10,2013,55000000.0,95000000,134.0,13.776068,17,85,15,0,0,1,0,1,1,0,0,0,0,0,0,0,0
Dark Places,2015-03-31,2015,20000000.0,208588,113.0,9.188583,27,42,14,0,0,1,0,1,0,0,0,0,0,0,0,0,1
Psycho II,1983-06-03,1983,5000000.0,34725000,113.0,6.370495,21,9,12,1,0,0,0,1,0,0,0,0,1,0,0,0,1
The Girl Who Played with Fire,2009-09-18,2009,,66995253,129.0,14.38601,17,32,8,1,1,1,0,1,1,0,1,0,0,0,0,0,1
The Cherry Orchard,1999-01-01,1999,5.0,135,141.0,0.00188,0,2,0,0,0,1,1,0,0,0,0,0,0,0,0,0,0
Ringmaster,1998-11-25,1998,3500000.0,9247881,90.0,0.556435,11,2,2,0,0,0,1,0,0,0,0,0,0,0,0,0,0
A Lot Like Love,2005-04-22,2005,30000000.0,42886719,107.0,10.596719,14,33,8,0,0,0,1,0,0,0,0,0,0,0,0,0,0
Quiet City,2007-03-12,2007,2500.0,15425,78.0,0.404753,11,5,1,0,0,1,0,0,0,1,0,0,0,0,0,0,0
The Treasure of the Sierra Madre,1948-01-24,1948,3800000.0,4307000,126.0,8.070589,25,29,11,0,0,1,0,0,1,0,0,1,0,0,0,0,0
Air America,1990-08-10,1990,,33461269,112.0,10.274376,20,18,7,0,1,1,1,0,1,0,0,1,0,0,0,0,0
Margaret,2011-09-30,2011,14000000.0,46495,149.0,5.113573,22,25,12,0,0,1,0,0,0,0,0,0,0,0,0,0,0
Let the Right One In,2008-01-26,2008,4000000.0,10785801,115.0,7.274237,15,12,11,0,0,1,0,0,0,0,0,0,1,0,0,0,0
Bus 174,2002-10-22,2002,,217201,150.0,1.512013,4,7,4,0,1,0,0,0,0,0,0,0,0,0,0,0,0
Miami Vice,2006-07-27,2006,135000000.0,163794509,134.0,11.72545,19,65,4,0,0,0,0,1,1,0,1,1,0,0,0,0,0
Renoir,2012-10-08,2012,,2293798,111.0,5.337351,23,12,2,0,1,1,0,0,0,0,0,0,0,0,0,0,0
Terminator 3: Rise of the Machines,2003-07-02,2003,200000000.0,435000000,109.0,20.818907,14,144,14,1,0,0,0,1,1,0,0,0,0,1,0,0,0
Remo Williams: The Adventure Begins...,1985-10-11,1985,,14393902,121.0,11.106754,6,10,2,0,1,0,1,0,1,0,0,1,0,0,0,0,0
CJ7,2008-01-30,2008,,47301471,86.0,5.917685,10,8,3,0,1,1,1,0,0,0,0,0,0,1,1,1,0
"Ryaba, My Chicken",1994-10-01,1994,2700000.0,4635143,117.0,0.677253,0,3,0,0,0,0,0,0,0,0,0,0,0,0,0,0,0
Traffic,2000-12-27,2000,48000000.0,207515725,147.0,8.338222,29,25,10,0,0,1,0,1,0,0,1,0,0,0,0,0,0
Something from Nothing: The Art of Rap,2012-06-15,2012,,288312,106.0,6.328119,25,7,1,0,1,0,0,0,0,0,0,0,0,0,0,0,0
Cowboys & Angels,2003-05-14,2003,2000000.0,33700,89.0,1.188935,3,1,1,0,0,1,1,0,0,0,0,0,0,0,0,0,0
Star Wars: Episode II - Attack of the Clones,2002-05-15,2002,120000000.0,649398328,142.0,14.072511,42,20,17,1,0,0,0,0,1,0,0,1,0,1,0,0,0
Sky. Plane. Girl.,2002-09-02,2002,,314195,91.0,0.518078,7,1,1,0,1,0,0,0,0,0,0,0,0,0,0,0,0
Boy Culture,2007-01-31,2007,500000.0,220151,88.0,2.317528,10,4,1,0,0,1,0,0,0,1,0,0,0,0,0,0,0
Cuban Rafters,2002-04-12,2002,,62153,120.0,0.525869,4,4,2,0,1,0,0,0,0,0,0,0,0,0,0,0,0
Sid & Nancy,1986-11-07,1986,4000000.0,2826523,111.0,5.681582,18,8,3,0,0,1,0,0,0,1,0,0,0,0,0,0,0
My Name Is Bruce,2007-10-01,2007,1500000.0,173066,86.0,8.708789,7,3,2,0,0,0,1,0,0,0,0,0,1,0,0,0,0
The Fall of the Roman Empire,1964-03-24,1964,19000000.0,4750000,188.0,2.824367,26,17,2,0,0,1,0,0,0,0,0,0,0,0,0,0,0
Leatherface: Texas Chainsaw Massacre III,1990-01-12,1990,,5765562,81.0,5.79907,16,20,3,1,1,0,0,1,0,0,0,0,1,0,0,0,0
Lionheart,1990-06-07,1990,6000000.0,24078196,105.0,4.619068,8,12,6,0,0,0,0,1,1,0,0,0,0,0,0,0,0
Always - Sunset on Third Street,2005-11-11,2005,,33053559,133.0,0.418197,8,2,1,1,1,1,1,0,0,0,0,0,0,0,0,0,0
Murder by Numbers,2002-04-19,2002,50000000.0,56714147,120.0,9.645801,26,30,13,0,0,1,0,1,0,0,1,0,0,0,0,0,0
2 Days in Paris,2007-02-09,2007,,19776159,96.0,6.653254,23,12,12,1,1,0,1,0,0,1,0,0,0,0,0,0,0
Runaway Bride,1999-07-30,1999,70000000.0,309457509,116.0,8.919469,18,32,6,0,0,0,1,0,0,1,0,0,0,0,0,0,0
The Best Movie 3-DE,2011-01-19,2011,6500000.0,9816332,102.0,0.877477,11,2,0,1,0,0,1,0,0,0,0,0,0,0,0,0,0
Last Tango in Paris,1972-10-14,1972,1250000.0,36144000,129.0,12.74564,12,11,13,0,0,1,0,0,0,1,0,0,0,0,0,0,0
Veteran,2015-08-05,2015,,1200627,124.0,3.631863,19,3,7,0,1,0,1,1,1,0,1,0,0,0,0,0,0
Suture,1993-09-14,1993,,102780,96.0,1.298224,8,31,7,0,1,1,0,1,0,0,0,0,0,0,0,0,0
Phantasm II,1988-07-08,1988,3000000.0,7282851,97.0,8.733192,14,8,5,1,0,0,0,1,1,0,0,0,1,1,0,0,0
Righteous Kill,2008-09-11,2008,60000000.0,73174566,101.0,7.094624,33,2,4,0,0,1,0,1,1,0,1,0,0,0,0,0,0
Assault on Precinct 13,2005-01-19,2005,30000000.0,35294470,109.0,11.552956,24,104,22,0,0,0,0,1,0,0,0,0,0,0,0,0,0
Quantum of Solace,2008-10-30,2008,200000000.0,586090727,106.0,13.67812,32,17,4,1,0,0,0,1,1,0,1,1,0,0,0,0,0
What the Bleep! Down the Rabbit Hole,2006-02-03,2006,,138913,156.0,1.655202,8,2,0,1,1,1,0,0,0,0,0,0,0,0,0,0,0
Pompeii,2014-02-18,2014,130000000.0,117831631,105.0,12.204174,36,43,15,0,0,1,0,0,1,1,0,1,0,0,0,0,0
Post Grad,2009-08-21,2009,15000000.0,6405245,89.0,9.747452,31,56,5,0,0,0,1,0,0,0,0,0,0,0,0,0,0
Uncommon Valor,1983-12-16,1983,,27900000,105.0,9.987072,21,17,6,0,1,1,0,1,1,0,0,1,0,0,0,0,0
The One and Only,1999-04-01,1999,,5405313,106.0,1.907938,20,8,3,0,1,0,1,0,0,1,0,0,0,0,0,0,0
Undiscovered,2005-08-26,2005,9000000.0,1046166,97.0,1.494688,15,6,4,0,0,0,1,0,0,1,0,0,0,0,0,0,0
Kickboxer,1989-04-20,1989,1500000.0,14697005,97.0,6.939994,15,10,11,1,0,0,0,1,1,0,0,0,0,0,0,0,0
Winter in Wartime,2008-11-17,2008,4000000.0,530048,103.0,3.92107,15,19,2,0,0,1,0,0,0,0,0,0,0,0,0,0,0
Man of the Year,1995-09-15,1995,,209935,86.0,0.540436,19,5,3,0,1,0,1,0,0,0,0,0,0,0,0,0,0
My Fair Lady,1964-10-21,1964,17000000.0,72070731,170.0,12.494394,10,9,16,0,0,1,0,0,0,1,0,0,0,0,1,0,0
Ayan,2009-04-03,2009,3230939.0,18000000,162.0,1.937874,13,7,1,0,0,0,1,0,1,1,0,0,0,0,0,0,0
Grandma's Boy,2006-01-06,2006,,6538177,94.0,6.741159,22,24,5,0,1,0,1,0,0,0,0,0,0,0,0,0,0
Urban Legends: Final Cut,2000-09-19,2000,14000000.0,38574362,97.0,12.243528,19,6,6,1,0,0,0,0,0,0,0,0,1,0,0,0,0
Paid in Full,2002-10-25,2002,,3090862,93.0,3.928278,8,22,2,0,1,1,0,0,1,0,1,0,0,0,0,0,0
Eddie Murphy Raw,1987-11-25,1987,,50504655,90.0,11.266569,15,44,2,0,1,0,1,0,0,0,0,0,0,0,0,0,0
The Edge of Seventeen,2016-11-18,2016,9000000.0,18803648,104.0,9.51953,23,28,10,0,0,1,1,0,0,0,0,0,0,0,0,0,0
The Darjeeling Limited,2007-09-29,2007,16000000.0,24377151,91.0,6.493474,23,16,8,0,0,1,1,0,0,0,0,1,0,0,0,0,0
TRON: Legacy,2010-12-10,2010,170000000.0,400062763,125.0,21.259,23,27,10,1,0,0,0,0,1,0,0,1,0,1,0,0,0
One Hundred Steps,2000-08-31,2000,,1805884,114.0,4.67525,6,4,1,0,1,1,0,0,0,0,1,0,0,0,0,0,0
Initial D,2005-05-12,2005,1549000.0,7096000,107.0,4.331811,10,18,6,0,0,1,0,1,1,0,1,0,0,0,0,0,0
Katy Perry: Part of Me,2012-06-28,2012,12000000.0,32726956,93.0,8.960713,11,13,1,0,0,0,0,0,0,0,0,0,0,0,0,0,0
The Hand,1981-04-24,1981,6500000.0,566736,104.0,2.12989,10,14,3,0,0,1,0,1,0,0,0,0,1,0,0,0,0
Captain America: The Winter Soldier,2014-03-20,2014,170000000.0,714766572,136.0,18.717704,70,41,12,1,0,0,0,0,1,0,0,1,0,1,0,0,0
Herbie Fully Loaded,2005-06-22,2005,50000000.0,66002004,101.0,9.35239,16,109,5,1,0,0,1,0,0,1,0,1,0,0,1,1,0
Unknown,2006-11-03,2006,3700000.0,3338228,98.0,13.505066,26,22,10,0,0,1,0,1,0,0,1,0,0,0,0,0,1
Scooby-Doo 2: Monsters Unleashed,2004-03-24,2004,,181466833,93.0,7.65458,12,135,5,1,1,0,1,0,0,0,0,1,0,0,0,1,1
Nerve,2016-07-27,2016,19000000.0,85241496,96.0,14.9837,22,42,13,0,0,0,0,0,0,0,1,1,0,0,0,0,1
The Mummy,2017-06-06,2017,125000000.0,407778013,110.0,33.704935,54,119,3,0,0,0,0,1,1,0,0,1,0,0,0,0,0
The Guardian,1990-04-27,1990,,17037887,92.0,7.444848,10,9,0,0,1,1,0,1,0,0,0,0,1,0,0,0,1
The Martian,2015-09-30,2015,108000000.0,630161890,141.0,25.62993,51,105,15,0,0,1,0,0,0,0,0,1,0,1,0,0,0
Airport,1970-03-05,1970,10000000.0,100489151,137.0,7.873018,44,17,16,1,0,1,0,1,1,0,0,0,0,0,0,0,0
A Rage in Harlem,1991-05-03,1991,8000000.0,10400000,115.0,2.404818,6,2,5,0,0,0,1,0,0,0,1,0,0,0,0,0,0
Ghostbusters II,1989-06-15,1989,37000000.0,215394738,108.0,16.414239,22,56,16,1,0,0,1,0,0,0,0,0,0,0,0,1,0
The Unbearable Lightness of Being,1988-02-05,1988,17000000.0,10006806,171.0,6.815147,20,15,9,0,0,0,1,0,0,1,0,0,0,0,0,0,0
Young Detective Dee: Rise of the Sea Dragon,2013-09-27,2013,,72287783,133.0,14.164519,57,8,4,1,1,0,0,0,1,0,1,1,0,0,0,1,0
Missing,2007-01-01,2007,,1,104.0,0.229233,6,1,0,0,1,1,0,1,0,0,1,0,0,0,0,0,0
Looney Tunes: Back in Action,2003-11-14,2003,80000000.0,68514844,90.0,13.666488,58,63,6,0,0,0,1,0,0,0,0,0,0,0,1,0,0
Party Monster,2003-09-05,2003,5000000.0,742898,98.0,3.007842,12,19,19,0,0,1,1,0,0,0,1,0,0,0,0,0,0
This Is Where I Leave You,2014-09-10,2014,19800000.0,41296320,103.0,11.313659,33,9,8,0,0,1,1,0,0,0,0,0,0,0,0,0,0
Aloft,2014-02-12,2014,8000000.0,53086,112.0,3.851653,11,2,3,0,0,1,0,0,0,0,0,0,0,0,0,0,0
American Hustle,2013-12-12,2013,40000000.0,251171807,138.0,16.478036,31,30,4,0,0,1,0,0,0,0,1,0,0,0,0,0,0
X-Men: The Last Stand,2006-05-24,2006,210000000.0,459359555,104.0,0.867943,32,39,7,1,0,0,0,1,1,0,0,1,0,1,0,0,0
Stella,1990-02-02,1990,,20240128,109.0,6.175627,12,2,0,0,1,1,0,0,0,0,0,0,0,0,0,0,0
The Great Waldo Pepper,1975-03-13,1975,,20642922,108.0,5.279919,12,6,3,0,1,1,0,0,1,0,0,1,0,0,0,0,0
Space Pirate Captain Harlock,2013-09-07,2013,30000000.0,17137302,115.0,7.857666,10,5,0,1,0,0,0,0,0,0,0,0,0,1,0,0,0
In the Cut,2003-09-09,2003,12000000.0,23,119.0,5.799628,6,25,3,0,0,0,0,1,0,0,0,0,0,0,0,0,1
Live Flesh,1997-10-28,1997,,1535558,103.0,6.715019,16,14,10,0,1,1,0,1,0,1,0,0,0,0,0,0,0
The Artist,2011-05-15,2011,15000000.0,133432856,100.0,11.440948,69,135,13,0,0,1,1,0,0,1,0,0,0,0,0,0,0
Freeheld,2015-10-02,2015,7000000.0,573335,103.0,4.955317,29,4,4,0,0,1,0,0,0,1,0,0,0,0,0,0,0
Show Boat,1951-07-13,1951,2300000.0,11000000,107.0,2.01799,16,7,8,0,0,0,0,0,0,1,0,0,0,0,0,0,0
Brideshead Revisited,2008-07-25,2008,20000000.0,13204291,133.0,11.069679,12,24,9,0,0,1,0,0,0,1,0,0,0,0,0,0,0
Apartment 18,2014-03-13,2014,,320395,90.0,0.217441,4,2,1,0,1,0,0,1,0,0,0,0,1,0,0,0,1
Gaby: A True Story,1987-10-30,1987,5000000.0,125400,110.0,0.889745,14,16,0,0,0,1,0,0,0,1,0,0,0,0,0,0,0
All About Steve,2009-09-04,2009,15000000.0,40105542,99.0,9.288013,18,15,5,0,0,0,1,0,0,0,0,0,0,0,0,0,0
Pink Flamingos,1972-03-12,1972,12000.0,6000000,93.0,5.738871,11,7,17,0,0,0,1,0,0,0,1,0,1,0,0,0,0
The Adventures of Mark Twain,1985-03-01,1985,,849915,86.0,2.03644,8,3,6,0,1,0,0,0,0,0,0,1,0,0,1,0,0
The Fly,1958-07-16,1958,700000.0,3000000,94.0,8.407369,9,7,4,1,0,1,0,0,0,0,0,0,1,1,0,0,0
21,2008-03-27,2008,35000000.0,69823199,123.0,8.33756,13,22,11,0,0,1,0,0,0,0,1,0,0,0,0,0,0
"Good Night, and Good Luck.",2005-09-16,2005,7000000.0,54600000,93.0,7.523098,21,19,7,0,0,1,0,0,0,0,0,0,0,0,0,0,0
Flashback,1990-02-02,1990,,6488144,108.0,2.115753,7,8,6,0,1,0,1,0,1,0,1,0,0,0,0,0,0
Deewane Huye Paagal,2005-11-25,2005,,355962,150.0,2.06066,8,7,2,0,1,1,1,0,0,1,0,0,0,0,0,0,0
"10,000 BC",2008-02-22,2008,105000000.0,266000000,109.0,13.99377,42,75,10,0,0,1,0,0,1,0,0,1,0,0,0,1,0
Haiku Tunnel,2001-09-07,2001,,251058,88.0,0.100465,10,11,2,0,1,0,1,0,0,0,0,0,0,0,0,0,0
Get Smart,2008-06-19,2008,80000000.0,230685453,110.0,11.35779,58,103,8,0,0,0,1,1,1,0,0,0,0,0,0,0,0
Beyond,2010-12-10,2010,3000000.0,4800080,99.0,0.702712,10,6,9,0,0,1,0,0,0,0,0,0,0,0,0,0,0
Harry and the Hendersons,1987-06-05,1987,,49998613,110.0,9.296024,15,8,12,0,1,0,1,0,0,0,0,0,0,0,1,1,0
A Kiss Before Dying,1991-04-26,1991,,15429177,95.0,6.073468,7,10,10,0,1,0,0,1,0,0,1,0,0,0,0,0,1
The Double,2014-04-04,2014,,200406,93.0,7.597475,35,7,2,0,1,1,0,1,0,0,0,0,0,0,0,0,0
Tooth Fairy,2010-01-14,2010,48000000.0,112462508,101.0,6.74468,38,17,6,1,0,0,1,0,0,0,0,0,0,0,1,1,0
A View to a Kill,1985-05-24,1985,30000000.0,152427960,131.0,12.840798,42,16,27,1,0,0,0,1,1,0,0,1,0,0,0,0,0
Nightwatch,1997-01-31,1997,,1179002,102.0,6.122067,10,16,7,0,1,1,0,1,1,0,0,0,1,0,0,0,1
The Golden Compass,2007-12-04,2007,180000000.0,372234864,113.0,11.481379,29,32,9,0,0,0,0,0,0,0,0,1,0,0,0,1,0
Circo,2011-04-01,2011,,67821,75.0,0.077653,0,2,0,0,1,0,0,0,0,0,0,0,0,0,0,0,0
Biutiful,2010-10-20,2010,,25147786,148.0,7.131568,52,17,4,0,1,1,0,0,0,0,0,0,0,0,0,0,0
A Home at the End of the World,2004-07-23,2004,6500000.0,1548955,96.0,4.136105,9,3,7,0,0,1,0,0,0,1,0,0,0,0,0,0,0
Gods and Generals,2003-02-21,2003,56000000.0,12923936,214.0,5.374563,21,72,6,0,0,1,0,0,0,0,0,0,0,0,0,0,0
The Stroller Strategy,2012-11-10,2012,,3462,90.0,2.156134,29,14,0,0,1,0,1,0,0,0,0,0,0,0,0,0,0
Jackie Brown,1997-12-24,1997,12000000.0,39673162,154.0,16.415498,32,9,6,0,0,0,1,0,0,1,1,0,0,0,0,0,0
The Merry Widow,1925-08-26,1925,592.0,1,137.0,0.286719,8,17,4,0,0,1,0,0,0,1,0,0,0,0,0,0,0
African Cats,2011-04-22,2011,,15240456,89.0,3.267026,1,6,6,0,1,0,0,0,0,0,0,1,0,0,1,0,0
Right at Your Door,2006-01-23,2006,,2043704,96.0,4.010441,8,2,1,0,1,1,0,1,0,0,0,0,0,0,0,0,0
Project Almanac,2015-01-29,2015,12000000.0,32248241,106.0,9.363482,16,28,4,0,0,0,0,1,0,0,0,0,0,1,0,0,0
Paranormal Activity: The Marked Ones,2014-01-01,2014,5000000.0,86362372,84.0,8.898523,10,9,3,1,0,0,0,1,0,0,0,0,1,0,0,0,0
Cleopatra,1963-06-12,1963,31115000.0,71000000,248.0,8.591238,23,37,4,0,0,1,0,0,0,1,0,0,0,0,0,0,0
OPA!,2005-11-13,2005,,6000000,100.0,1.218763,3,1,0,0,1,0,1,0,0,1,0,0,0,0,0,0,0
Sex and the City,2008-05-12,2008,65000000.0,415252786,145.0,9.170332,25,27,14,1,0,1,1,0,0,1,0,0,0,0,0,0,0
Monster in a Box,1992-05-15,1992,,311245,87.0,0.009961,1,4,5,0,1,1,1,0,0,0,0,0,0,0,0,0,0
For Your Eyes Only,1981-06-23,1981,28000000.0,195312802,127.0,9.765123,40,17,22,1,0,0,0,1,1,0,0,1,0,0,0,0,0
Enthiran,2010-10-01,2010,26400000.0,62000000,155.0,4.330396,13,21,9,0,0,1,1,0,1,1,0,0,0,1,0,0,0
Final Destination 3,2006-02-10,2006,25000000.0,117719158,93.0,11.872997,18,89,3,1,0,0,0,0,0,0,0,0,1,0,0,0,1
Third Person,2013-09-09,2013,28000000.0,1749201,137.0,8.808328,18,53,13,0,0,1,0,0,0,1,0,0,0,0,0,0,0
Eyes Wide Shut,1999-07-14,1999,65000000.0,162091208,159.0,13.268484,18,18,10,0,0,1,0,0,0,0,0,0,0,0,0,0,1
Something to Talk About,1995-08-04,1995,,50892160,106.0,3.743212,16,5,4,0,1,0,1,0,0,0,0,0,0,0,0,0,0
The Odd Life of Timothy Green,2012-08-15,2012,,51854875,105.0,5.426921,23,4,4,0,1,1,1,0,0,0,0,0,0,0,1,1,0
Evan Almighty,2007-06-09,2007,175000000.0,173000000,96.0,9.156877,18,27,13,1,0,0,1,0,0,0,0,0,0,0,1,1,0
The Flintstones in Viva Rock Vegas,2000-04-28,2000,83000000.0,59468275,90.0,6.053595,14,18,6,1,0,0,1,0,0,1,0,0,0,1,1,0,0
Blended,2014-05-21,2014,40000000.0,123494610,117.0,10.395472,31,9,5,0,0,0,1,0,0,0,0,0,0,0,0,0,0
Blues Brothers 2000,1998-02-05,1998,28000000.0,14051384,123.0,13.162168,29,9,5,1,0,0,1,0,1,0,1,0,0,0,0,0,0
Don't Tell Mom the Babysitter's Dead,1991-06-07,1991,10000000.0,25196249,105.0,5.402262,14,10,3,0,0,0,1,0,0,0,0,0,0,0,1,0,0
Appaloosa,2008-09-12,2008,20000000.0,20211394,115.0,12.392754,14,44,2,0,0,1,0,0,0,0,1,0,0,0,0,0,0
Missing in Action,1984-11-16,1984,1500000.0,22812411,101.0,6.241185,16,14,3,1,0,0,0,1,1,0,0,1,0,0,0,0,0
Virtuosity,1995-08-04,1995,30000000.0,24048000,106.0,5.188399,11,8,8,0,0,0,0,1,1,0,1,0,0,1,0,0,0
The Overnight,2015-06-19,2015,,1100000,80.0,7.834161,10,12,0,0,1,0,1,0,0,0,0,0,0,0,0,0,1
Alone With Her,2006-04-28,2006,1000000.0,10018,78.0,2.392367,6,2,6,0,0,1,0,1,0,1,1,0,0,0,0,0,0
The Whole Ten Yards,2004-04-07,2004,40000000.0,26155781,98.0,7.15606,10,93,1,1,0,0,1,1,0,0,1,0,0,0,0,0,0
Omen III: The Final Conflict,1981-03-20,1981,,20471382,108.0,7.798615,10,10,5,1,1,1,0,1,0,0,0,0,1,0,0,0,0
The Ballad of Jack and Rose,2005-03-25,2005,1500000.0,712294,111.0,4.173231,9,2,14,0,0,1,0,0,0,0,0,0,0,0,0,0,0
Frances Ha,2013-05-17,2013,,4069826,86.0,8.471415,48,23,5,0,1,1,1,0,0,0,0,0,0,0,0,0,0
Mao's Last Dancer,2009-10-01,2009,25000000.0,20719451,117.0,1.862215,13,1,5,0,0,1,0,0,0,1,0,0,0,0,0,0,0
Malamaal Weekly,2006-03-10,2006,,204,138.0,1.479018,13,7,0,0,1,0,1,0,0,0,1,0,0,0,0,0,0
Paris Can Wait,2016-09-12,2016,5000000.0,6700000,92.0,8.966129,5,6,1,0,0,1,0,0,0,1,0,0,0,0,0,0,0
Max Payne,2008-10-15,2008,35000000.0,85416905,100.0,10.08043,17,17,3,0,0,0,0,0,1,0,0,0,0,0,0,0,0
Sex and Lucia,2001-08-24,2001,,2628241,128.0,8.164312,9,12,11,0,1,1,0,0,0,1,0,0,0,0,0,0,0
Jayne Mansfield's Car,2012-02-13,2012,,14836,122.0,1.655794,10,22,0,0,1,1,0,0,0,0,0,0,0,0,0,0,0
Dressed to Kill,1980-06-25,1980,6500000.0,31899000,105.0,9.3806,14,19,27,0,0,0,0,1,0,0,0,0,1,0,0,0,1
When a Man Loves a Woman,1994-04-29,1994,,50021959,126.0,4.322544,43,11,5,0,1,1,0,0,0,1,0,0,0,0,0,0,0
A Few Good Men,1992-12-11,1992,40000000.0,243240178,138.0,12.330249,16,52,21,0,0,1,0,0,0,0,0,0,0,0,0,0,0
Five Graves to Cairo,1943-05-03,1943,855000.0,1200000,96.0,1.121417,18,29,11,0,0,0,0,1,0,0,0,0,0,0,0,0,0
Rocky V,1990-10-18,1990,42000000.0,119946358,104.0,14.007329,16,23,24,1,0,1,0,0,0,0,0,0,0,0,0,0,0
Search and Destroy,1995-01-01,1995,4000000.0,389503,90.0,0.737602,11,20,1,0,0,1,1,1,1,0,0,0,0,0,0,0,0
Bikini Spring Break,2012-06-26,2012,500000.0,500000,87.0,1.946823,8,2,0,0,0,0,1,0,0,0,0,0,0,0,0,0,0
The Cider House Rules,1999-12-17,1999,24000000.0,88545092,126.0,9.526781,19,32,10,0,0,1,0,0,0,0,0,0,0,0,0,0,0
Cropsey,2010-04-29,2010,,35456,85.0,2.065029,1,2,4,0,1,0,0,0,0,0,0,0,1,0,0,0,0
Glory Road,2006-01-13,2006,,42647449,118.0,5.244654,20,22,3,0,1,1,0,0,0,0,0,0,0,0,0,0,0
Working Girl,1988-12-20,1988,28000000.0,103173635,114.0,8.318954,20,38,4,0,0,1,1,0,0,1,0,0,0,0,0,0,0
Waiting for Happiness,2002-05-19,2002,,7406,91.0,0.35233,15,2,1,0,1,1,0,0,0,0,0,0,0,0,0,0,0
Runaway Train,1985-11-15,1985,9000000.0,7936012,111.0,15.236541,24,13,5,0,0,0,0,1,1,0,0,0,0,0,0,0,0
Charlie Countryman,2013-02-09,2013,,11650,108.0,9.609726,16,3,0,0,1,1,1,1,1,1,0,0,0,0,0,0,0
The Cotton Club,1984-12-14,1984,58000000.0,25928721,127.0,9.508061,32,17,4,0,0,1,0,0,0,1,1,0,0,0,0,0,0
Safe House,2012-02-09,2012,85000000.0,208076205,115.0,8.338675,17,20,6,0,0,0,0,1,1,0,0,0,0,0,0,0,0
Drinking Buddies,2013-08-23,2013,,343341,90.0,7.745083,14,22,4,0,1,1,0,0,0,1,0,0,0,0,0,0,0
Big Game,2014-09-05,2014,8500000.0,7500000,90.0,6.911759,17,57,7,0,0,0,0,1,1,0,0,1,0,0,0,0,0
Thief of Hearts,1984-10-19,1984,9000000.0,10364904,100.0,0.941383,15,15,13,0,0,1,0,1,0,1,1,0,0,0,0,0,0
The Wolverine,2013-07-23,2013,120000000.0,415440673,126.0,3.918287,22,82,9,1,0,0,0,0,1,0,0,1,0,1,0,1,0
Videodrome,1983-02-04,1983,5952000.0,2120439,87.0,7.945039,20,18,9,0,0,0,0,0,0,0,0,0,1,1,0,0,1
Breaking Away,1979-05-24,1979,2300000.0,20000000,100.0,4.806374,14,10,4,0,0,1,1,0,0,0,0,0,0,0,0,0,0
Chapiteau-Show,2011-12-12,2011,2000000.0,393816,207.0,0.74156,12,2,1,0,0,0,1,0,0,0,0,0,0,0,0,0,0
The Finest Hours,2016-01-25,2016,80000000.0,52099090,114.0,10.385757,22,92,8,0,0,1,0,1,1,0,0,0,0,0,0,0,0
Janky Promoters,2009-10-16,2009,10000000.0,9069,85.0,1.192891,13,2,0,0,0,0,1,0,0,0,0,0,0,0,0,0,0
The Art of War,2000-08-23,2000,40000000.0,30199105,117.0,9.800232,7,8,5,1,0,0,0,0,1,0,1,1,0,0,0,0,0
Ip Man,2008-12-12,2008,11715578.0,21888598,108.0,6.004257,13,8,13,1,0,1,0,0,1,0,0,0,0,0,0,0,0
"Jeff, Who Lives at Home",2011-09-13,2011,10000000.0,4417580,83.0,5.872794,10,20,7,0,0,1,1,0,0,0,0,0,0,0,0,0,0
The Program,1993-09-24,1993,,23042200,112.0,3.199976,11,15,2,0,1,1,0,0,0,0,0,0,0,0,0,0,0
Superman II,1980-12-04,1980,54000000.0,190458706,127.0,10.301621,50,60,13,1,0,0,0,0,1,0,0,1,0,1,0,1,0
Priest,1994-01-01,1994,,4176932,98.0,1.881932,23,11,12,0,1,1,0,0,0,1,0,0,0,0,0,0,0
Yes Man,2008-12-09,2008,70000000.0,225990978,104.0,9.756289,20,39,2,0,0,0,1,0,0,0,0,0,0,0,0,0,0
Aferim!,2015-01-22,2015,1379375.0,105097,108.0,2.214179,12,12,4,0,0,1,0,0,0,0,0,0,0,0,0,0,0
The Karate Kid,2010-06-10,2010,40000000.0,357852395,140.0,11.690781,18,37,1,0,0,1,0,0,1,0,0,1,0,0,1,0,0
Kal Ho Naa Ho,2003-11-27,2003,,13200241,186.0,5.584308,19,10,3,0,1,1,1,0,0,0,0,0,0,0,0,0,0
Married to the Mob,1988-08-19,1988,10000000.0,21486757,104.0,5.611184,25,38,5,0,0,0,1,0,0,1,1,0,0,0,0,0,0
Sarkar,2005-07-01,2005,1900000.0,5900000,123.0,2.004745,9,10,3,1,0,1,0,0,1,0,1,0,0,0,0,0,0
Halloween 4: The Return of Michael Myers,1988-10-21,1988,5000000.0,17768757,88.0,6.199806,24,9,15,1,0,0,0,1,0,0,0,0,1,0,0,0,0
Switchback,1997-10-31,1997,37000000.0,6482195,118.0,3.742824,12,7,3,0,0,0,0,1,1,0,0,1,0,0,0,0,1
Aadukalam,2011-01-14,2011,4000000.0,6000000,160.0,0.372987,8,4,1,0,0,1,0,1,1,0,0,0,0,0,0,0,0
Batman: Assault on Arkham,2014-08-12,2014,,4571025,75.0,6.0955,20,10,4,0,1,0,0,1,1,0,1,0,0,0,0,0,0
Last Man Standing,1996-09-20,1996,67000000.0,47267001,101.0,11.845918,25,18,8,0,0,1,0,1,1,0,1,0,0,0,0,0,0
Spy,2015-05-06,2015,65000000.0,235666219,120.0,13.257467,51,75,8,0,0,0,1,0,1,0,1,0,0,0,0,0,0
13 Hours: The Secret Soldiers of Benghazi,2016-01-13,2016,50000000.0,69411370,144.0,18.022579,33,80,13,0,0,1,0,1,1,0,0,0,0,0,0,0,0
Picture Perfect,1997-08-01,1997,19000000.0,44332015,105.0,4.347079,6,8,5,0,0,0,1,0,0,1,0,0,0,0,0,0,0
Intolerable Cruelty,2003-09-02,2003,60000000.0,119940815,100.0,13.469862,42,46,11,0,0,0,1,0,0,1,1,0,0,0,0,0,0
Dark City,1998-02-27,1998,27000000.0,27200316,100.0,12.851984,19,65,13,0,0,0,0,0,0,0,0,0,0,1,0,0,1
The One and Only,1978-02-03,1978,,16928137,97.0,0.43491,13,11,2,0,1,0,1,0,0,1,0,0,0,0,0,0,0
Kickboxer 2:  The Road Back,1991-01-30,1991,,1250712,89.0,8.500628,8,2,0,1,1,0,0,0,1,0,0,1,0,0,0,0,0
Jeepers Creepers,2001-07-01,2001,10000000.0,59217789,90.0,10.414363,16,87,5,1,0,0,0,1,0,0,0,0,1,0,0,0,0
Species II,1998-04-10,1998,35000000.0,19165560,93.0,13.495247,66,30,16,1,0,0,0,0,1,0,0,0,1,1,0,0,0
The Invasion,2007-08-17,2007,80000000.0,15071514,99.0,5.228837,17,21,11,0,0,0,0,1,0,0,0,0,0,1,0,0,0
Empire,2002-12-06,2002,4000000.0,18591272,90.0,2.148655,11,2,1,0,0,1,0,0,1,0,0,0,0,0,0,0,0
Balto,1995-12-22,1995,,11348324,78.0,12.140733,13,14,8,1,1,0,0,0,0,0,0,1,0,0,1,0,0
Queen Christina,1933-12-26,1933,1114000.0,2610000,99.0,2.886254,31,26,13,0,0,1,0,0,0,1,0,0,0,0,0,0,0
Cargo 200,2007-06-06,2007,,121129,89.0,1.592152,8,3,4,0,1,1,0,1,0,0,0,0,0,0,0,0,0
Antikiller,2002-08-01,2002,5000000.0,340312,113.0,0.191539,14,3,0,1,0,0,0,0,1,0,1,0,0,0,0,0,0
Cheetah,1989-08-18,1989,5000000.0,8153677,83.0,0.011574,7,3,0,0,0,1,0,0,0,0,0,0,0,0,1,0,0
Star Trek V: The Final Frontier,1989-06-09,1989,30000000.0,70200000,107.0,12.308007,14,10,12,1,0,0,0,1,1,0,0,1,0,1,0,0,0
Scary Movie 2,2001-07-04,2001,45000000.0,141220678,83.0,10.869056,16,127,3,1,0,0,1,0,0,0,0,0,0,0,0,0,0
Left Luggage,1998-03-30,1998,,100544,100.0,0.444226,8,2,4,0,1,1,0,0,0,0,0,0,0,0,0,0,0
The Wolf of Wall Street,2013-12-25,2013,100000000.0,392000694,180.0,16.382422,0,0,12,0,0,1,1,0,0,0,1,0,0,0,0,0,0
The Bounty Hunter,2010-03-16,2010,40000000.0,136000000,110.0,6.715263,18,13,2,0,0,0,0,0,1,0,0,0,0,0,0,0,0
The Shawshank Redemption,1994-09-23,1994,25000000.0,28341469,142.0,51.645403,42,90,10,0,0,1,0,0,0,0,1,0,0,0,0,0,0
Promised Land,2012-09-23,2012,15000000.0,8138788,106.0,7.06378,15,16,6,0,0,1,0,0,0,0,0,0,0,0,0,0,0
Guardians of the Galaxy,2014-07-30,2014,170000000.0,773328629,121.0,53.291601,80,105,9,1,0,0,0,0,1,0,0,1,0,1,0,0,0
License to Wed,2007-07-04,2007,35000000.0,69307224,91.0,7.102076,13,18,11,0,0,0,1,0,0,0,0,0,0,0,0,0,0
Feast of Love,2007-09-28,2007,,5741608,101.0,5.993691,16,24,25,0,1,1,1,0,0,1,0,0,0,0,0,0,0
"I, Daniel Blake",2016-10-21,2016,,260354,100.0,18.577504,27,41,10,0,1,1,0,0,0,0,0,0,0,0,0,0,0
Man on a Ledge,2012-01-13,2012,42000000.0,46221189,102.0,10.528173,56,27,7,0,0,0,0,1,1,0,1,0,0,0,0,0,0
Coffee and Cigarettes,2003-09-05,2003,,7897645,96.0,5.32553,24,15,16,0,1,1,1,0,0,0,0,0,0,0,0,0,0
Crank: High Voltage,2009-04-16,2009,20000000.0,34560577,96.0,10.044642,96,86,22,1,0,0,0,1,1,0,1,0,0,0,0,0,0
Look Who's Back,2015-10-08,2015,3196621.0,25513752,116.0,6.704659,13,2,0,0,0,0,1,0,0,0,0,0,0,0,0,0,0
American Ninja,1985-08-30,1985,1000000.0,10499694,95.0,7.314536,11,22,7,1,0,0,0,0,1,0,0,1,0,0,0,0,0
Happy Days,2007-09-28,2007,440141.0,2640850,160.0,0.815203,9,11,4,0,0,1,0,0,0,0,0,0,0,0,0,0,0
Raging Bull,1980-11-14,1980,18000000.0,23000000,129.0,8.868558,47,50,12,0,0,1,0,0,0,0,0,0,0,0,0,0,0
Child's Play 2,1990-11-09,1990,13000000.0,35763605,84.0,14.310479,10,7,4,1,0,1,0,0,0,0,0,0,1,0,0,0,0
The Rocky Horror Picture Show,1975-08-14,1975,1200000.0,112892319,100.0,8.699428,12,10,15,1,0,0,1,0,0,0,0,0,1,1,0,0,0
Alexander's Ragtime Band,1938-05-24,1938,2000000.0,4000000,106.0,0.632261,28,11,3,0,0,1,0,0,0,1,0,0,0,0,0,0,0
A Farewell to Arms,1932-12-08,1932,4.0,25,89.0,1.914697,9,25,13,0,0,1,0,0,0,1,0,0,0,0,0,0,0
Alpha Dog,2006-01-27,2006,,15309302,122.0,7.655603,54,27,5,0,1,1,0,0,0,0,1,0,0,0,0,0,0
Phenomenon,1996-07-05,1996,32000000.0,152036382,123.0,5.575992,16,10,6,0,0,1,0,0,0,1,0,0,0,1,0,1,0
King Kong,2005-12-14,2005,207000000.0,550000000,187.0,19.761164,34,38,10,0,0,1,0,0,1,0,0,1,0,0,0,0,0
Apollo 13,1995-06-30,1995,52000000.0,355237933,140.0,18.761467,27,110,21,0,0,1,0,0,0,0,0,0,0,0,0,0,0
Grandmaster,2012-05-03,2012,120000.0,130000,130.0,0.485424,17,5,10,0,0,0,0,1,0,0,0,0,0,0,0,0,1
Wall Street,1987-12-10,1987,15000000.0,43848069,126.0,11.672701,95,17,9,1,0,1,0,0,0,0,1,0,0,0,0,0,0
Possession,2002-10-02,2002,25000000.0,10113733,102.0,4.439325,20,9,0,0,0,1,0,0,0,1,0,0,0,0,0,0,1
The Visitor,2007-09-07,2007,,9234510,104.0,9.04083,10,20,6,0,1,1,0,0,0,0,1,0,0,0,0,0,0
The Family Fang,2016-04-16,2016,,262921,105.0,5.121894,26,17,7,0,1,1,1,0,0,0,0,0,0,0,0,0,1
Resident Evil: Afterlife,2010-09-09,2010,60000000.0,300228084,97.0,0.452934,15,33,10,1,0,0,0,0,1,0,0,1,1,1,0,0,0
New in Town,2009-01-30,2009,8000000.0,29010817,97.0,12.357072,18,19,12,0,0,0,1,0,0,0,0,0,0,0,0,0,0
The Adventures of Tintin,2011-10-25,2011,130000000.0,371940071,107.0,19.201504,16,47,10,0,0,0,0,0,0,0,0,1,0,0,0,0,1
We Were Soldiers,2002-03-01,2002,75000000.0,114660784,138.0,11.34706,54,132,13,0,0,0,0,0,1,0,0,0,0,0,0,0,0
A Guy Named Joe,1944-03-01,1944,2627000.0,5363000,120.0,0.662665,14,17,3,0,0,1,0,0,0,1,0,0,0,0,0,0,0
Prom,2011-04-29,2011,8000000.0,10130000,104.0,6.167646,22,22,7,0,0,0,1,0,0,0,0,0,0,0,0,0,0
The Last Unicorn,1982-11-19,1982,,6455530,92.0,6.634939,17,8,7,0,1,0,0,0,0,0,0,0,0,0,1,1,0
Anastasia,1997-11-20,1997,53000000.0,139804348,94.0,11.911173,12,63,6,0,0,0,0,0,0,0,0,0,0,0,1,0,0
The Warriors,1979-02-08,1979,4000000.0,22490039,93.0,11.457298,15,8,11,0,0,1,0,1,1,0,1,1,0,0,0,0,0
The Field,1990-12-21,1990,,1494399,110.0,1.656115,30,1,1,0,1,1,0,0,0,0,0,0,0,0,0,0,0
Monster Hunt,2015-07-16,2015,40000000.0,385284817,111.0,5.361771,17,3,1,0,0,0,1,0,1,0,0,0,0,0,0,1,0
Twice Upon a Yesterday,1998-11-27,1998,,258464,91.0,1.217192,7,2,7,0,1,1,1,0,0,1,0,0,0,0,0,0,0
Cat People,1942-12-05,1942,134000.0,4000000,73.0,5.110716,8,14,13,1,0,1,0,1,0,0,0,0,1,0,0,0,0
The Mist,2007-11-21,2007,18000000.0,57096190,126.0,8.435642,44,59,17,0,0,0,0,1,0,0,0,0,1,1,0,0,0
Wedding Crashers,2005-07-14,2005,40000000.0,285176741,119.0,11.100597,21,34,4,0,0,0,1,0,0,1,0,0,0,0,0,0,0
Body Shots,1999-10-07,1999,,239894,106.0,4.607583,31,32,7,0,1,1,0,0,0,1,0,0,0,0,0,0,0
The Smurfs 2,2013-07-30,2013,105000000.0,347434178,105.0,10.640864,32,12,3,1,0,0,1,0,0,0,0,0,0,0,1,1,0
The Fifth Estate,2013-10-11,2013,28000000.0,8555008,128.0,10.850442,26,8,5,0,0,1,0,1,0,0,0,0,0,0,0,0,0
Untraceable,2008-01-22,2008,35000000.0,32483410,101.0,7.85217,18,25,16,0,0,1,0,0,0,0,0,0,0,0,0,0,0
Scream 3,2000-02-03,2000,40000000.0,161834276,116.0,9.738371,23,24,8,1,0,0,0,0,0,0,0,0,1,0,0,0,1
The Bourne Supremacy,2004-07-23,2004,75000000.0,288500217,108.0,20.40426,46,160,21,1,0,1,0,1,1,0,0,0,0,0,0,0,0
Cedar Rapids,2011-02-11,2011,,6861102,87.0,4.84886,14,3,8,0,1,0,1,0,0,0,0,0,0,0,0,0,0
Kung Fu Jungle,2014-10-31,2014,25000000.0,129115,100.0,6.636514,10,8,3,0,0,0,0,1,1,0,1,0,0,0,0,0,0
The Interview,2014-12-25,2014,44000000.0,12342632,112.0,14.526049,38,24,5,0,0,0,1,0,1,0,0,0,0,0,0,0,0
Amores perros,2000-06-16,2000,2000000.0,20908467,154.0,5.958138,25,59,10,0,0,1,0,1,0,0,0,0,0,0,0,0,0
Fantastic Mr. Fox,2009-10-23,2009,40000000.0,46471023,87.0,8.695893,30,39,7,0,0,0,1,0,0,0,0,1,0,0,1,0,0
Godzilla 1985,1984-12-15,1984,2000000.0,4100000,87.0,2.894009,24,20,14,1,0,1,0,1,1,0,0,0,1,1,0,0,0
Man-Thing,2005-04-21,2005,7500000.0,143000,97.0,6.11959,15,54,3,0,0,0,0,0,1,0,0,0,1,1,0,0,0
The Pink Panther,1963-12-19,1963,,10878107,115.0,7.851263,20,23,6,1,1,0,1,0,0,0,1,0,0,0,0,0,0
Leviathan,1989-03-17,1989,25000000.0,15704614,98.0,10.653446,13,30,11,0,0,0,0,1,1,0,0,1,1,1,0,0,0
Testament of Youth,2014-10-14,2014,,1822250,129.0,7.046825,23,8,3,0,1,1,0,0,0,0,0,0,0,0,0,0,0
The Black Dahlia,2006-09-15,2006,50000000.0,49111202,121.0,6.506572,19,72,4,0,0,1,0,0,0,0,0,0,0,0,0,0,0
I'm Staying,2007-04-19,2007,1000000.0,404785,112.0,0.594488,12,3,1,0,0,1,1,0,0,0,0,0,0,0,0,1,0
No One Lives,2013-03-09,2013,2900000.0,74918,86.0,7.202832,14,28,27,0,0,0,0,1,0,0,0,0,1,0,0,0,0
Mugabe and the White African,2009-08-07,2009,,4542,90.0,0.14603,0,2,1,0,1,0,0,0,0,0,0,0,0,0,0,0,0
Company Business,1991-09-06,1991,,1501785,98.0,1.228145,11,2,4,0,1,0,0,1,1,0,0,0,0,0,0,0,0
Angel Heart,1987-03-06,1987,17000000.0,17185632,113.0,7.290872,17,42,15,0,0,0,0,1,0,0,0,0,1,0,0,0,1
Superbad,2016-10-13,2016,,263000,75.0,0.245606,8,2,3,0,1,0,1,0,0,0,0,0,0,0,0,0,0
Once Upon a Time in Mexico,2003-09-11,2003,29000000.0,98185582,102.0,8.843365,11,50,2,1,0,0,0,0,1,0,0,0,0,0,0,0,0
Major League,1989-02-16,1989,11000000.0,49797148,107.0,5.304376,19,12,12,1,0,0,1,0,0,0,0,0,0,0,0,0,0
Full Frontal,2002-08-02,2002,2000000.0,2506446,96.0,2.186683,17,21,1,0,0,1,1,0,0,1,0,0,0,0,0,0,0
A Man Who Was Superman,2008-01-31,2008,,3848034,102.0,1.95315,9,2,0,0,1,1,1,0,0,0,0,0,0,0,0,0,0
The Hitcher,1986-02-21,1986,6000000.0,5844868,97.0,5.648114,14,14,12,1,0,0,0,1,1,0,0,0,1,0,0,0,0
The Mirror Crack'd,1980-09-19,1980,,11000000,105.0,2.481504,20,13,4,0,1,0,0,1,0,0,1,0,0,0,0,0,1
The Three Burials of Melquiades Estrada,2005-11-17,2005,15000000.0,12036149,121.0,9.117934,16,49,4,0,0,1,0,0,0,0,1,1,0,0,0,0,1
Oculus,2013-09-08,2013,5000000.0,44030246,104.0,8.698043,10,43,5,0,0,0,0,0,0,0,0,0,1,0,0,0,0
3 Godfathers,1948-12-01,1948,1243000.0,2841000,106.0,3.803268,29,29,12,0,0,1,0,0,1,0,0,0,0,0,0,0,0
Exit Wounds,2001-03-13,2001,50000000.0,79958599,101.0,12.280827,27,70,4,0,0,0,0,1,1,0,1,0,0,0,0,0,0
Deadfall,1993-10-08,1993,10000000.0,18,98.0,1.145806,12,3,5,0,0,1,0,1,0,0,1,0,0,0,0,0,0
A Thousand Words,2012-03-07,2012,40000000.0,22044277,91.0,5.446745,44,36,2,0,0,1,1,0,0,0,0,0,0,0,0,0,0
Witchboard 2: The Devil's Doorway,1993-09-10,1993,,168180,98.0,0.960569,12,7,2,1,1,0,0,0,0,0,0,0,1,0,0,0,1
The Last Legion,2007-04-19,2007,67000000.0,25303038,102.0,8.920545,16,10,6,0,0,0,0,0,1,0,0,1,0,0,0,1,0
A Simple Life,2011-09-04,2011,,2802459,118.0,2.711041,18,6,1,0,1,1,0,0,0,0,0,0,0,0,0,0,0
Beetle Queen Conquers Tokyo,2009-03-01,2009,,10068,90.0,0.075409,0,3,3,0,1,0,0,0,0,0,0,0,0,0,0,0,0
Hustler White,1996-07-19,1996,,127251,79.0,1.068288,11,7,0,0,1,1,0,0,0,1,0,0,0,0,0,0,0
Pirates of the Caribbean: The Curse of the Black Pearl,2003-07-09,2003,140000000.0,655011224,143.0,47.326665,70,160,20,1,0,0,0,0,1,0,0,1,0,0,0,1,0
Band of Outsiders,1964-08-05,1964,120000.0,182857,97.0,5.648187,9,7,5,0,0,1,0,0,0,1,1,0,0,0,0,0,0
Friday the 13th,1980-05-09,1980,550000.0,59754601,95.0,12.146747,23,22,15,1,0,0,0,0,0,0,0,0,1,0,0,0,0
The Best Offer,2013-01-01,2013,13500000.0,19255873,124.0,8.995603,17,6,5,0,0,1,0,0,0,1,1,0,0,0,0,0,1
Snow Flower and the Secret Fan,2011-07-15,2011,134005.0,1332231,104.0,2.003832,18,22,2,0,0,1,0,0,0,0,0,0,0,0,0,0,0
Don't Breathe,2016-08-25,2016,9900000.0,157100845,88.0,25.869883,12,34,9,0,0,0,0,1,0,0,1,0,1,0,0,0,0
Ace Ventura: Pet Detective,1994-02-04,1994,15000000.0,107217396,86.0,11.247957,19,10,4,1,0,0,1,0,0,0,0,0,0,0,0,0,1
Splendor,1999-01-29,1999,,45703,93.0,3.508075,17,47,1,0,1,0,1,0,0,0,0,0,0,0,0,0,0
Fido,2006-09-07,2006,8000000.0,426224,91.0,5.284805,15,36,9,0,0,1,1,0,0,1,0,0,1,0,0,0,0
Stagecoach,1939-03-02,1939,531374.0,1103757,96.0,7.970462,64,35,19,0,0,0,0,0,0,0,0,1,0,0,0,0,0
Battle in Seattle,2007-09-07,2007,8000000.0,908847,99.0,4.518646,16,4,0,0,0,1,0,0,1,0,0,0,0,0,0,0,0
The Ring Two,2005-03-17,2005,50000000.0,161451538,110.0,16.15818,17,106,13,1,0,1,0,1,0,0,0,0,1,0,0,0,0
Mishima: A Life in Four Chapters,1985-05-15,1985,5000000.0,502758,121.0,8.591834,54,13,8,0,0,1,0,0,0,0,0,0,0,0,0,0,0
Vinnaithaandi Varuvaayaa,2010-02-26,2010,3000000.0,12000000,157.0,1.036233,12,11,0,0,0,1,0,0,0,1,0,0,0,0,0,0,0
The World Is Not Enough,1999-11-08,1999,135000000.0,361832400,128.0,12.130127,20,29,6,1,0,0,0,1,1,0,0,1,0,0,0,0,0
The Man without a Face,1993-08-25,1993,,24760338,114.0,5.997712,28,17,6,0,1,1,0,0,0,0,0,0,0,0,0,0,0
Logan's Run,1976-06-23,1976,9000000.0,25000000,119.0,6.842274,19,26,15,0,0,0,0,0,1,1,0,1,0,1,0,0,0
Killing Them Softly,2012-09-20,2012,15000000.0,37930465,97.0,6.777326,20,21,12,0,0,0,0,1,0,0,1,0,0,0,0,0,0
Eraser,1996-06-21,1996,100000000.0,242295562,115.0,6.919314,18,127,25,0,0,1,0,1,1,0,0,0,0,0,0,0,1
The Birdcage,1996-03-08,1996,31000000.0,185260553,117.0,6.49968,10,5,10,0,0,0,1,0,0,0,0,0,0,0,0,0,0
American Adobo,2001-09-29,2001,344.0,4,104.0,0.158651,10,2,2,0,0,0,1,0,0,1,0,0,0,0,0,0,0
Moonlight Mile,2002-09-09,2002,21000000.0,10011050,117.0,14.074906,16,16,0,0,0,1,0,0,0,1,0,0,0,0,0,0,0
Downtown,1990-01-12,1990,,2346150,96.0,1.026053,15,5,0,0,1,0,1,1,1,0,0,1,0,0,0,0,0
Spartacus,1960-10-06,1960,12000000.0,60000000,197.0,11.110376,117,44,11,0,0,1,0,0,1,0,0,0,0,0,0,0,0
Olympus Has Fallen,2013-03-20,2013,70000000.0,161025640,120.0,10.978188,22,26,3,1,0,0,0,1,1,0,0,0,0,0,0,0,0
Time Out of Mind,2014-09-07,2014,,166775,120.0,4.248105,16,34,1,0,1,1,0,0,0,0,0,0,0,0,0,0,0
Broken Flowers,2005-05-17,2005,10000000.0,45742101,105.0,6.589304,19,14,10,0,0,1,1,0,0,1,0,0,0,0,0,0,1
Mike and Dave Need Wedding Dates,2016-07-07,2016,33000000.0,77068246,98.0,12.237571,58,21,3,0,0,0,1,0,0,0,0,0,0,0,0,0,0
Speed 2: Cruise Control,1997-06-13,1997,160000000.0,164508066,121.0,11.268531,16,103,6,1,0,0,0,1,1,0,0,1,0,0,0,0,0
Guardians of the Galaxy Vol. 2,2017-04-19,2017,200000000.0,863416141,137.0,185.330992,63,131,8,1,0,0,1,0,1,0,0,1,0,1,0,0,0
Cats & Dogs,2001-07-04,2001,60000000.0,93375151,87.0,8.142251,8,10,5,1,0,0,1,0,0,0,0,0,0,0,1,0,0
The Last Temptation of Christ,1988-08-12,1988,7000000.0,8373585,164.0,11.370288,15,8,11,0,0,1,0,0,0,0,0,0,0,0,0,0,0
The Future,2013-09-06,2013,,13983,94.0,1.051148,7,3,1,0,1,1,0,0,0,0,0,0,0,0,0,0,0
Scary Movie 5,2013-04-11,2013,20000000.0,78378744,86.0,14.27281,19,22,5,1,0,0,1,0,0,0,0,0,0,0,0,0,0
About a Boy,2002-04-26,2002,27000000.0,129000000,101.0,10.956665,33,17,8,0,0,1,1,0,0,1,0,0,0,0,0,0,0
Hitman,2007-11-21,2007,24000000.0,99965753,89.0,13.765241,11,17,17,1,0,1,0,1,1,0,1,0,0,0,0,0,0
The Warrior's Way,2010-12-02,2010,42000000.0,11087569,100.0,5.510805,13,22,7,0,0,0,0,1,1,0,0,1,0,0,0,1,0
Van Helsing,2004-05-05,2004,160000000.0,300257475,132.0,12.643312,15,130,11,1,0,0,0,0,1,0,0,1,1,0,0,0,0
Pirates of the Caribbean: On Stranger Tides,2011-05-14,2011,380000000.0,1045713802,136.0,27.88772,36,39,16,1,0,0,0,0,1,0,0,1,0,0,0,1,0
Police Academy 6: City Under Siege,1989-03-09,1989,,11567217,84.0,5.612379,11,7,7,1,1,0,1,0,0,0,1,0,0,0,0,0,0
Crossing Over,2009-02-27,2009,25000000.0,1037335,113.0,6.036408,15,2,2,0,0,1,0,0,0,0,1,0,0,0,0,0,0
Conquest of the Planet of the Apes,1972-06-29,1972,1700000.0,9700000,88.0,12.843375,29,8,7,1,0,0,0,0,1,0,0,0,0,1,0,0,0
Gangster Squad,2013-01-10,2013,60000000.0,105200903,113.0,8.581558,40,81,2,0,0,1,0,1,1,0,1,0,0,0,0,0,0
Catch a Fire,2006-10-27,2006,,4291965,101.0,3.451518,13,13,6,0,1,1,0,1,1,0,0,0,0,0,0,0,0
Sicario,2015-09-17,2015,30000000.0,84025816,121.0,19.511221,41,63,17,0,0,1,0,1,1,0,1,0,0,0,0,0,1
The Magnificent Seven,1960-10-22,1960,2000000.0,4905000,128.0,10.650752,30,36,11,1,0,0,0,0,0,0,0,0,0,0,0,0,0
The Last Exorcism Part II,2013-02-28,2013,5000000.0,15179302,88.0,5.874458,7,3,1,1,0,0,0,1,0,0,0,0,1,0,0,0,0
The Final Cut,1996-03-01,1996,,551281,96.0,1.797462,35,75,24,0,1,1,0,1,1,0,0,0,0,0,0,0,0
License to Drive,1988-07-06,1988,8000000.0,22433275,90.0,9.631158,8,10,6,0,0,0,1,0,0,0,0,0,0,0,1,0,0
Ai Weiwei: Never Sorry,2012-06-14,2012,,181107,91.0,2.643111,2,2,10,0,1,0,0,0,0,0,0,0,0,0,0,0,0
Rosemary's Baby,1968-06-12,1968,3200000.0,33395426,136.0,11.504558,23,14,10,1,0,1,0,0,0,0,0,0,1,0,0,0,1
The Accidental Husband,2008-02-29,2008,,22707064,90.0,8.761268,18,4,8,0,1,0,1,0,0,1,0,0,0,0,0,0,0
Big Momma's House 2,2006-01-26,2006,40000000.0,138259062,99.0,7.622875,9,11,10,1,0,0,1,0,0,0,1,0,0,0,0,0,0
Mechenosets,2006-10-12,2006,5000000.0,3919731,104.0,0.414793,4,7,0,0,0,0,0,1,1,1,0,0,0,1,0,0,0
The Pagemaster,1994-11-23,1994,27000000.0,13670688,80.0,7.436001,22,22,3,0,0,0,0,0,0,0,0,0,0,1,1,1,0
Reno 911!: Miami,2007-02-23,2007,10000000.0,20342161,84.0,4.468247,28,20,11,0,0,0,1,0,1,0,1,1,0,0,0,0,0
Supersonic Man,1979-11-01,1979,,519204,88.0,1.021641,18,16,5,0,1,0,1,0,0,0,0,1,0,0,0,1,0
Hitler's Kaput!,2008-09-18,2008,3000000.0,9713500,99.0,0.878255,16,2,0,0,0,0,1,0,0,0,0,0,0,0,0,0,0
Vampire in Brooklyn,1995-10-26,1995,14000000.0,19800000,100.0,9.071127,9,11,2,0,0,0,1,0,0,1,0,0,1,0,0,0,0
Dreamcatcher,2003-03-21,2003,68000000.0,75715436,136.0,7.694847,16,88,1,0,0,1,0,1,0,0,0,0,1,1,0,0,0
Stand by Me,1986-08-22,1986,8000000.0,52287414,89.0,15.206957,16,14,12,0,0,1,0,0,0,0,1,0,0,0,0,0,0
The Life Aquatic with Steve Zissou,2004-12-10,2004,50000000.0,34808403,119.0,6.936677,16,21,6,0,0,1,1,0,0,0,0,1,0,0,0,0,0
Bend It Like Beckham,2002-04-11,2002,3500159.0,76578641,112.0,6.262677,13,22,11,0,0,1,1,0,0,1,0,0,0,0,0,0,0
Regression,2015-10-01,2015,,17671101,106.0,10.03628,25,44,2,0,1,0,0,1,0,0,0,0,1,0,0,0,1
Gremlins,1984-06-07,1984,11000000.0,153083102,106.0,11.333125,18,18,18,1,0,0,1,0,0,0,0,0,1,0,0,1,0
Higher Learning,1995-01-11,1995,,38290723,127.0,7.817811,14,10,7,0,1,1,0,0,0,1,1,0,0,0,0,0,0
Texas Chainsaw Massacre: The Next Generation,1994-01-01,1994,600000.0,185898,95.0,6.854576,34,11,13,1,0,0,1,1,0,0,0,0,1,0,0,0,0
Joy,2015-12-24,2015,60000000.0,101134059,124.0,12.975936,67,89,6,0,0,1,1,0,0,0,0,0,0,0,0,0,0
The Loft,2014-10-14,2014,14000000.0,10076790,108.0,14.443362,16,14,7,0,0,0,0,1,0,0,0,0,0,0,0,0,0
Chain Reaction,1996-08-02,1996,50000000.0,60209334,107.0,15.874491,75,23,6,0,0,1,0,1,1,0,0,0,0,1,0,0,0
The Hangover Part III,2013-05-23,2013,103000000.0,362000072,100.0,25.085639,32,92,2,1,0,0,1,0,0,0,0,0,0,0,0,0,0
Mistress America,2015-08-14,2015,,2500431,84.0,6.969947,16,21,2,0,1,0,1,0,0,0,0,0,0,0,0,0,0
House of Wax,1953-04-10,1953,658000.0,23800000,90.0,9.072006,12,12,11,0,0,0,0,0,0,0,1,0,1,0,0,0,1
The Lobster,2015-10-08,2015,4000000.0,15656193,118.0,11.223033,22,46,1,0,0,1,1,1,0,1,0,0,0,1,0,0,0
Eye of the Dolphin,2007-08-24,2007,2500000.0,71904,100.0,0.46335,16,3,5,1,0,1,0,0,0,0,0,0,0,0,0,0,0
Star Trek IV: The Voyage Home,1986-11-25,1986,24000000.0,133000000,119.0,12.596956,15,17,8,1,0,0,0,0,0,0,0,1,0,1,0,0,0
Welcome Mr. President!,2013-03-19,2013,,9500000,100.0,4.709454,15,11,0,0,1,0,1,0,0,0,0,0,0,0,0,0,0
A Moment of Innocence,1996-08-13,1996,,37598,78.0,1.342194,7,9,5,0,1,1,1,0,0,0,0,0,0,0,0,0,0
Masters of the Universe,1987-08-07,1987,22000000.0,17336370,106.0,7.106954,24,80,9,0,0,0,0,1,1,0,0,1,0,1,0,1,0
The Spanish Apartment,2002-05-17,2002,5300000.0,3897799,122.0,5.94395,20,11,13,1,0,1,1,0,0,1,0,0,0,0,0,0,0
Crossroads,2002-02-15,2002,12000000.0,61141030,93.0,6.631356,32,129,30,0,0,1,1,0,1,1,0,1,0,0,1,0,0
21 Grams,2003-09-06,2003,20000000.0,60427839,124.0,6.372278,27,14,9,0,0,1,0,1,0,0,1,0,0,0,0,0,0
The Last Castle,2001-10-19,2001,72000000.0,27642707,131.0,9.807552,11,15,2,0,0,1,0,1,1,0,0,0,0,0,0,0,0
Mystic River,2003-10-07,2003,25000000.0,156822020,138.0,12.602438,25,13,10,0,0,1,0,1,0,0,1,0,0,0,0,0,1
Police Academy 3: Back in Training,1986-03-20,1986,,43579163,83.0,7.10005,16,6,2,1,1,0,1,0,0,0,1,0,0,0,0,0,0
Hart's War,2002-02-15,2002,70000000.0,32287044,125.0,14.116474,20,20,11,0,0,1,0,0,0,0,0,0,0,0,0,0,0
Brain Donors,1992-04-17,1992,,918239,92.0,5.141952,9,5,3,0,1,0,1,0,0,0,0,0,0,0,0,0,0
Admission,2013-03-21,2013,13000000.0,18000000,107.0,10.098539,29,5,2,0,0,1,1,0,0,1,0,0,0,0,0,0,0
1492: Conquest of Paradise,1992-10-09,1992,47000000.0,7191399,154.0,11.618792,18,58,5,0,0,1,0,0,1,0,0,1,0,0,0,0,0
The Heart is Deceitful Above All Things,2004-09-15,2004,74050.0,176153,98.0,2.789574,17,13,23,0,0,1,0,0,0,0,0,0,0,0,0,0,0
The Limey,1999-05-15,1999,10000000.0,3193102,89.0,7.807741,14,31,16,0,0,1,0,1,1,0,1,0,0,0,0,0,1
Zero Effect,1998-01-30,1998,5000000.0,1980338,116.0,3.621052,15,9,3,0,0,0,1,1,0,0,1,0,0,0,0,0,1
The Silver Chalice,1954-12-20,1954,4500000.0,3200000,142.0,0.313032,27,14,4,0,0,1,0,0,0,1,0,0,0,0,0,0,0
The Women,1939-01-01,1939,1688000.0,2270000,133.0,5.076649,118,28,12,0,0,1,1,0,0,0,0,0,0,0,0,0,0
Charlie St. Cloud,2010-05-01,2010,44000000.0,48190704,99.0,6.273131,25,8,5,0,0,1,0,0,0,0,0,0,0,0,0,0,0
Ip Man 3,2015-12-19,2015,36000000.0,156844753,105.0,8.970494,16,17,1,1,0,1,0,0,1,0,0,0,0,0,0,0,0
Appleseed,2004-04-17,2004,10000000.0,1461989,101.0,8.278525,12,18,10,1,0,0,0,0,1,0,0,0,0,1,0,0,0
Money Monster,2016-05-12,2016,27000000.0,93282604,98.0,11.953822,53,9,11,0,0,0,0,1,0,0,0,0,0,0,0,0,0
The Deceivers,1988-09-02,1988,,346297,102.0,0.876297,13,14,12,0,1,1,0,1,1,0,0,0,0,0,0,0,0
Bloody Sunday,2002-01-16,2002,,773228,107.0,7.757913,25,3,3,0,1,1,0,0,1,0,0,1,0,0,0,0,0
The Train,1964-09-21,1964,5800000.0,6800000,133.0,4.412564,24,14,13,0,0,1,0,1,1,0,0,0,0,0,0,0,0
"Kidnapping, Caucasian Style",2014-08-21,2014,3500000.0,179000,95.0,0.524653,15,2,0,0,0,0,1,0,0,1,0,1,0,0,0,0,0
She's the Man,2006-03-17,2006,20000000.0,33889159,105.0,6.916201,15,9,13,0,0,1,1,0,0,1,0,0,0,0,1,0,0
Batman Returns,1992-06-19,1992,80000000.0,280000000,126.0,15.001681,11,16,19,1,0,0,0,0,1,0,0,0,0,0,0,1,0
Sweetwater,2013-01-24,2013,7000000.0,6147,95.0,5.799861,9,23,5,0,0,0,0,1,0,0,0,0,0,0,0,0,0
Storks,2016-09-22,2016,70000000.0,182379278,87.0,12.687521,15,12,3,0,0,0,1,0,0,0,0,1,0,0,1,0,0
It Might Get Loud,2009-08-14,2009,,1896244,97.0,4.857726,4,2,4,0,1,0,0,0,0,0,0,0,0,0,0,0,0
Cirque du Freak: The Vampire's Assistant,2009-10-23,2009,40000000.0,28169671,109.0,10.829432,24,7,7,0,0,0,0,1,1,0,0,1,0,0,0,1,0
Crash,2004-01-13,2004,6500000.0,98410061,112.0,9.785147,52,40,11,0,0,1,0,0,0,0,0,0,0,0,0,0,0
Simon Birch,1998-09-11,1998,20000000.0,18253415,114.0,2.651408,10,10,1,0,0,1,1,0,0,0,0,0,0,0,1,0,0
Total Recall,1990-06-01,1990,65000000.0,261317921,113.0,12.954444,21,24,15,0,0,0,0,0,1,0,0,1,0,1,0,0,0
Delta Force 2: The Colombian Connection,1990-08-24,1990,,6698361,111.0,7.007739,7,2,4,1,1,0,0,0,1,0,0,1,0,0,0,0,0
Pirates of the Caribbean: At World's End,2007-05-19,2007,300000000.0,961000000,169.0,31.363664,34,32,16,1,0,0,0,0,1,0,0,1,0,0,0,1,0
The Valet,2006-03-29,2006,,29326868,85.0,7.696023,8,2,7,0,1,0,1,0,0,0,0,0,0,0,0,0,0
Love Story,1970-12-16,1970,2200000.0,136400000,99.0,6.127903,12,9,13,0,0,1,0,0,0,1,0,0,0,0,0,0,0
Lockout,2012-04-12,2012,20000000.0,32204030,95.0,8.772263,13,19,10,0,0,0,0,1,1,0,0,0,0,1,0,0,0
All About My Mother,1999-04-19,1999,8272296.0,67872296,101.0,10.000915,27,32,10,0,0,1,1,0,0,0,0,0,0,0,0,0,0
Black Snake Moan,2006-12-08,2006,15000000.0,10903846,116.0,7.050403,15,8,4,0,0,1,0,0,0,0,0,0,0,0,0,0,0
Life As We Know It,2010-10-02,2010,38000000.0,105610124,114.0,7.824962,20,83,9,0,0,1,1,0,0,1,0,0,0,0,0,0,0
Anomalisa,2015-12-30,2015,8000000.0,5659286,90.0,10.428421,3,56,3,0,0,1,1,0,0,1,0,0,0,0,0,0,0
The Other Woman,2014-04-16,2014,40000000.0,196781193,109.0,9.389354,16,4,9,0,0,0,1,0,0,1,0,0,0,0,0,0,0
A Scanner Darkly,2006-05-25,2006,8700000.0,7659918,100.0,11.643026,16,26,21,0,0,0,0,1,0,0,0,0,0,1,0,0,0
Fish Tank,2009-05-14,2009,3000000.0,2357852,123.0,6.070216,29,24,23,0,0,1,0,0,0,0,0,0,0,0,0,0,0
Loose Cannons,2010-02-12,2010,7000000.0,8220215,110.0,5.633243,16,2,0,0,0,1,1,0,0,1,0,0,0,0,0,0,0
Bottle Shock,2008-08-06,2008,5000000.0,4040588,110.0,3.334353,12,3,3,0,0,1,1,0,0,0,0,0,0,0,0,0,0
The Deer Hunter,1978-12-08,1978,15000000.0,50000000,183.0,7.729445,50,47,8,0,0,1,0,0,0,0,0,0,0,0,0,0,0
She's All That,1999-01-29,1999,10000000.0,103166989,95.0,7.064982,23,8,21,0,0,0,1,0,0,1,0,0,0,0,0,0,0
Pather Panchali,1955-08-26,1955,,536364,125.0,3.900709,19,15,12,1,1,1,0,0,0,0,0,0,0,0,0,0,0
Gentleman's Agreement,1947-11-11,1947,2000000.0,7800000,118.0,6.857318,13,12,2,0,0,1,0,0,0,1,0,0,0,0,0,0,0
"20,000 Leagues Under the Sea",2016-12-24,2016,200000.0,8000000,105.0,0.917777,13,12,2,0,0,1,0,0,1,0,0,1,0,1,0,0,0
Fast & Furious,2009-04-02,2009,85000000.0,363164265,107.0,1.498902,48,123,10,1,0,1,0,1,1,0,1,0,0,0,0,0,0
Frida,2002-08-29,2002,12000000.0,56298474,123.0,11.283472,14,27,4,0,0,1,0,0,0,1,0,0,0,0,0,0,0
Out of Bounds,1986-07-25,1986,,5099316,93.0,0.779829,14,14,21,0,1,1,0,1,1,0,1,0,0,0,0,0,0
The Valley of Decision,1945-06-01,1945,2160000.0,9132000,119.0,0.230534,20,8,0,0,0,1,0,0,0,0,0,0,0,0,0,0,0
The Midnight Meat Train,2008-08-07,2008,15000000.0,3533227,98.0,13.389735,11,11,13,0,0,1,0,1,0,0,1,0,1,0,0,0,1
Boys on the Side,1995-02-03,1995,21000000.0,23450000,115.0,3.030309,6,10,9,0,0,1,1,0,0,0,0,0,0,0,0,0,0
Cop Out,2010-02-26,2010,30000000.0,55583804,107.0,14.313079,23,11,10,0,0,0,1,0,1,0,1,0,0,0,0,0,0
Princess Kaiulani,2010-05-14,2010,9000000.0,771499,130.0,1.818296,5,1,5,0,0,1,0,0,0,0,0,0,0,0,0,0,0
Birdy,1984-12-14,1984,12000000.0,1400000,120.0,16.243093,7,9,2,0,0,1,0,0,0,0,0,0,0,0,0,0,0
Senna,2010-10-07,2010,,8212430,106.0,11.331859,18,15,11,0,1,0,0,0,0,0,0,0,0,0,0,0,0
Sankofa,1993-05-28,1993,1000000.0,2691899,124.0,0.04586,19,13,5,0,0,1,0,0,0,0,0,0,0,0,0,0,0
Stanley & Iris,1990-02-09,1990,23000000.0,5820015,104.0,1.914881,12,28,6,0,0,1,0,0,0,1,0,0,0,0,0,0,0
Dhoom 3,2013-12-18,2013,19500000.0,91000000,172.0,5.326716,12,26,6,1,0,0,0,1,1,0,1,0,0,0,0,0,0
I Spit on Your Grave,2010-06-17,2010,2000000.0,572809,108.0,12.805294,9,13,8,1,0,0,0,1,0,0,1,0,1,0,0,0,0
Casino Royale,1967-04-13,1967,12000000.0,41744718,131.0,13.300519,45,30,5,1,0,0,1,0,1,0,0,1,0,0,0,0,0
Zero Dark Thirty,2012-12-19,2012,40000000.0,132820716,157.0,9.649303,31,19,37,0,0,1,0,1,0,0,0,0,0,0,0,0,0
Sea of Love,1989-09-15,1989,19000000.0,110879513,113.0,9.801967,12,7,12,0,0,1,0,0,0,0,1,0,0,0,0,0,1
Match Point,2005-10-26,2005,15000000.0,85306374,124.0,9.020372,30,39,13,0,0,1,0,1,0,1,1,0,0,0,0,0,0
The Girl Next Door,2004-04-09,2004,25000000.0,30411183,108.0,13.083718,23,102,6,0,0,0,1,0,0,0,0,0,0,0,0,0,0
Don't Think Twice,2016-07-22,2016,,4417667,90.0,8.067119,19,10,0,0,1,1,1,0,0,0,0,0,0,0,0,0,0
Machete,2010-09-01,2010,20000000.0,31327899,105.0,7.120403,29,18,7,1,0,0,1,1,1,0,0,0,0,0,0,0,0
Resident Evil,2002-03-15,2002,33000000.0,102984862,100.0,7.781293,22,103,6,1,0,0,0,0,1,0,0,0,1,1,0,0,0
The Great Debaters,2007-12-27,2007,15000000.0,30226144,126.0,8.735448,49,24,1,0,0,1,0,0,0,0,0,0,0,0,0,0,0
A Royal Night Out,2015-05-14,2015,,228136,97.0,4.060966,12,15,0,0,1,1,0,1,0,1,0,0,0,0,0,0,0
Bodyguard,2011-08-31,2011,130.0,8,130.0,2.402032,15,4,6,0,0,1,1,0,1,1,0,0,0,0,0,0,0
The Amityville Horror,2005-04-15,2005,19000000.0,108047131,90.0,13.088552,18,26,11,1,0,1,0,1,0,0,0,0,1,0,0,0,0
City of Men,2007-08-31,2007,,307076,106.0,3.527212,13,12,17,0,1,1,0,0,0,0,0,0,0,0,0,0,0
Welcome to the Sticks,2008-01-09,2008,11000000.0,53191886,106.0,7.250134,15,21,15,0,0,0,1,0,0,0,0,0,0,0,0,0,0
Lost & Found,1999-04-23,1999,1.0,100,95.0,1.337096,6,4,4,0,0,0,1,0,0,1,0,0,0,0,0,0,0
Van Gogh,1991-10-30,1991,,138000,158.0,1.484109,8,5,4,0,1,1,0,0,0,0,0,0,0,0,0,0,0
Capote,2005-09-30,2005,7000000.0,49084830,114.0,6.01272,17,22,10,0,0,1,0,0,0,0,1,0,0,0,0,0,0
Judge Dredd,1995-06-30,1995,90000000.0,113493481,96.0,8.184815,17,20,15,0,0,0,0,0,0,0,0,0,0,1,0,0,0
Henry Poole Is Here,2008-08-15,2008,,1829917,99.0,5.923904,15,16,13,0,1,1,1,0,0,0,0,0,0,0,0,0,0
Saint John of Las Vegas,2009-06-10,2009,3800000.0,111731,84.0,2.894924,6,1,2,0,0,0,1,0,0,0,0,0,0,0,0,0,0
The Mighty Quinn,1989-02-17,1989,,4557214,98.0,2.326119,28,12,4,0,1,0,1,1,1,0,0,0,0,0,0,0,1
Broken City,2013-01-18,2013,56000000.0,19701164,109.0,12.136158,22,65,7,0,0,1,0,1,0,0,1,0,0,0,0,0,0
One Small Hitch,2013-02-14,2013,,7965,100.0,3.316857,7,6,3,0,1,0,1,0,0,1,0,0,0,0,0,0,0
Twins,1988-12-09,1988,15000000.0,216614388,107.0,5.952494,52,18,10,0,0,0,1,0,0,0,0,0,0,0,0,0,0
Aasai,1995-09-25,1995,500000.0,500000,157.0,0.370114,9,5,0,0,0,0,0,0,1,1,0,0,0,0,0,0,0
What Women Want,2000-12-15,2000,70000000.0,374111707,127.0,9.963079,110,95,5,0,0,0,1,0,0,1,0,0,0,0,0,0,0
Madea Goes to Jail,2009-02-16,2009,,90508336,103.0,2.844534,14,3,1,0,1,1,1,0,0,0,1,0,0,0,0,0,0
The Kite Runner,2007-10-14,2007,20000000.0,73276047,128.0,5.970067,16,16,9,0,0,1,0,0,0,0,0,0,0,0,0,0,0
American Pie 2,2001-08-10,2001,30000000.0,287553595,108.0,10.25103,89,109,10,1,0,0,1,0,0,1,0,0,0,0,0,0,0
Mean Streets,1973-10-02,1973,500000.0,3000000,110.0,8.212399,15,9,5,0,0,1,0,0,0,0,1,0,0,0,0,0,0
Before the Fall,2004-07-04,2004,4500000.0,3764219,117.0,5.69684,12,10,5,0,0,1,0,0,0,0,0,0,0,0,0,0,0
The Girlfriend Experience,2009-01-20,2009,1700000.0,1007962,77.0,6.115299,10,11,8,0,0,1,1,0,0,0,0,0,0,0,0,0,0
The Player,1992-04-03,1992,8000000.0,21706101,124.0,6.230854,70,11,4,0,0,1,1,0,0,0,0,0,0,0,0,0,0
London Has Fallen,2016-03-02,2016,60000000.0,205754447,99.0,15.037993,29,101,3,1,0,0,0,1,1,0,1,0,0,0,0,0,0
My Blueberry Nights,2007-05-16,2007,10000000.0,21786738,111.0,11.119593,14,22,11,0,0,1,0,0,0,1,0,0,0,0,0,0,0
Dead Snow 2: Red vs. Dead,2014-02-12,2014,,37473,100.0,10.287127,35,12,5,1,1,0,1,0,1,0,0,0,1,0,0,0,0
My Life as a Zucchini,2016-10-12,2016,8000000.0,292279,66.0,7.321152,15,15,6,0,0,1,0,0,0,0,0,0,0,0,1,0,0
The Adventures of Pluto Nash,2002-08-15,2002,100000000.0,7103973,95.0,8.903754,14,9,7,0,0,0,1,0,1,0,0,0,0,1,0,0,0
Daddy's Little Girls,2007-02-14,2007,10000000.0,31609243,100.0,6.063809,19,12,5,0,0,1,1,0,0,1,0,0,0,0,0,0,0
The Double,2011-10-27,2011,17000000.0,3696232,98.0,5.498819,15,67,1,0,0,1,0,0,1,0,1,0,0,0,0,0,0
My Giant,1998-04-10,1998,,7985929,103.0,6.422711,27,33,3,0,1,1,1,0,0,0,0,0,0,0,1,0,0
Pee-wee's Big Adventure,1985-07-26,1985,6000000.0,40940662,90.0,11.461437,18,16,7,1,0,0,1,0,0,0,0,1,0,0,0,0,0
Nitro Circus: The Movie,2012-08-08,2012,,3903479,92.0,4.40284,8,10,3,0,1,0,1,0,1,0,0,0,0,0,0,0,0
Tales from Earthsea,2006-07-29,2006,22000000.0,68000000,115.0,9.409701,10,14,7,0,0,0,0,0,0,0,0,1,0,1,0,1,0
Boy A,2007-10-28,2007,,1200398,100.0,8.37404,14,14,18,0,1,1,0,0,0,0,1,0,0,0,0,0,0
Tower Heist,2011-11-02,2011,75000000.0,152930623,104.0,7.762917,55,19,17,0,0,0,1,0,1,0,0,0,0,0,0,0,0
Bombay Velvet,2015-05-15,2015,18000000.0,1500000,151.0,1.377993,10,31,6,0,0,1,0,1,0,0,1,0,0,0,0,0,0
The Duelist,2016-09-29,2016,12823507.0,6101904,110.0,2.981184,8,5,0,0,0,1,0,0,1,0,0,0,0,0,0,0,0
A Troll in Central Park,1994-10-07,1994,23000000.0,71368,76.0,3.612089,6,19,3,0,0,0,0,0,0,0,0,0,0,1,1,1,0
Old School,2003-02-21,2003,24000000.0,87055349,91.0,16.195894,14,12,3,0,0,0,1,0,0,0,0,0,0,0,0,0,0
Steel,1997-08-15,1997,16000000.0,1686429,97.0,2.890462,30,10,4,0,0,0,0,0,1,0,0,1,0,1,0,0,0
The Miracle,2009-10-09,2009,,50656,110.0,0.436028,5,4,0,0,1,1,0,0,0,0,0,0,0,0,0,0,1
The Circle,2017-04-27,2017,18000000.0,20497844,110.0,88.439243,78,92,5,0,0,1,0,1,0,0,0,0,0,1,0,0,0
Under the Boardwalk,1989-04-14,1989,,147542,102.0,0.114609,36,6,0,0,1,0,1,0,0,1,0,0,0,0,0,0,0
The Amazing Truth About Queen Raquela,2008-03-07,2008,400000.0,5255,80.0,0.038876,3,1,3,0,0,1,0,0,0,0,0,0,0,0,0,0,0
The Secret Life of Walter Mitty,2013-12-18,2013,90000000.0,188133322,114.0,8.684892,13,21,12,0,0,1,1,0,0,0,0,1,0,0,0,1,0
Horton Hears a Who!,2008-03-03,2008,85000000.0,297138014,88.0,8.326699,26,18,3,0,0,0,1,0,0,0,0,1,0,0,1,1,0
Terribly Happy,2008-07-15,2008,,179943,90.0,4.472892,20,4,3,0,1,1,0,1,0,0,0,0,0,0,0,0,0
The Truman Show,1998-06-04,1998,60000000.0,264118201,103.0,13.155901,25,29,6,0,0,1,1,0,0,0,0,0,0,0,0,0,0
This Is England,2006-09-12,2006,2380000.0,8176544,101.0,2.514638,18,14,14,1,0,1,0,0,0,0,1,0,0,0,0,0,0
It Doesn't Hurt Me,2006-06-08,2006,,1110566,101.0,1.238971,6,2,0,0,1,1,0,0,0,1,0,0,0,0,0,0,0
Happy Weekend,1996-03-14,1996,,65335,104.0,0.002229,7,0,4,0,1,0,1,0,0,0,0,0,0,0,0,0,0
Papillon,1973-12-13,1973,12000000.0,53267000,151.0,15.698433,26,36,3,0,0,1,0,0,0,0,1,0,0,0,0,0,0
Robin Hood: Prince of Thieves,1991-06-14,1991,48000000.0,390493908,143.0,10.639244,35,9,5,0,0,0,0,0,0,0,0,1,0,0,0,0,0
Hot Pursuit,2015-05-08,2015,35000000.0,51680201,87.0,6.90658,114,18,8,0,0,0,1,0,1,0,1,0,0,0,0,0,0
Evangelion: 2.0 You Can (Not) Advance,2009-06-26,2009,,41162041,108.0,6.518028,5,6,0,1,1,1,0,0,1,0,0,0,0,1,0,0,0
Losin' It,1983-04-08,1983,7000000.0,1246141,100.0,3.132019,15,20,12,0,0,0,1,0,0,0,0,0,0,0,0,0,0
The Rapture,1991-10-04,1991,1227401.0,1277401,100.0,8.319631,15,15,12,0,0,1,0,0,0,0,0,0,0,0,0,0,1
A Clockwork Orange,1971-12-18,1971,2200000.0,26589000,136.0,17.112594,19,13,15,0,0,1,0,0,0,0,0,0,0,1,0,0,0
Max & Leon,2016-11-01,2016,12156348.0,7900000,98.0,5.662109,31,9,0,0,0,0,1,0,0,0,0,0,0,0,0,0,0
Baby Mama,2008-04-23,2008,30000000.0,63833449,99.0,10.901355,19,10,2,0,0,0,1,0,0,0,0,0,0,0,0,0,0
Capturing the Friedmans,2003-05-30,2003,,3117985,107.0,4.453296,5,28,6,0,1,0,0,0,0,0,0,0,0,0,0,0,0
The Iron Lady,2011-12-30,2011,13000000.0,114956699,105.0,7.421245,31,15,16,0,0,1,0,0,0,0,0,0,0,0,0,0,0
The Congress,2013-05-16,2013,,455815,122.0,8.534039,10,21,1,0,1,1,0,0,0,0,0,0,0,1,0,0,0
Wish I Was Here,2014-01-18,2014,5500000.0,5483299,120.0,6.149295,27,11,5,0,0,1,1,0,0,0,0,0,0,0,0,0,0
The Great Outdoors,1988-06-17,1988,24000000.0,43455230,91.0,11.666172,13,12,5,0,0,0,1,0,0,0,0,0,0,0,0,0,0
The Fisher King,1991-09-09,1991,24000000.0,41895491,137.0,11.184385,25,12,17,0,0,1,1,0,0,0,0,0,0,0,0,0,0
"Hello, Dolly!",1969-12-12,1969,24000000.0,33208099,146.0,8.407519,13,7,6,0,0,0,1,0,0,1,0,0,0,0,1,0,0
The To Do List,2013-07-24,2013,1500000.0,3566225,104.0,7.081404,20,14,26,0,0,0,1,0,0,1,0,0,0,0,0,0,0
ATL,2006-03-31,2006,20000000.0,21170563,105.0,2.582818,14,3,0,0,0,1,0,0,0,0,0,0,0,0,0,0,0
Titanic,1953-04-11,1953,1805000.0,4905000,98.0,12.90707,10,10,1,0,0,1,0,0,1,1,0,0,0,0,0,0,0
Transformers: Dark of the Moon,2011-06-28,2011,195000000.0,1123746996,154.0,4.503505,40,29,12,1,0,0,0,0,1,0,0,1,0,1,0,0,0
L'Âge d'Or,1930-10-28,1930,,7940,63.0,2.76145,33,18,16,0,1,1,1,0,0,1,0,0,0,0,0,0,0
The Three Musketeers,2011-08-31,2011,75000000.0,132274484,110.0,6.303466,15,31,5,0,0,0,0,1,1,0,0,1,0,0,0,0,0
Cold Mountain,2003-12-24,2003,79000000.0,173013509,154.0,9.645543,23,89,5,0,0,1,0,0,0,0,0,0,0,0,0,0,0
Deadpool,2016-02-09,2016,58000000.0,783112979,108.0,187.860492,46,88,9,1,0,0,1,0,1,0,0,1,0,0,0,0,0
Beetlejuice,1988-02-29,1988,15000000.0,73326666,92.0,10.627364,28,30,11,0,0,0,1,0,0,0,0,0,0,0,0,1,0
Alex Cross,2012-10-18,2012,45000000.0,30353232,101.0,8.279285,12,31,1,1,0,0,0,1,1,0,1,0,0,0,0,0,1
Late Autumn,2010-09-10,2010,6200000.0,4820000,113.0,1.077252,6,2,0,0,0,1,0,0,0,0,0,0,0,0,0,0,0
We Are What We Are,2013-09-27,2013,,81381,105.0,7.859837,10,14,10,0,1,1,0,1,0,0,0,0,1,0,0,0,0
My Week with Marilyn,2011-10-17,2011,6400000.0,35057696,99.0,12.203066,16,11,4,0,0,1,0,0,0,0,0,0,0,0,0,0,0
She's Funny That Way,2014-10-27,2014,,111996,93.0,7.032964,29,12,8,0,1,0,1,0,0,0,0,0,0,0,0,0,0
You Only Live Twice,1967-06-12,1967,9500000.0,111584787,117.0,10.359669,16,11,29,1,0,0,0,1,1,0,0,1,0,0,0,0,0
Kung Fu Dunk,2008-02-07,2008,10000000.0,22896728,100.0,8.406056,16,2,6,0,0,0,1,0,1,0,0,1,0,0,0,0,0
Elevator to the Gallows,1958-01-29,1958,,263404,88.0,5.184701,27,27,21,0,1,1,0,1,0,0,1,0,0,0,0,0,0
Smokey and the Bandit II,1980-08-15,1980,,66132626,100.0,7.190986,12,10,7,1,1,0,1,0,1,0,0,0,0,0,0,0,0
Something Wild,1986-11-07,1986,,8362969,113.0,4.737529,17,17,17,0,1,1,1,0,1,1,0,0,0,0,0,0,0
Fight Club,1999-10-15,1999,63000000.0,100853753,139.0,63.869599,77,107,7,0,0,1,0,0,0,0,0,0,0,0,0,0,0
Cinderfella,1960-12-18,1960,3000000.0,7100000,91.0,2.395067,8,2,0,0,0,0,1,0,0,1,0,0,0,0,0,0,0
The Frighteners,1996-07-18,1996,30000000.0,29359216,110.0,12.09096,16,31,6,0,0,0,1,0,0,0,0,0,1,0,0,0,0
Urban Legend,1998-09-25,1998,14000000.0,72527595,99.0,6.081401,26,28,6,1,0,0,0,1,0,0,0,0,1,0,0,0,0
Recep İvedik,2008-02-22,2008,500000.0,5330000,90.0,1.640271,4,1,0,1,0,0,1,0,0,0,0,0,0,0,0,0,0
Desert Hearts,1985-10-01,1985,350000.0,2400000,96.0,1.553107,11,15,9,0,0,1,0,0,0,1,0,0,0,0,0,0,0
Flyboys,2006-09-22,2006,60000000.0,17800000,140.0,5.460942,16,81,2,0,0,1,0,0,1,1,0,1,0,0,0,0,0
How to Eat Fried Worms,2006-01-01,2006,,13022756,98.0,4.691574,16,16,0,0,1,1,1,0,0,0,0,0,0,0,1,0,0
The Longest Day,1962-09-25,1962,10000000.0,50100000,178.0,10.770928,73,17,6,0,0,1,0,0,1,0,0,0,0,0,0,0,0
Hidden Figures,2016-12-10,2016,25000000.0,230698791,127.0,16.816834,60,80,12,0,0,1,0,0,0,0,0,0,0,0,0,0,0
Gardens of Stone,1987-05-05,1987,,5262047,111.0,2.787833,16,4,5,0,1,1,0,0,0,0,0,0,0,0,0,0,0
The Exorcist,1973-12-26,1973,8000000.0,441306145,122.0,12.137595,17,24,17,1,0,1,0,1,0,0,0,0,1,0,0,0,0
Accepted,2006-08-18,2006,23000000.0,38505009,93.0,7.06088,33,35,6,0,0,0,1,0,0,0,0,0,0,0,0,0,0
Indiana Jones and the Temple of Doom,1984-05-23,1984,28000000.0,333000000,118.0,15.802306,69,28,20,1,0,0,0,0,1,0,0,1,0,0,0,0,0
Earthquake,1974-11-15,1974,7000000.0,79666653,123.0,6.657792,19,15,20,0,0,1,0,1,1,0,0,0,0,0,0,0,0
Jodhaa Akbar,2008-02-15,2008,8376800.0,13000000,213.0,12.237488,9,10,13,0,0,1,0,0,1,1,0,1,0,0,0,0,0
Johnson Family Vacation,2004-04-07,2004,12000000.0,31179516,97.0,3.223039,11,6,0,0,0,0,1,0,0,0,0,0,0,0,1,0,0
American History X,1998-10-30,1998,20000000.0,23875127,119.0,18.157166,53,100,20,0,0,1,0,0,0,0,0,0,0,0,0,0,0
Hudson Hawk,1991-05-23,1991,65000000.0,17218080,100.0,9.782014,8,12,4,0,0,0,1,0,1,0,0,1,0,0,0,0,0
Man of Steel,2013-06-12,2013,225000000.0,662845518,143.0,18.538834,33,48,9,1,0,0,0,0,1,0,0,1,0,1,0,1,0
The Minus Man,1999-02-25,1999,,370668,111.0,2.255032,29,37,0,0,1,1,0,1,0,0,0,0,0,0,0,0,0
A Fine Mess,1986-08-08,1986,,6029824,90.0,0.765825,9,13,3,0,1,0,1,0,0,0,0,0,0,0,0,0,0
Neruda,2016-06-17,2016,,939101,108.0,6.997583,19,22,2,0,1,1,0,0,0,0,0,0,0,0,0,0,0
Knockaround Guys,2001-09-07,2001,15000000.0,12000000,92.0,6.557426,32,5,5,0,0,0,0,1,0,0,1,0,0,0,0,0,0
Touchy Feely,2013-01-19,2013,,35022,89.0,2.976672,10,8,13,0,1,1,0,0,0,0,0,0,0,0,0,0,0
Jack,1996-08-09,1996,45000000.0,58620973,113.0,6.287245,10,5,4,0,0,1,1,0,0,0,0,0,0,1,0,0,0
Into the Storm,2014-08-06,2014,50000000.0,160602194,89.0,9.092925,98,81,4,0,0,0,0,1,1,0,0,0,0,0,0,0,0
Labyrinth of Lies,2014-09-06,2014,,794452,122.0,9.046751,43,22,1,0,1,1,0,0,0,0,0,0,0,0,0,0,0
Shaun the Sheep Movie,2015-02-05,2015,,59700000,85.0,9.961184,17,24,15,0,1,0,1,0,0,0,0,1,0,0,1,0,0
Internal Affairs,1990-01-12,1990,,27734391,114.0,5.439942,13,7,4,0,1,1,0,0,0,0,1,0,0,0,0,0,0
Rigor Mortis,2013-09-06,2013,,7865,105.0,9.503762,19,3,4,0,1,1,0,0,1,0,0,0,1,0,0,0,0
Dreamgirls,2006-12-25,2006,70000000.0,154937680,134.0,7.739633,23,86,22,0,0,1,0,0,0,0,0,0,0,0,0,0,0
Wrath of the Titans,2012-03-27,2012,150000000.0,301000000,99.0,7.739904,18,31,11,1,0,0,0,0,0,0,0,1,0,0,0,0,0
House Calls,1978-03-15,1978,,28460702,98.0,0.975702,7,4,0,0,1,0,1,0,0,1,0,0,0,0,0,0,0
Julie & Julia,2009-08-06,2009,40000000.0,129540499,123.0,8.142089,15,21,7,0,0,1,0,0,0,1,0,0,0,0,0,0,0
About Time,2013-08-16,2013,12000000.0,87100449,123.0,11.213913,28,12,3,0,0,1,1,0,0,0,0,0,0,1,0,0,0
Hatchet II,2010-08-26,2010,2500000.0,52604,89.0,12.525758,25,8,3,1,0,0,1,1,0,0,0,0,1,0,0,0,0
Norbit,2007-02-08,2007,60000000.0,95673607,101.0,7.667874,15,9,2,0,0,0,1,0,0,0,0,0,0,0,0,0,0
Jaane Tu... Ya Jaane Na,2008-07-04,2008,2300000.0,11100000,155.0,1.970054,12,4,0,0,0,1,1,0,0,1,0,0,0,0,0,0,0
Michael Clayton,2007-09-28,2007,25000000.0,92991835,119.0,7.857078,18,16,9,0,0,1,0,0,0,0,1,0,0,0,0,0,1
Faithful,1996-04-03,1996,13000000.0,9789900,91.0,1.296862,10,5,5,0,0,1,1,0,0,0,1,0,0,0,0,0,0
Van Wilder 2: The Rise of Taj,2006-12-01,2006,,6086508,97.0,5.985236,19,34,6,1,1,0,1,0,0,0,0,0,0,0,0,0,0
Secretary,2002-01-11,2002,4000000.0,9304609,104.0,10.936827,9,10,14,0,0,1,1,0,0,1,0,0,0,0,0,0,0
Steve Jobs: The Man in the Machine,2015-08-07,2015,,494506,129.0,5.019486,19,28,4,0,1,0,0,0,0,0,0,0,0,0,0,0,0
Another Year,2010-11-05,2010,8000000.0,18124262,129.0,5.000657,14,20,8,0,0,1,1,0,0,0,0,0,0,0,0,0,0
Borsalino,1970-05-19,1970,,3,126.0,4.471645,19,5,0,1,1,1,0,0,0,0,1,0,0,0,0,0,0
Yolngu Boy,2001-03-22,2001,,671,88.0,0.407732,0,0,0,0,1,1,0,0,0,0,0,0,0,0,0,0,0
Innerspace,1987-06-30,1987,,25893810,120.0,10.134408,48,11,3,0,1,0,1,0,1,0,0,0,0,1,0,0,0
Thunderbolt and Lightfoot,1974-05-23,1974,,21700000,115.0,8.283863,16,12,4,0,1,0,1,0,1,0,1,1,0,0,0,0,0
Ice Age: Dawn of the Dinosaurs,2009-06-29,2009,90000000.0,886686817,94.0,12.980624,27,8,8,1,0,0,1,0,0,0,0,1,0,0,1,0,0
My Sister's Keeper,2009-06-26,2009,30000000.0,95714875,109.0,6.793972,16,22,6,0,0,1,0,0,0,0,0,0,0,0,0,0,0
The End of Evangelion,1997-07-19,1997,,20000000,87.0,6.228255,12,7,7,1,1,1,0,0,0,0,0,0,0,1,0,0,0
Khatta Meetha,2010-07-23,2010,7500000.0,10000000,155.0,0.494047,10,11,1,0,0,1,1,0,0,0,0,0,0,0,0,0,0
Thunderball,1965-12-16,1965,5500000.0,141195658,130.0,10.517835,19,16,11,1,0,0,0,1,1,0,0,1,0,0,0,0,0
The Twilight Samurai,2002-11-02,2002,5000000.0,7338987,129.0,4.281103,15,16,5,1,0,1,0,0,1,1,0,0,0,0,0,0,0
Edward II,1991-09-03,1991,,694438,90.0,4.556825,52,2,2,0,1,1,0,0,0,1,0,0,0,0,0,0,0
Spy Kids,2001-03-18,2001,35000000.0,147934180,88.0,9.576745,16,55,6,1,0,0,1,0,1,0,0,1,0,0,1,0,0
Dheepan,2015-08-26,2015,,248392,115.0,5.752416,11,39,5,0,1,1,0,0,0,0,1,0,0,0,0,0,0
Eat Pray Love,2010-08-12,2010,60000000.0,204594016,133.0,15.904834,19,16,5,0,0,1,0,0,0,0,0,0,0,0,0,0,0
Ransom,1996-11-08,1996,80000000.0,309492681,117.0,8.772188,38,16,8,0,0,0,0,1,1,0,0,0,0,0,0,0,0
Labor Day,2013-12-27,2013,18000000.0,20275812,111.0,6.108646,19,46,2,0,0,1,0,0,0,0,0,0,0,0,0,0,0
Kaiji 2: The Ultimate Gambler,2011-11-05,2011,,15,133.0,1.13376,7,9,0,0,1,1,0,1,0,0,0,0,0,0,0,0,0
Happy Accidents,2000-01-25,2000,,688510,110.0,9.916094,10,2,1,0,1,0,1,0,0,1,0,0,0,1,0,0,0
Junior,1994-11-22,1994,60000000.0,37000000,109.0,6.710215,66,9,10,0,0,0,1,0,0,1,0,0,0,0,1,0,0
Starsky & Hutch,2004-03-05,2004,60000000.0,170268750,101.0,10.776138,84,109,3,0,0,0,1,0,0,0,1,0,0,0,0,0,0
The Bonfire of the Vanities,1990-12-21,1990,47000000.0,15691192,125.0,5.507082,22,12,5,0,0,1,1,0,0,0,0,0,0,0,0,0,0
The Town,2010-09-15,2010,37000000.0,154026136,125.0,13.081203,48,38,18,0,0,1,0,1,0,0,1,0,0,0,0,0,0
About Cherry,2012-02-14,2012,2500000.0,3003,102.0,5.46567,7,19,1,0,0,1,0,0,0,0,0,0,0,0,0,0,0
Moonlight,2016-10-21,2016,4000000.0,65046687,111.0,14.171675,21,89,15,0,0,1,0,0,0,0,0,0,0,0,0,0,0
The Night We Never Met,1993-04-30,1993,,1884814,99.0,1.132307,9,15,0,0,1,1,1,0,0,1,0,0,0,0,0,0,0
Run,1991-02-01,1991,16000000.0,4409328,91.0,5.857368,9,4,1,0,0,1,0,1,1,0,0,0,0,0,0,0,0
Men of Honor,2000-09-13,2000,32000000.0,48814909,129.0,7.177649,12,11,2,0,0,1,0,0,0,0,0,0,0,0,0,0,0
Fired Up!,2009-02-20,2009,20000000.0,18599102,90.0,6.312206,24,5,3,0,0,0,1,0,0,0,0,0,0,0,0,0,0
Interview with the Vampire,1994-11-11,1994,60000000.0,223664608,123.0,11.970205,15,18,7,1,0,0,0,0,0,1,0,0,1,0,0,0,0
Red Dawn,2012-11-21,2012,65000000.0,44806783,93.0,5.627787,98,15,5,0,0,0,0,1,1,0,0,0,0,1,0,0,0
Bliss,1985-10-04,1985,3400000.0,660537,112.0,0.40319,17,1,2,0,0,1,1,0,0,1,0,0,0,0,0,0,0
The Electric Horseman,1979-12-21,1979,,61801971,122.0,5.916187,17,6,6,0,1,1,1,0,0,1,0,0,0,0,0,0,0
Benny & Joon,1993-04-16,1993,,23202734,98.0,10.597116,27,10,3,0,1,1,1,0,0,1,0,0,0,0,0,0,0
Knock Knock,2015-06-26,2015,2500000.0,6341684,99.0,11.898793,9,34,20,0,0,1,0,1,0,0,0,0,0,0,0,0,0
Willy Wonka & the Chocolate Factory,1971-06-29,1971,3000000.0,4000000,100.0,12.416635,36,14,11,0,0,0,0,0,0,0,0,0,0,0,1,1,0
Species,1995-07-07,1995,35000000.0,113374103,108.0,13.492845,53,43,15,1,0,0,0,0,1,0,0,0,1,1,0,0,0
Evita,1996-12-14,1996,55000000.0,141047179,134.0,6.709803,12,9,8,0,0,1,0,0,0,0,0,0,0,0,0,0,0
S. Darko,2009-04-28,2009,4000000.0,4100000,103.0,7.959965,26,18,5,1,0,0,0,1,0,0,1,0,0,1,0,0,1
Monsieur Ibrahim,2003-12-03,2003,,11576431,94.0,8.260823,13,8,24,0,1,1,0,0,0,0,0,0,0,0,0,0,0
The Sting II,1983-02-18,1983,,6347072,102.0,3.659745,75,11,4,1,1,1,1,0,1,0,0,0,0,0,0,0,0
Amarkalam,1999-08-25,1999,500000.0,500000,157.0,0.493342,11,6,0,0,0,0,0,0,0,0,0,0,0,0,0,0,0
Deep Blue Sea,1999-07-28,1999,60000000.0,73648228,105.0,7.493615,18,148,5,0,0,0,0,1,1,0,0,0,0,1,0,0,0
Police Academy 4: Citizens on Patrol,1987-04-02,1987,,28061343,88.0,5.952392,23,6,5,1,1,0,1,0,0,0,1,0,0,0,0,0,0
Overdose,1983-09-04,1983,,1334173,105.0,0.02158,20,12,11,1,1,1,0,0,0,0,0,0,0,0,0,0,0
Joshua,2002-04-19,2002,,1347988,91.0,1.109111,4,1,0,0,1,1,0,0,0,0,0,0,0,0,0,0,0
That Thing You Do!,1996-10-04,1996,,34585416,108.0,8.685761,25,9,5,0,1,1,1,0,0,0,0,0,0,0,0,0,0
Tuck Everlasting,2002-10-11,2002,15000000.0,19158074,90.0,5.951492,8,1,10,0,0,1,0,0,0,1,0,0,0,1,1,1,0
55 Days at Peking,1963-05-06,1963,17000000.0,10000000,154.0,2.972529,17,13,3,0,0,1,0,0,1,0,0,0,0,0,0,0,0
The Conjuring 2,2016-05-13,2016,40000000.0,320170008,134.0,14.767317,30,54,10,1,0,0,0,0,0,0,0,0,1,0,0,0,0
10 Items or Less,2006-09-11,2006,,580527,81.0,3.898236,21,9,9,0,1,1,1,0,0,0,0,0,0,0,0,0,0
Black Sheep,1996-02-01,1996,,32,87.0,8.963037,17,2,6,0,1,0,1,0,0,0,0,0,0,0,0,0,0
Results,2015-05-29,2015,,104507,105.0,3.967229,10,8,5,0,1,0,1,0,0,0,0,0,0,0,0,0,0
The Legend I,1993-03-04,1993,,3956913,106.0,3.782615,10,4,1,1,1,0,1,0,1,0,0,1,0,0,0,0,0
Dear Zindagi,2016-11-24,2016,4300000.0,3376375,149.0,3.699552,8,15,0,0,0,1,0,0,0,1,0,0,0,0,0,0,0
The Perfect Storm,2000-03-15,2000,120000000.0,325756637,130.0,18.911961,29,16,10,0,0,1,0,0,0,0,0,0,0,0,0,0,0
Hannah and Her Sisters,1986-02-07,1986,6400000.0,40084041,107.0,9.57874,24,12,11,0,0,1,1,0,0,0,0,0,0,0,0,0,0
Blood Work,2002-08-04,2002,50000000.0,26199517,110.0,5.852263,18,33,8,0,0,1,0,1,0,0,1,0,0,0,0,0,1
Lucky Number Slevin,2006-02-24,2006,27000000.0,56308881,110.0,11.15092,17,16,18,0,0,1,0,1,0,0,1,0,0,0,0,0,1
Night of the Comet,1984-11-16,1984,3000000.0,14418922,95.0,4.947043,17,10,3,0,0,0,1,0,0,0,0,0,1,1,0,0,0
Race to Witch Mountain,2009-03-12,2009,50000000.0,106303988,98.0,8.176147,45,10,9,0,0,0,0,1,1,0,0,1,0,1,1,1,0
The Twilight Saga: Eclipse,2010-06-23,2010,68000000.0,698491347,124.0,34.047399,42,39,6,1,0,1,0,0,0,1,0,1,0,0,0,1,0
The Pirates of Penzance,1983-02-18,1983,,694497,112.0,2.555585,6,2,0,0,1,0,1,0,0,1,0,0,0,0,0,0,0
Alien Nation,1988-10-07,1988,16000000.0,32155047,91.0,15.133316,12,37,4,1,0,0,0,1,0,0,1,0,0,1,0,0,0
Moby Dick,1956-06-27,1956,4500000.0,10400000,116.0,4.31583,10,10,9,0,0,1,0,0,0,0,0,1,0,0,0,0,0
Juno,2007-12-05,2007,7500000.0,231411584,96.0,11.791591,30,72,11,0,0,1,1,0,0,1,0,0,0,0,0,0,0
15 Minutes,2001-03-01,2001,60000000.0,56359980,120.0,12.149946,0,0,43,0,0,0,0,1,1,0,1,0,0,0,0,0,0
Bounce,2000-11-15,2000,35000000.0,36779296,106.0,13.349518,18,6,5,0,0,1,0,0,0,1,0,0,0,0,0,0,0
Ace in the Hole,1951-06-29,1951,1821052.0,1300000,111.0,11.046411,32,33,12,0,0,1,0,0,0,0,0,0,0,0,0,0,0
Dom Hemingway,2013-11-15,2013,,523511,93.0,5.713974,12,9,4,0,1,1,1,0,0,0,1,0,0,0,0,0,0
Dolphin Tale,2011-09-23,2011,37000000.0,95404397,113.0,6.695229,19,18,5,1,0,1,0,0,0,0,0,0,0,0,1,0,0
A Dirty Shame,2004-09-12,2004,15000000.0,1914166,89.0,7.665431,17,10,11,0,0,0,1,0,0,0,0,0,0,0,0,0,0
The Internship,2013-06-07,2013,58000000.0,44000000,119.0,0.393865,117,20,7,0,0,0,1,0,0,0,0,0,0,0,0,0,0
Ted,2012-06-29,2012,50000000.0,549368315,106.0,19.638605,50,83,5,1,0,0,1,0,0,0,0,0,0,0,0,1,0
Bee Season,2005-09-03,2005,14000000.0,6856989,104.0,2.308846,5,1,0,0,0,1,0,0,0,0,0,0,0,0,1,0,0
To the Wonder,2013-02-22,2013,,587615,112.0,8.452485,8,30,0,0,1,1,0,0,0,1,0,0,0,0,0,0,0
Before I Wake,2016-04-07,2016,,3295624,97.0,9.449103,12,28,4,0,1,1,0,1,0,0,0,0,1,0,0,1,0
Epic,2013-05-15,2013,100000000.0,268426634,102.0,11.913405,25,23,2,0,0,0,0,0,0,0,0,1,0,0,1,1,0
The Constant Gardener,2005-08-31,2005,25000000.0,82466670,129.0,11.556484,20,72,8,0,0,1,0,1,0,0,0,0,0,0,0,0,1
Happy Times,2000-12-31,2000,1900000.0,240093,102.0,0.653271,7,4,0,0,0,1,1,0,0,0,0,0,0,0,0,0,0
Midnight Special,2016-02-18,2016,18000000.0,6212282,112.0,12.682927,36,46,8,0,0,1,0,0,0,0,0,1,0,1,0,0,0
The Measure of a Man,2015-03-16,2015,,106498,93.0,4.778045,9,19,1,0,1,1,0,0,0,0,0,0,0,0,0,0,0
Dances with Wolves,1990-11-09,1990,22000000.0,424208848,181.0,11.654349,57,67,3,0,0,1,0,0,0,0,0,1,0,0,0,0,0
Take Me Home Tonight,2011-03-04,2011,19000000.0,6928068,97.0,8.132811,28,45,9,0,0,1,1,0,0,1,0,0,0,0,0,0,0
Aloha,2015-05-27,2015,37000000.0,26250020,105.0,8.451297,17,81,6,0,0,1,1,0,0,1,0,0,0,0,0,0,0
Peggy Sue Got Married,1986-10-05,1986,18000000.0,41382841,103.0,7.471655,17,8,2,0,0,1,1,0,0,1,0,0,0,0,0,1,0
The Arrival,1996-05-31,1996,25000000.0,14048372,115.0,6.497591,23,63,18,1,0,0,0,1,1,0,0,0,0,1,0,0,1
Collateral Damage,2002-02-06,2002,85000000.0,78382433,108.0,10.175503,21,151,8,0,0,1,0,1,1,0,0,0,0,0,0,0,0
More American Graffiti,1979-08-03,1979,2500000.0,15014674,110.0,3.084426,22,16,3,1,0,1,1,0,0,0,0,0,0,0,0,0,0
Ghosts of Mars,2001-08-24,2001,28000000.0,14010832,98.0,7.058599,21,24,7,0,0,0,0,0,1,0,0,0,1,1,0,0,0
The Good Dinosaur,2015-11-14,2015,175000000.0,331926147,93.0,12.319595,19,11,9,0,0,0,0,0,0,0,0,1,0,0,1,0,0
May,2002-01-13,2002,500000.0,150277,93.0,8.398158,17,12,5,0,0,1,0,1,0,1,0,0,1,0,0,0,0
Tiny Times,2013-06-27,2013,,79,116.0,1.832762,7,3,1,1,1,1,1,0,0,1,0,0,0,0,0,0,0
Penguins of Madagascar,2014-11-22,2014,132000000.0,373552094,92.0,22.201607,16,4,3,1,0,0,1,0,0,0,0,1,0,0,1,0,0
Ace Ventura: When Nature Calls,1995-11-10,1995,30000000.0,212385533,90.0,8.205448,15,11,4,1,0,0,1,0,0,0,1,1,0,0,0,0,0
Blaze,1989-12-15,1989,,19131000,117.0,3.444266,9,19,3,0,1,1,0,0,0,1,0,0,0,0,0,0,0
The Men Who Stare at Goats,2009-10-17,2009,24000000.0,68729358,93.0,6.253084,35,41,7,0,0,0,1,0,0,0,0,0,0,0,0,0,0
A Civil Action,1998-03-05,1998,70000000.0,56702901,115.0,9.353499,19,15,6,0,0,1,0,0,0,0,0,0,0,0,0,0,0
Cocktail,2012-07-13,2012,6400000.0,18800000,144.0,7.950488,7,9,2,0,0,1,1,0,0,1,0,0,0,0,0,0,0
The Next Three Days,2010-11-18,2010,30000000.0,51148651,133.0,9.591425,42,18,7,0,0,1,0,1,0,1,1,0,0,0,0,0,0
Elektra,2005-01-13,2005,43000000.0,56681566,97.0,13.802674,20,111,4,0,0,0,0,0,1,0,0,0,0,0,0,1,0
The Internet's Own Boy: The Story of Aaron Swartz,2014-06-27,2014,,48911,105.0,6.114898,5,22,6,0,1,0,0,0,0,0,1,0,0,0,0,0,0
Once Upon a Time in China II,1992-09-16,1992,,30399676,113.0,3.606688,16,13,8,1,1,0,1,0,1,0,0,0,0,0,0,0,0
Noah,2014-03-20,2014,125000000.0,362637473,139.0,14.924487,18,75,4,0,0,1,0,0,0,0,0,1,0,0,0,0,0
Speed Racer,2008-05-09,2008,120000000.0,93945766,135.0,7.134168,26,26,6,0,0,0,0,0,1,0,0,0,0,1,1,0,0
Scarlet Street,1945-12-28,1945,1202007.0,2948386,103.0,6.360746,58,18,11,0,0,1,0,0,0,0,0,0,0,0,0,0,0
Zombieland,2009-10-07,2009,23600000.0,102391382,88.0,11.063029,16,9,20,0,0,0,1,0,0,0,0,0,1,0,0,0,0
Diary of a Wimpy Kid: The Long Haul,2017-05-19,2017,22000000.0,40120144,91.0,28.176992,15,7,0,1,0,0,1,0,0,0,0,0,0,0,1,0,0
Never Talk to Strangers,1995-10-20,1995,6400000.0,6,86.0,7.506958,7,3,5,0,0,0,0,1,0,1,0,0,0,0,0,0,0
Logan,2010-09-10,2010,135000.0,10474,94.0,0.588872,12,12,0,0,0,1,1,0,0,0,0,0,0,0,1,0,0
Home Run,2013-04-19,2013,1200000.0,2861020,114.0,1.472463,14,6,1,0,0,1,0,0,0,0,0,0,0,0,0,0,0
The Station Agent,2003-01-26,2003,500000.0,8679814,88.0,5.85469,15,16,5,0,0,1,1,0,0,0,0,0,0,0,0,0,0
Blank City,2011-04-06,2011,,99303,94.0,0.31754,15,2,4,0,1,0,0,0,0,0,0,0,0,0,0,0,0
Wings of Desire,1987-01-01,1987,2500000.0,3200000,128.0,6.357321,10,13,8,0,0,1,0,0,0,1,0,0,0,0,0,1,0
Below,2002-10-11,2002,,605562,105.0,11.19785,12,54,15,0,1,0,0,1,0,0,0,0,1,0,0,0,1
Donnie Brasco,1997-02-27,1997,35000000.0,41954997,127.0,12.201954,13,13,10,0,0,1,0,1,0,0,1,0,0,0,0,0,0
Hooked on the Game 2. The Next Level,2010-04-15,2010,3500000.0,2294357,104.0,0.884241,13,8,0,1,0,0,0,0,1,0,0,0,0,1,0,0,0
Legends of the Fall,1994-12-16,1994,30000000.0,160638883,133.0,12.199047,25,17,5,0,0,1,0,0,0,1,0,1,0,0,0,0,0
My Soul to Take,2010-10-08,2010,25000000.0,19829957,107.0,5.282976,14,10,5,0,0,1,0,1,0,0,0,0,1,0,0,0,1
Hyde Park on Hudson,2012-12-07,2012,,8887603,94.0,3.724207,12,2,7,0,1,1,1,0,0,0,0,0,0,0,0,0,0
Friday,1995-04-26,1995,3500000.0,28215918,91.0,14.56965,18,5,4,1,0,0,1,0,0,0,0,0,0,0,0,0,0
National Lampoon’s European Vacation,1985-07-25,1985,,49364621,95.0,11.457485,20,6,9,1,1,0,1,0,0,1,0,1,0,0,0,0,0
Loverboy,1989-04-28,1989,,3960327,98.0,5.072902,12,4,7,0,1,0,1,0,0,1,0,0,0,0,0,0,0
We Are from the Future 2,2010-02-18,2010,,8910819,101.0,1.218959,7,2,0,1,1,1,0,0,1,0,0,0,0,0,0,1,0
The Ides of March,2011-09-24,2011,12500000.0,75993061,101.0,6.82647,54,69,7,0,0,1,0,0,0,0,0,0,0,0,0,0,0
Harsh Times,2005-09-11,2005,2000000.0,5967038,120.0,7.659357,16,10,3,0,0,1,0,1,1,0,1,0,0,0,0,0,0
Pina,2011-02-24,2011,4317946.0,14624826,106.0,12.452985,6,2,3,0,0,0,0,0,0,0,0,0,0,0,0,0,0
Wild Target,2010-06-17,2010,8000000.0,3453043,98.0,6.712894,14,11,15,0,0,0,1,0,1,0,0,0,0,0,0,0,0
The Hijack That Went South,2013-01-17,2013,1800000.0,532269,93.0,0.474578,9,4,2,0,0,0,1,0,1,0,1,0,0,0,0,0,0
Howards End,1992-03-13,1992,,25966555,140.0,10.854598,13,10,6,0,1,1,0,0,0,1,0,0,0,0,0,0,0
Bride of Chucky,1998-10-16,1998,25000000.0,50671850,89.0,13.018491,19,17,7,1,0,0,1,0,0,0,0,0,1,0,0,0,0
Blow Out,1981-07-24,1981,18000000.0,12000000,108.0,7.536295,17,8,7,0,0,1,0,1,0,0,0,0,0,0,0,0,1
The Equalizer,2014-09-24,2014,55000000.0,192330738,132.0,17.618057,38,82,27,0,0,0,0,1,1,0,1,0,0,0,0,0,0
Clouds of Sils Maria,2014-08-20,2014,6600000.0,1851517,124.0,8.151346,12,19,6,0,0,1,0,0,0,0,0,0,0,0,0,0,0
Their Finest,2017-04-06,2017,32745300.0,12173470,117.0,17.958512,50,60,5,0,0,1,1,0,0,1,0,0,0,0,0,0,0
Asterix at the Olympic Games,2008-01-13,2008,97250400.0,132900000,116.0,9.671944,26,23,11,1,0,0,1,0,0,0,0,1,0,0,1,1,0
You Don't Mess with the Zohan,2008-06-05,2008,90000000.0,201596308,113.0,13.116461,0,0,12,0,0,0,1,0,1,0,0,0,0,0,0,0,0
Heavy Traffic,1973-08-08,1973,950000.0,1500000,76.0,0.820911,9,4,19,0,0,1,1,0,0,0,0,0,0,0,0,0,0
King Kong,1976-09-08,1976,23000000.0,90614445,134.0,5.810716,36,27,6,1,0,1,0,0,0,0,0,1,0,0,0,0,0
Always,1989-12-22,1989,31000000.0,74134790,122.0,5.443097,7,10,5,0,0,1,0,0,0,1,0,0,0,0,0,1,0
Evil Dead II,1987-03-13,1987,3600000.0,5923044,84.0,13.520764,9,21,15,1,0,0,1,0,0,0,0,0,1,0,0,1,0
The Keep,1983-12-16,1983,6000000.0,3661757,96.0,3.554491,8,23,4,0,0,0,0,0,0,0,0,0,1,0,0,0,0
Sex and Zen,1991-11-30,1991,,396003,99.0,1.824275,9,11,0,1,1,1,1,0,0,0,0,1,0,0,0,0,0
Solaris,2002-11-27,2002,47000000.0,30002758,99.0,10.642824,13,55,12,0,0,1,0,0,0,1,0,0,0,1,0,0,1
The Outsiders,1983-03-25,1983,10000000.0,33697647,91.0,6.435926,16,11,6,0,0,1,0,0,0,0,1,0,0,0,0,0,0
Boyhood,2014-06-05,2014,4000000.0,44349000,164.0,6.430591,81,28,11,0,0,1,0,0,0,0,0,0,0,0,0,0,0
The Cowboys,1972-01-13,1972,6000000.0,7500000,131.0,3.189566,15,14,6,0,0,1,0,0,1,0,0,1,0,0,0,0,0
Waterloo,1970-10-26,1970,25000000.0,3052000,128.0,3.240624,21,15,3,0,0,1,0,0,1,0,0,0,0,0,0,0,0
The Kingdom,2007-08-22,2007,70000000.0,86658558,110.0,13.842333,19,22,14,0,0,1,0,1,1,0,0,0,0,0,0,0,0
Prêt-à-Porter,1994-12-23,1994,15000000.0,11300653,133.0,6.259433,47,14,9,0,0,1,1,0,0,0,0,0,0,0,0,0,0
The Hobbit: An Unexpected Journey,2012-11-26,2012,250000000.0,1021103568,169.0,23.253089,30,50,20,1,0,0,0,0,1,0,0,1,0,0,0,1,0
The Rocket: The Legend of Rocket Richard,2005-10-25,2005,8000000.0,2019009,124.0,0.860734,8,1,5,0,0,1,0,0,0,0,0,0,0,0,0,0,0
Domestic Disturbance,2001-10-30,2001,75000000.0,54249294,89.0,6.353996,9,8,11,0,0,0,0,1,0,0,1,0,0,0,0,0,1
Public Enemies,2009-07-01,2009,80000000.0,214104620,140.0,10.364794,49,108,6,0,0,1,0,0,0,0,1,0,0,0,0,0,0
The Eiger Sanction,1975-05-21,1975,,14200000,123.0,5.47591,15,11,3,0,1,1,0,1,1,0,1,1,0,0,0,0,1
Collide,2016-08-04,2016,21500000.0,4811525,98.0,31.314013,10,5,0,0,0,0,0,1,1,0,0,0,0,0,0,0,0
Josh,2000-06-09,2000,6900000.0,15000000,162.0,4.0315,11,12,0,0,0,1,0,0,0,1,0,0,0,0,0,0,0
Repo! The Genetic Opera,2008-07-18,2008,,188126,98.0,5.25696,13,3,1,0,1,0,1,0,0,0,0,0,1,1,0,0,0
Pieta,2012-09-05,2012,103000.0,3623330,104.0,5.194433,9,6,0,0,0,1,0,0,0,0,0,0,0,0,0,0,0
This Is 40,2012-12-20,2012,35000000.0,88058786,134.0,11.418802,26,32,4,0,0,0,1,0,0,0,0,0,0,0,0,0,0
The Kids Are All Right,2010-07-09,2010,3500000.0,34705850,106.0,5.899155,16,14,11,0,0,1,1,0,0,0,0,0,0,0,0,0,0
D.O.A.,1988-03-18,1988,,12706478,96.0,2.793619,20,10,8,0,1,0,0,1,0,0,0,0,0,0,0,0,1
Basic,2003-04-18,2003,50000000.0,42792561,98.0,14.327717,17,58,9,0,0,1,0,1,1,0,1,0,0,0,0,0,1
Patriots Day,2016-12-12,2016,45000000.0,50548152,133.0,14.547939,17,103,6,0,0,1,0,1,0,0,1,0,0,0,0,0,0
Star Trek III: The Search for Spock,1984-05-31,1984,18000000.0,87000000,105.0,6.197298,18,12,0,1,0,0,0,1,1,0,0,1,0,1,0,0,0
I Am Legend,2007-12-14,2007,150000000.0,585349010,101.0,11.379355,13,23,9,0,0,1,0,1,1,0,0,0,1,1,0,0,0
Magnum Force,1973-12-23,1973,,39768000,124.0,10.226181,19,13,7,1,1,0,0,1,1,0,1,0,0,0,0,0,0
Mysterious Skin,2004-05-20,2004,,1524966,105.0,7.103951,7,16,7,0,1,1,0,0,0,0,0,0,0,0,0,0,0
Get on Up,2014-08-01,2014,,31911598,139.0,7.92736,63,46,2,0,1,1,0,0,0,0,0,0,0,0,0,0,0
The Glass House,2001-09-14,2001,30000000.0,23619609,106.0,6.418936,19,49,7,0,0,1,0,1,0,0,0,0,0,0,0,0,0
Space Jam,1996-11-15,1996,80000000.0,250200000,88.0,11.054251,28,116,14,0,0,1,1,0,0,0,0,0,0,0,1,1,0
The Gun in Betty Lou's Handbag,1992-08-21,1992,13000000.0,3721911,89.0,1.386549,12,14,2,0,0,0,1,1,0,0,0,0,0,0,0,0,1
Quai des Orfèvres,1947-10-03,1947,,152961,106.0,4.72304,28,17,8,0,1,1,0,0,0,0,1,0,0,0,0,0,0
G,2002-05-10,2002,,3020784,96.0,0.884526,9,3,5,0,1,1,0,0,0,1,0,0,0,0,0,0,0
Big Time,1988-09-15,1988,,148426,87.0,1e-06,1,1,1,0,1,1,0,0,0,1,0,0,0,0,0,0,0
Bound,1996-09-13,1996,4500000.0,7011317,108.0,12.449574,14,15,8,0,0,1,0,1,0,1,1,0,0,0,0,0,0
9,2009-08-19,2009,30000000.0,48428063,79.0,18.502877,10,57,10,0,0,0,0,1,1,0,0,1,0,1,0,0,0
Day Watch,2006-01-01,2006,4200000.0,38862717,132.0,7.42908,24,15,6,1,0,0,0,0,0,0,0,0,1,0,0,1,0
She's Out of Control,1989-04-14,1989,,12065892,97.0,1.685918,12,3,4,0,1,0,1,0,0,1,0,0,0,0,0,0,0
Punch-Drunk Love,2002-10-25,2002,25000000.0,17000000,95.0,6.753969,25,15,3,0,0,1,1,0,0,1,0,0,0,0,0,0,0
Finding Dory,2016-06-16,2016,200000000.0,1028570889,97.0,14.477677,31,39,7,1,0,0,1,0,0,0,0,1,0,0,1,0,0
Kabhi Alvida Naa Kehna,2006-08-11,2006,7400000.0,17000000,193.0,2.37252,11,25,2,0,0,1,0,0,0,1,0,0,0,0,0,0,0
Walk Hard: The Dewey Cox Story,2007-12-21,2007,35000000.0,18317151,96.0,7.219935,39,13,15,0,0,0,1,0,0,0,0,0,0,0,0,0,0
He Got Game,1998-05-01,1998,25000000.0,21567853,136.0,13.06943,29,14,9,0,0,1,0,0,0,0,0,0,0,0,0,0,0
The Wackness,2008-07-03,2008,6000000.0,2899975,99.0,5.598338,15,7,3,0,0,1,0,0,0,0,0,0,0,0,0,0,0
Gabbar Is Back,2015-05-01,2015,11000000.0,41000000,128.0,1.812728,10,6,0,0,0,1,0,0,1,0,0,0,0,0,0,0,0
The Beastmaster,1982-08-20,1982,,14056528,118.0,5.577636,15,3,2,1,1,0,0,0,1,0,0,0,0,0,0,1,0
Off Limits,1988-03-11,1988,12000000.0,7242035,102.0,11.516965,6,14,5,0,0,1,0,1,1,0,1,0,0,0,0,0,1
The Polar Express,2004-11-10,2004,165000000.0,305875730,100.0,14.27536,10,147,11,0,0,0,0,0,0,0,0,1,0,0,1,1,0
Boulevard,2014-04-20,2014,,126150,88.0,5.7396,15,11,0,0,1,1,0,0,0,0,0,0,0,0,0,0,0
Mojin: The Lost Legend,2015-12-18,2015,37000000.0,278300000,127.0,4.209701,14,8,7,0,0,0,0,0,1,0,0,1,0,0,0,1,0
Ringu,1998-01-31,1998,1200000.0,8690429,96.0,6.486126,9,5,2,1,0,0,0,1,0,0,0,0,1,0,0,0,0
Straw Dogs,1971-12-29,1971,2200000.0,3251794,118.0,6.632663,15,13,9,0,0,1,0,1,0,0,1,0,0,0,0,0,1
Louis C.K.: Live at the Beacon Theater,2011-12-10,2011,250000.0,1000000,62.0,4.297654,1,7,1,0,0,0,1,0,0,0,0,0,0,0,0,0,0
Waste Land,2010-01-24,2010,1500000.0,187716,90.0,2.627643,1,21,11,0,0,0,0,0,0,0,0,0,0,0,0,0,0
"The Life and Death of 9413, a Hollywood Extra",1928-06-16,1928,,97,11.0,0.209191,4,5,3,0,1,1,1,0,0,0,0,0,0,0,0,0,0
Rope,1948-08-23,1948,1500000.0,2200000,80.0,7.248676,9,30,9,0,0,1,0,1,0,0,1,0,0,0,0,0,1
Boogeyman,2005-02-04,2005,20000000.0,67192859,89.0,9.704289,17,47,6,1,0,1,0,1,0,0,0,0,1,0,0,0,1
Lost River,2015-04-08,2015,2000000.0,45431,95.0,6.640704,38,37,2,0,0,0,0,1,0,0,0,0,0,0,0,1,0
The November Man,2014-08-27,2014,15000000.0,32556119,108.0,13.310556,38,16,3,0,0,0,0,1,1,0,1,0,0,0,0,0,0
Kops,2003-02-06,2003,,8,90.0,2.939129,10,14,4,0,1,0,1,0,1,0,0,0,0,0,0,0,0
Superbabies: Baby Geniuses 2,2004-08-27,2004,,9109322,88.0,7.538821,8,4,8,0,1,0,1,0,0,0,0,0,0,0,1,0,0
Airport 1975,1974-10-18,1974,3000000.0,47000000,107.0,8.480501,30,9,23,1,0,1,0,1,1,0,0,1,0,0,0,0,0
The Art of Getting By,2011-06-17,2011,,1406224,83.0,5.24456,18,16,9,0,1,1,0,0,0,1,0,0,0,0,0,0,0
A Shot in the Dark,1964-06-23,1964,,12368234,102.0,6.872888,28,24,3,1,1,0,1,0,0,0,1,0,0,0,0,0,0
Gridiron Gang,2006-09-15,2006,30000000.0,41480851,125.0,5.025475,16,12,6,0,0,1,0,0,1,0,1,1,0,0,0,0,0
"Lock, Stock and Two Smoking Barrels",1998-03-05,1998,1350000.0,3897569,105.0,4.60786,27,12,19,0,0,0,1,0,0,0,1,0,0,0,0,0,0
Guess Who,2005-03-25,2005,35000000.0,68915888,105.0,6.71898,7,30,5,0,0,0,1,0,0,1,0,0,0,0,0,0,0
Requiem for the American Dream,2015-04-18,2015,,44695,73.0,2.203671,1,6,7,0,1,0,0,0,0,0,0,0,0,0,0,0,0
Blast from the Past,1999-02-12,1999,35000000.0,40263020,112.0,8.355977,14,20,4,0,0,0,1,0,0,1,0,0,0,0,0,0,0
Hell & Back,2015-10-02,2015,,157768,86.0,5.571253,24,153,6,0,1,0,1,0,0,0,0,0,0,0,0,1,0
Son of the Pink Panther,1993-01-01,1993,25000000.0,2438031,93.0,3.372523,15,4,0,1,0,0,1,0,0,0,0,0,0,0,0,0,0
The Notebook,2013-07-03,2013,,66559,112.0,3.485214,7,6,0,0,1,1,0,0,0,0,0,0,0,0,0,0,0
Barbershop,2002-04-01,2002,12000000.0,75781642,102.0,6.498789,12,12,6,1,0,1,1,0,0,0,0,0,0,0,0,0,0
"Come Back to the 5 & Dime, Jimmy Dean, Jimmy Dean",1982-11-12,1982,850000.0,840000,109.0,1.094395,8,2,3,0,0,1,1,0,0,0,0,0,0,0,0,0,0
54,1998-08-28,1998,13000000.0,16757163,106.0,8.736869,34,45,6,0,0,1,0,0,0,0,0,0,0,0,0,0,0
The Missionary,1982-11-02,1982,,7241180,90.0,1.196669,38,2,0,0,1,0,1,0,0,0,0,0,0,0,0,0,0
Enemy of the State,1998-11-20,1998,90000000.0,250649836,132.0,12.978751,44,18,23,0,0,1,0,1,1,0,0,0,0,0,0,0,0
Love at First Fight,2014-08-20,2014,,23598,98.0,8.569586,45,27,7,0,1,0,1,0,0,1,0,0,0,0,0,0,0
Mr. Holland's Opus,1995-12-29,1995,,106269971,137.0,7.137117,16,57,8,0,1,1,0,0,0,0,0,0,0,0,1,0,0
Jack Goes Boating,2010-09-23,2010,,538000,89.0,3.581434,8,23,0,0,1,1,1,0,0,1,0,0,0,0,0,0,0
Alien: Resurrection,1997-11-12,1997,70000000.0,162000000,109.0,15.57784,25,91,21,1,0,0,0,0,1,0,0,0,1,1,0,0,0
Judy Moody and the Not Bummer Summer,2011-06-10,2011,20000000.0,14166853,91.0,2.321394,14,39,4,0,0,0,1,0,0,0,0,0,0,0,1,0,0
Under Suspicion,1991-09-27,1991,,221295,99.0,2.774589,9,4,6,0,1,1,0,1,0,0,1,0,0,0,0,0,0
Analyze This,1999-03-05,1999,80000000.0,176885658,103.0,7.634017,21,13,4,1,0,0,1,0,0,0,1,0,0,0,0,0,0
Hood of Horror,2006-06-27,2006,5000000.0,25900,84.0,2.06528,16,6,5,0,0,1,1,0,1,0,0,0,1,0,0,0,0
Quills,2000-11-22,2000,13500000.0,7060876,124.0,5.387711,17,13,5,0,0,1,0,0,0,0,0,0,0,0,0,0,0
Brick,2005-01-30,2005,475000.0,3919254,110.0,9.00314,10,11,6,0,0,1,0,0,0,0,0,0,0,0,0,0,1
The Tiger: An Old Hunter's Tale,2015-12-16,2015,5000.0,11083449,139.0,3.447894,6,3,5,0,0,0,0,1,1,0,0,1,0,0,0,0,0
Field of Dreams,1989-04-21,1989,,84431625,107.0,16.759454,29,37,16,0,1,1,0,0,0,0,0,0,0,0,0,1,0
Unknown,2011-02-16,2011,30000000.0,130786397,113.0,14.443599,18,30,8,0,0,0,0,1,1,0,0,0,0,0,0,0,1
"Mystery, Alaska",1999-10-01,1999,28000000.0,8888143,119.0,4.512767,27,3,2,0,0,1,1,0,0,0,0,0,0,0,0,0,0
The One,2001-11-02,2001,49000000.0,72700000,87.0,9.769047,19,77,1,0,0,0,0,1,1,0,0,0,0,1,0,0,0
Zelig,1983-07-15,1983,,11798616,79.0,5.94179,33,51,10,0,1,0,1,0,0,0,0,0,0,0,0,0,0
Throw Momma from the Train,1987-12-11,1987,14000000.0,57915972,88.0,6.573364,22,31,4,0,0,0,1,0,0,0,1,0,0,0,0,0,0
The Passion of the Christ,2004-02-25,2004,30000000.0,611899420,127.0,13.194168,24,119,11,0,0,1,0,0,0,0,0,0,0,0,0,0,0
Black Swan,2010-12-02,2010,13000000.0,327803731,108.0,12.989056,29,101,16,0,0,1,0,1,0,0,0,0,0,0,0,0,0
Middle School: The Worst Years of My Life,2016-10-07,2016,8500000.0,19985196,92.0,10.222143,18,11,2,0,0,0,1,0,0,0,0,0,0,0,1,0,0
Spice World,1997-12-19,1997,25000000.0,100000000,93.0,4.257516,37,11,3,0,0,1,1,0,0,0,0,1,0,0,0,1,0
The Last Starfighter,1984-07-13,1984,15000000.0,28733290,101.0,5.984133,16,7,12,0,0,0,0,0,1,0,0,1,0,1,0,0,0
Millennium Actress,2001-07-28,2001,,37641,87.0,5.330725,11,13,6,0,1,1,0,0,0,1,0,0,0,0,0,0,0
Valerian and the City of a Thousand Planets,2017-07-20,2017,197471676.0,90024292,137.0,15.262706,0,0,23,0,0,0,0,0,1,0,0,1,0,1,0,0,0
Get Out,2017-02-24,2017,5000000.0,252434250,104.0,36.894806,35,75,12,0,0,0,0,1,0,0,0,0,1,0,0,0,1
The Club,2015-05-28,2015,,52761,97.0,3.534068,15,16,5,0,1,1,0,0,0,0,0,0,0,0,0,0,0
Doom,2005-10-20,2005,60000000.0,55987321,105.0,11.953553,15,76,6,0,0,0,0,0,1,0,0,1,1,0,0,0,0
Unfriended,2015-04-17,2015,1000000.0,62882090,82.0,10.07817,11,41,18,0,0,0,0,1,0,0,0,0,1,0,0,0,0
"4 Months, 3 Weeks and 2 Days",2007-08-24,2007,852510.0,1185783,113.0,9.990406,21,21,9,0,0,1,0,0,0,0,0,0,0,0,0,0,0
Homeward Bound II: Lost in San Francisco,1996-03-08,1996,,32709423,89.0,14.657754,19,6,0,1,1,1,1,0,0,0,0,1,0,0,1,0,0
Dope,2015-06-19,2015,700000.0,17986781,103.0,7.948581,20,3,8,0,0,1,1,0,0,0,1,0,0,0,0,0,0
Cloud Atlas,2012-10-26,2012,102000000.0,130482868,172.0,13.494246,30,150,8,0,0,1,0,0,0,0,0,0,0,1,0,0,0
Red Planet,2000-11-10,2000,80000000.0,33463969,106.0,8.534176,9,93,5,0,0,0,0,1,1,0,0,0,0,1,0,0,0
Halloween: Resurrection,2002-07-01,2002,13000000.0,37664855,94.0,8.502529,30,6,4,1,0,0,0,1,0,0,0,0,1,0,0,0,0
Shaolin Temple 2: Kids from Shaolin,1984-01-26,1984,,3554460,103.0,0.703225,7,3,0,1,1,0,1,0,1,0,0,0,0,0,0,0,0
The First Power,1990-04-06,1990,10000000.0,22424195,98.0,1.942945,9,30,1,0,0,0,0,1,0,0,1,0,1,0,0,0,0
Legion,2010-01-21,2010,26000000.0,67918658,100.0,13.795875,15,22,7,0,0,0,0,0,0,0,0,0,1,0,0,0,0
Men Cry Bullets,1998-10-08,1998,,2303,105.0,0.920469,15,11,6,0,1,1,1,0,0,0,0,0,0,0,0,0,0
22 Jump Street,2014-06-05,2014,50000000.0,188441614,112.0,10.901496,25,34,5,1,0,0,1,0,1,0,1,0,0,0,0,0,0
The Dilemma,2011-01-13,2011,70000000.0,67112664,111.0,7.513067,110,36,11,0,0,1,1,0,0,0,0,0,0,0,0,0,0
Top Five,2014-12-12,2014,,25434291,102.0,7.355355,24,18,5,0,1,1,1,0,0,0,0,0,0,0,0,0,0
Mystery Date,1991-08-16,1991,,6166819,97.0,1.784133,13,9,5,0,1,0,1,0,0,1,0,0,0,0,1,0,0
Killers,2010-06-04,2010,75000000.0,98159963,100.0,6.540621,34,17,1,0,0,0,1,1,1,1,0,0,0,0,0,0,0
Nim's Island,2008-04-03,2008,37000000.0,100076342,96.0,7.558125,23,19,15,1,0,0,1,0,0,0,0,1,0,0,1,1,0
Starship Troopers,1997-11-06,1997,105000000.0,121214377,129.0,14.412644,20,46,13,1,0,0,0,1,1,0,0,1,0,1,0,0,0
My Old Classmate,2014-04-25,2014,,76000000,104.0,0.504,4,4,0,0,1,0,0,0,0,1,0,0,0,0,0,0,0
Kenny,2006-08-17,2006,,7778177,99.0,1.489294,6,10,4,0,1,0,1,0,0,0,0,0,0,0,0,0,0
Mission: Impossible - Ghost Protocol,2011-12-07,2011,145000000.0,694713380,133.0,14.25843,16,28,7,1,0,0,0,1,1,0,0,1,0,0,0,0,0
This Means War,2012-02-14,2012,65000000.0,156974557,103.0,12.366641,42,40,9,0,0,0,1,0,1,1,0,0,0,0,0,0,0
Shalako,1968-11-06,1968,1455000.0,2620000,113.0,6.229674,15,14,3,0,0,0,0,0,0,0,0,0,0,0,0,0,0
Stargate: The Ark of Truth,2008-03-11,2008,7000000.0,8900000,97.0,9.218164,10,21,5,1,0,0,0,0,0,0,0,1,0,1,0,0,0
Operation Petticoat,1959-12-05,1959,,6800000,124.0,3.918878,21,24,9,0,1,0,1,0,1,1,0,0,0,0,0,0,0
The Great Dictator,1940-10-15,1940,2000000.0,11000000,125.0,9.241748,59,22,13,0,0,0,1,0,0,0,0,0,0,0,0,0,0
La Bamba,1987-07-24,1987,6500000.0,54215416,108.0,6.476534,47,22,7,0,0,1,0,0,0,0,0,0,0,0,0,0,0
Taxi 2,2000-03-24,2000,,60726164,82.0,6.411782,56,6,4,1,1,0,1,0,1,0,1,0,0,0,0,0,0
Head On,1998-08-13,1998,,378667,104.0,3.466204,20,18,7,0,1,1,0,0,0,0,0,0,0,0,0,0,0
The Impossible,2012-09-09,2012,42000000.0,180274123,113.0,10.027434,17,11,9,0,0,1,0,1,0,0,0,0,0,0,0,0,0
Dick,1999-08-04,1999,13000000.0,27500000,94.0,3.960622,15,16,3,0,0,0,1,0,0,0,0,0,0,0,0,0,0
The Morning After,1986-12-25,1986,,25147055,102.0,2.995682,10,2,2,0,1,1,0,1,0,0,1,0,0,0,0,0,1
The Last Dragon,1985-03-22,1985,10000000.0,25754284,108.0,6.830599,13,4,4,0,0,0,1,0,1,0,0,1,0,0,0,0,0
The Lord of the Rings,1978-11-15,1978,4000000.0,30471420,132.0,7.914795,18,11,4,1,0,1,0,0,0,0,0,1,0,0,0,1,0
Tammy,2014-07-02,2014,20000000.0,100525432,97.0,7.359522,40,46,0,0,0,0,1,0,0,0,0,0,0,0,0,0,0
Kadhal Kottai,1996-07-12,1996,500000.0,500000,157.0,0.071908,11,4,0,0,0,0,0,0,0,1,0,0,0,0,0,0,0
Paul Blart: Mall Cop 2,2015-04-16,2015,38000000.0,107597242,94.0,17.02038,51,25,3,1,0,0,1,0,1,0,0,0,0,0,1,0,0
Pay It Forward,2000-10-12,2000,40000000.0,55707411,122.0,10.479723,16,6,10,0,0,1,0,0,0,1,0,0,0,0,0,0,0
Ruthless People,1986-06-26,1986,,71624879,93.0,7.427491,12,13,4,0,1,0,1,0,0,0,0,0,0,0,0,0,0
The Tree of Life,2011-05-18,2011,32000000.0,54674226,139.0,11.204539,18,31,17,0,0,1,0,0,0,0,0,0,0,0,0,1,0
The Whole Nine Yards,2000-02-18,2000,41300000.0,106371651,98.0,12.061521,10,88,6,1,0,0,1,0,0,0,1,0,0,0,0,0,0
Lights Out,2016-07-21,2016,4900000.0,148868835,81.0,11.494907,15,17,6,0,0,0,0,1,0,0,0,0,1,0,0,0,0
Pocahontas,1995-06-14,1995,55000000.0,346079773,81.0,13.280069,16,31,27,1,0,1,0,0,0,0,0,1,0,0,1,0,0
Ceremony,2010-10-08,2010,,22270,89.0,4.186599,5,27,2,0,1,0,1,0,0,1,0,0,0,0,0,0,0
A Chorus Line,1985-12-10,1985,,14202899,113.0,3.998475,13,15,17,0,1,1,0,0,0,0,0,0,0,0,0,0,0
The New World,2005-12-25,2005,30000000.0,30536013,135.0,7.694502,15,18,3,0,0,1,0,0,0,1,0,0,0,0,0,0,0
The Sacrifice,1986-05-14,1986,,300653,149.0,5.001997,8,21,0,0,1,1,0,0,0,0,0,0,0,0,0,0,0
The Rover,2014-05-18,2014,12250000.0,2295423,103.0,6.561373,10,48,15,0,0,1,0,0,0,0,1,0,0,0,0,0,0
Bitter Moon,1992-09-02,1992,5000000.0,1862805,139.0,11.298195,13,33,9,0,0,1,0,1,0,1,0,0,0,0,0,0,0
The Invincible Iron Man,2007-01-23,2007,,5300000,83.0,3.478962,3,3,7,0,1,0,0,0,1,0,0,0,0,1,0,0,0
La Dolce Vita,1960-02-05,1960,,19516000,174.0,11.063822,24,14,16,0,1,1,1,0,0,0,0,0,0,0,0,0,0
A Price Above Rubies,1998-03-26,1998,,1081957,117.0,2.783205,5,2,1,0,1,1,0,0,0,1,0,0,0,0,0,0,0
Warrior,2011-09-09,2011,25000000.0,23057115,140.0,13.121626,28,48,10,0,0,1,0,0,1,0,0,0,0,0,0,0,0
Sparrows,1926-05-14,1926,463455.0,966878,84.0,0.445526,15,5,5,0,0,1,0,0,0,0,0,0,0,0,0,0,0
Death Wish 5: The Face of Death,1994-01-14,1994,5000000.0,1702394,95.0,3.595599,17,22,14,1,0,1,0,1,1,0,1,0,0,0,0,0,0
"One, Two, Three",1961-12-15,1961,3000000.0,4000000,115.0,3.044499,32,24,22,0,0,0,1,0,0,0,0,0,0,0,1,0,0
Pet Sematary,1989-04-21,1989,11500000.0,57469467,103.0,8.365761,14,9,19,1,0,1,0,0,0,0,0,0,1,0,0,0,0
Thief,1981-03-27,1981,,4300000,122.0,10.480229,26,14,10,0,1,1,0,1,1,0,1,0,0,0,0,0,0
Pet Sematary II,1992-08-28,1992,8000000.0,17092453,100.0,6.823445,7,14,6,1,0,0,0,0,0,0,0,0,1,0,0,0,0
Lift,2006-07-01,2006,,123182,88.0,0.158207,0,1,0,0,1,0,0,0,0,0,0,0,0,0,0,0,0
Subway,1985-04-10,1985,2000000.0,390659,104.0,8.066663,8,7,9,0,0,0,0,1,1,0,0,0,0,0,0,0,0
The Raid 2,2014-03-27,2014,4500000.0,2627209,150.0,8.434884,16,23,7,1,0,0,0,1,1,0,1,0,0,0,0,0,0
What Dreams May Come,1998-10-02,1998,85000000.0,71485043,113.0,11.218378,18,16,8,0,0,1,0,0,0,1,0,0,0,0,0,1,0
Takers,2010-08-26,2010,32000000.0,69055695,107.0,7.000421,18,9,1,0,0,1,0,1,1,0,1,0,0,0,0,0,0
The Little Vampire,2000-10-27,2000,22000000.0,13555988,95.0,9.41834,9,1,5,0,0,0,0,0,0,0,0,0,1,0,1,0,0
Falling Down,1993-02-26,1993,25000000.0,40903593,113.0,10.175138,19,24,26,0,0,1,0,1,0,0,1,0,0,0,0,0,0
Fireproof,2008-09-26,2008,500000.0,33456317,122.0,5.329195,15,3,11,0,0,1,0,0,0,0,0,0,0,0,0,0,0
The Muppet Movie,1979-05-31,1979,,76657000,97.0,6.769866,33,10,17,1,1,0,1,0,0,0,0,1,0,0,1,0,0
Nurse 3-D,2013-09-28,2013,10.0,10000000,99.0,5.192042,12,6,6,0,0,0,0,1,0,0,0,0,1,0,0,0,0
Desperately Seeking Susan,1985-03-29,1985,5000000.0,27400000,104.0,8.679349,20,22,4,0,0,0,1,0,0,0,0,0,0,0,0,0,0
Battle Beyond the Stars,1980-09-08,1980,2000000.0,11000000,104.0,2.921405,15,20,5,0,0,0,0,0,0,0,0,0,0,1,0,0,0
Smoke & Mirrors,2016-09-23,2016,5000000.0,2387127,123.0,3.138159,16,9,10,0,0,0,0,1,0,0,0,0,0,0,0,0,0
The Return of Swamp Thing,1989-05-11,1989,,192816,84.0,2.876656,16,19,4,1,1,0,0,0,0,0,0,0,1,1,0,0,0
The Young Victoria,2009-03-04,2009,35000000.0,27409889,105.0,8.437587,21,18,8,0,0,1,0,0,0,0,0,0,0,0,0,0,0
The Amateur,1981-12-11,1981,10000000.0,6892098,112.0,1.701134,15,4,1,0,0,0,0,1,1,0,1,0,0,0,0,0,0
Take the Lead,2006-03-17,2006,30000000.0,34742066,108.0,5.364459,8,15,4,0,0,0,0,0,0,0,0,0,0,0,0,0,0
Drop Dead Gorgeous,1999-07-23,1999,10000000.0,10571408,98.0,6.396767,19,6,10,0,0,0,1,0,0,0,0,0,0,0,0,0,0
No Holds Barred,1989-06-02,1989,8000000.0,16093651,93.0,0.863547,9,1,1,0,0,1,0,0,1,0,0,0,0,0,0,0,0
Virgin Territory,2007-12-17,2007,38000000.0,5410749,93.0,6.100498,12,9,0,0,0,0,1,0,1,1,0,1,0,0,0,0,0
Fred Claus,2007-11-03,2007,100000000.0,97838349,116.0,5.502098,17,43,11,0,0,1,1,0,1,0,0,0,0,0,0,0,0
Max Keeble's Big Move,2001-10-05,2001,12000000.0,17292381,86.0,2.828884,27,4,0,0,0,0,1,0,0,0,0,0,0,1,1,1,0
Panther,1995-11-10,1995,,6834525,124.0,7.160149,13,3,1,0,1,1,0,0,0,0,0,0,0,0,0,0,0
The Scorpion King,2002-04-16,2002,60000000.0,165333180,92.0,9.488117,18,22,2,1,0,0,0,0,1,0,0,1,0,0,0,1,0
Thor: Tales of Asgard,2011-05-16,2011,,3100000,77.0,1.697118,9,6,5,0,1,0,0,0,1,0,0,1,0,0,0,0,0
Vishwaroopam,2013-01-25,2013,17000000.0,51000000,147.0,1.542355,10,24,6,0,0,0,0,1,1,0,1,0,0,0,0,0,0
The Thirteenth Floor,1999-04-16,1999,16000000.0,18564088,100.0,9.356587,31,22,7,0,0,0,0,1,0,0,0,0,0,1,0,0,1
Annie,1982-06-18,1982,50000000.0,57059003,127.0,8.997507,15,3,12,1,0,1,1,0,0,0,0,0,0,0,1,0,0
Dead & Buried,1981-05-29,1981,3000000.0,216166,94.0,3.891243,29,45,4,0,0,0,0,0,0,0,0,0,1,0,0,0,1
The Sweetest Thing,2002-04-12,2002,43000000.0,68696770,84.0,8.889064,12,57,4,0,0,0,1,0,0,1,0,0,0,0,0,0,0
A.P.E.X.,1994-02-01,1994,,49601,98.0,1.160832,17,8,0,0,1,0,0,0,1,0,0,0,0,1,0,0,0
The Secret of My Success,1987-04-10,1987,12000000.0,110996879,111.0,5.409557,12,9,5,0,0,0,1,0,0,0,0,0,0,0,0,0,0
Spooks: The Greater Good,2015-04-11,2015,,1473809,104.0,10.199449,40,46,14,0,1,0,0,1,1,0,0,0,0,0,0,0,0
Ben-Hur,2016-08-17,2016,100000000.0,94061311,125.0,11.51021,19,8,3,0,0,1,0,0,1,0,0,1,0,0,0,0,0
Fletch Lives,1989-03-17,1989,8045760.0,35150960,95.0,10.357224,15,3,1,1,0,0,1,0,0,0,1,0,0,0,0,0,1
There Goes My Baby,1994-09-02,1994,10500000.0,123509,99.0,0.377787,9,15,0,0,0,1,1,0,0,0,0,0,0,0,0,0,0
Mean Creek,2004-01-15,2004,500000.0,603943,90.0,12.428269,7,13,17,0,0,1,0,0,0,0,1,0,0,0,0,0,0
Cats Don't Dance,1997-03-26,1997,32000000.0,3566637,75.0,3.406836,5,27,9,0,0,0,1,0,0,0,0,0,0,0,1,0,0
The Last House on the Left,2009-03-13,2009,15000000.0,32721635,110.0,13.634766,11,51,7,0,0,1,0,1,0,0,1,0,1,0,0,0,0
Pure,2002-09-13,2002,,102471,96.0,5.682406,25,1,10,0,1,1,0,0,0,0,0,0,0,0,0,0,0
The Producers,2005-12-25,2005,45000000.0,38058335,134.0,5.037224,21,16,10,0,0,0,1,0,0,0,0,0,0,0,0,0,0
Kill List,2011-09-02,2011,500000.0,171760,95.0,15.014569,19,14,17,0,0,0,0,1,0,0,1,0,1,0,0,0,0
Colegas,1982-10-25,1982,,646714,117.0,1.269717,25,9,5,0,1,1,0,0,0,0,0,0,0,0,0,0,0
The Boss Baby,2017-03-23,2017,125000000.0,498814908,97.0,13.392824,24,43,6,0,0,0,1,0,0,0,0,0,0,0,1,0,0
The Piano,1993-05-19,1993,7000000.0,116700000,121.0,7.436758,15,7,22,0,0,1,0,0,0,1,0,0,0,0,0,0,0
Scary Movie,2000-07-07,2000,19000000.0,278019771,88.0,12.446738,14,123,5,1,0,0,1,0,0,0,0,0,0,0,0,0,0
Meet the Applegates,1991-02-01,1991,5000000.0,485772,90.0,0.399156,13,3,0,0,0,0,1,0,0,0,0,0,0,1,0,0,0
The Preacher's Wife,1996-12-13,1996,40000000.0,48093211,124.0,4.182641,8,4,6,0,0,1,1,0,0,1,0,0,0,1,1,1,0
Paul,2011-02-14,2011,40000000.0,97552050,104.0,10.24382,17,53,7,0,0,0,1,0,0,0,0,1,0,1,0,0,0
Rock-A-Doodle,1991-08-02,1991,18000000.0,11657385,77.0,3.602031,7,18,3,0,0,0,1,0,0,0,0,0,0,0,1,1,0
Extraction,2015-12-18,2015,,16775,83.0,8.075504,71,64,4,0,1,0,0,1,1,0,0,0,0,0,0,0,0
Spectre,2015-10-26,2015,245000000.0,880674609,148.0,24.926577,83,155,7,1,0,0,0,0,1,0,1,1,0,0,0,0,0
Atlantis: The Lost Empire,2001-06-02,2001,120000000.0,186053725,95.0,10.901602,15,68,5,1,0,0,0,0,0,0,0,1,0,1,1,0,0
The Incredibles,2004-11-05,2004,92000000.0,631442092,115.0,22.220214,44,85,9,1,0,0,0,0,1,0,0,1,0,0,1,0,0
The Magnificent Seven,2016-09-14,2016,90000000.0,162360636,132.0,13.809622,46,72,1,0,0,0,0,0,1,0,0,1,0,0,0,0,0
Sukiyaki Western Django,2007-09-15,2007,3800000.0,2725258,121.0,9.239882,20,6,3,0,0,0,1,1,1,0,0,1,0,0,0,0,0
Kung Fu Hustle,2004-02-10,2004,20000000.0,100914445,99.0,8.636632,17,19,7,0,0,0,1,0,1,0,1,0,0,0,0,1,0
Out of Time,2003-10-03,2003,50000000.0,55495563,105.0,10.738888,12,109,4,0,0,1,0,1,0,0,1,0,0,0,0,0,0
The Informant!,2009-09-18,2009,22000000.0,35424826,108.0,11.698089,24,19,3,0,0,1,1,0,0,0,1,0,0,0,0,0,0
Blow Dry,2001-03-01,2001,,637769,91.0,3.553887,20,2,1,0,1,1,1,0,0,0,0,0,0,0,0,0,0
The Island of Dr. Moreau,1996-08-23,1996,40000000.0,49627779,96.0,12.725343,17,15,8,0,0,0,0,0,0,0,0,0,1,1,0,1,0
Betty Blue,1986-04-09,1986,,2003822,178.0,6.493744,24,25,6,0,1,1,0,0,0,1,0,0,0,0,0,0,0
Rambo III,1988-05-24,1988,63000000.0,189015611,102.0,11.624866,16,25,16,1,0,0,0,1,1,0,0,1,0,0,0,0,0
The Wall,2017-05-12,2017,,1803009,89.0,15.5975,3,23,8,0,1,1,0,1,0,0,0,0,0,0,0,0,0
Oldboy,2003-01-01,2003,3000000.0,14980005,120.0,10.616859,13,16,13,1,0,1,0,1,1,0,0,0,0,0,0,0,1
Mr. Holmes,2015-06-19,2015,,29355203,103.0,19.256859,29,41,5,0,1,1,0,0,0,0,0,0,0,0,0,0,1
Barfly,1987-09-02,1987,3000000.0,3221568,100.0,15.170192,12,11,5,0,0,1,1,0,0,1,0,0,0,0,0,0,0
Rounders,1998-09-11,1998,12000000.0,22921898,121.0,8.783454,58,14,5,0,0,1,0,0,0,0,1,0,0,0,0,0,0
The Clan,2015-08-13,2015,,20381995,110.0,7.78904,8,19,0,0,1,1,0,1,0,0,1,0,0,0,0,0,0
Renaissance Man,1994-06-03,1994,40000000.0,24332324,128.0,4.985157,12,6,9,0,0,0,1,0,0,0,0,0,0,0,0,0,0
The Hours,2002-12-27,2002,25000000.0,41597830,114.0,14.686487,19,18,19,0,0,1,0,0,0,0,0,0,0,0,0,0,0
Compliance,2012-08-23,2012,,319285,90.0,7.563444,14,5,0,0,1,1,0,1,0,0,1,0,0,0,0,0,0
Miranda,1948-04-06,1948,784170.0,834332,80.0,0.578456,12,11,4,0,0,1,1,0,0,1,0,0,0,1,0,1,0
The Saint of Gamblers,1995-06-28,1995,,13,98.0,0.08472,15,4,1,0,1,0,1,0,1,0,0,0,0,0,0,0,0
Mulan: Rise of a Warrior,2009-11-26,2009,12000000.0,13380561,115.0,2.977779,10,8,1,0,0,1,0,0,1,0,0,1,0,0,0,0,0
"Police, Adjective",2009-05-15,2009,1089360.0,48298,115.0,0.663231,15,2,1,0,0,1,0,0,0,0,0,0,0,0,0,0,0
The Chamber,1996-10-11,1996,50000000.0,22540359,113.0,3.998494,16,11,2,0,0,1,0,0,0,0,1,0,0,0,0,0,0
The Musketeer,2001-09-07,2001,40000000.0,27053815,104.0,4.260945,15,116,8,0,0,1,0,0,1,0,0,1,0,0,0,0,0
Zid,2014-11-28,2014,1556288.0,1268395,128.0,0.195677,5,3,7,0,0,0,0,1,0,1,0,0,0,0,0,0,0
Cinema Paradiso,1988-11-17,1988,,11990401,124.0,14.177005,21,21,10,0,1,1,0,0,0,1,0,0,0,0,0,0,0
Chocolat,2000-12-14,2000,25000000.0,152500343,121.0,8.9256,22,38,5,0,0,1,1,0,0,1,0,0,0,0,0,0,0
Saw: The Final Chapter,2010-10-21,2010,20000000.0,136150434,90.0,16.626655,10,15,7,1,0,0,0,0,0,0,1,0,1,0,0,0,0
Burn,2012-11-01,2012,225000.0,111300,86.0,0.466236,3,2,5,0,0,0,0,0,0,0,0,0,0,0,0,0,0
The Fourth Kind,2009-11-06,2009,10000000.0,42333295,98.0,13.751992,22,19,21,0,0,0,0,1,0,0,0,0,0,1,0,0,1
Avengers: Age of Ultron,2015-04-22,2015,280000000.0,1405403694,141.0,37.37942,72,74,9,1,0,0,0,0,1,0,0,1,0,1,0,0,0
Flight of the Navigator,1986-07-30,1986,,18564613,90.0,5.526865,7,42,11,0,1,0,0,0,0,0,0,1,0,1,1,0,0
Child 44,2015-03-15,2015,50000000.0,3324330,137.0,17.608346,24,64,9,0,0,0,0,1,0,0,1,0,0,0,0,0,0
The Siege,1998-11-06,1998,70000000.0,116672912,116.0,9.019114,14,87,4,0,0,1,0,1,1,0,1,0,0,0,0,0,0
Mighty Aphrodite,1995-09-13,1995,15000000.0,6700000,95.0,15.899134,12,30,9,0,0,0,1,0,0,1,0,0,0,0,0,0,0
"Peace, Love & Misunderstanding",2011-09-13,2011,,539896,96.0,8.359985,12,12,0,0,1,1,1,0,0,1,0,0,0,0,0,0,0
Hackers,1995-09-14,1995,20000000.0,7563728,107.0,14.810519,25,29,15,0,0,1,0,1,1,0,1,0,0,0,0,0,0
The Phantom,1996-06-06,1996,45000000.0,17300889,100.0,8.079541,15,6,12,0,0,0,0,0,1,0,0,1,0,0,0,0,0
The Longest Yard,2005-05-19,2005,82000000.0,190320568,113.0,7.349843,32,104,6,0,0,1,1,0,0,0,0,0,0,0,0,0,0
Cellular,2004-09-06,2004,25000000.0,56422687,94.0,5.918816,19,38,6,0,0,0,0,1,1,0,1,1,0,0,0,0,0
Sudden Death,1995-12-22,1995,35000000.0,64350171,106.0,5.23158,6,9,4,0,0,0,0,1,1,0,0,1,0,0,0,0,0
"Blood, Guts, Bullets and Octane",1998-10-16,1998,7300.0,13674,87.0,0.137676,15,9,0,0,0,0,1,1,1,0,0,0,0,0,0,0,0
Out of Sight,1998-06-26,1998,48000000.0,77745568,123.0,7.349812,16,12,5,0,0,0,1,0,0,1,1,0,0,0,0,0,0
John Q,2002-02-15,2002,36000000.0,102244770,116.0,8.867562,15,118,7,0,0,1,0,1,0,0,1,0,0,0,0,0,0
Excalibur,1981-04-10,1981,11000000.0,34967437,140.0,8.800455,16,12,23,0,0,0,0,0,0,0,0,1,0,0,0,1,0
Revelation,2001-04-12,2001,,10000000,104.0,0.625099,9,8,0,0,1,0,0,0,0,0,0,0,1,1,0,1,0
Bellflower,2011-04-16,2011,17000.0,101236,106.0,7.759376,7,4,7,0,0,1,0,0,1,1,0,0,0,0,0,0,0
The Book of Eli,2010-01-14,2010,80000000.0,157107755,118.0,14.39853,45,85,5,0,0,0,0,1,1,0,0,0,0,1,0,0,0
Gwendoline,1984-02-07,1984,,1337274,88.0,2.520484,5,10,14,0,1,0,0,1,0,0,0,1,0,0,0,1,0
The Bag Man,2014-02-28,2014,,56574,108.0,10.896238,12,16,2,0,1,1,0,1,0,0,1,0,0,0,0,0,0
Music and Lyrics,2007-02-09,2007,40000000.0,145896422,96.0,7.196688,73,26,5,0,0,0,1,0,0,1,0,0,0,0,0,0,0
Let's Go to Prison,2006-11-17,2006,4000000.0,4630045,84.0,3.856827,20,28,5,0,0,0,1,0,0,0,1,0,0,0,0,0,0
Windtalkers,2002-06-14,2002,115000000.0,77628265,134.0,7.455875,10,35,8,0,0,1,0,0,1,0,0,0,0,0,0,0,0
Ted 2,2015-06-25,2015,68000000.0,217022588,115.0,42.061481,105,76,8,1,0,0,1,0,0,0,0,0,0,0,0,0,0
The DUFF,2015-02-20,2015,8500000.0,43528634,100.0,8.592449,16,49,8,0,0,0,1,0,0,1,0,0,0,0,0,0,0
The Visual Bible: The Gospel of John,2003-09-11,2003,10000000.0,4069090,125.0,1.551648,18,16,7,0,0,1,0,0,0,0,0,0,0,0,0,0,0
The Princess of Montpensier,2010-11-03,2010,14734000.0,6775121,139.0,2.156145,31,14,4,0,0,1,0,0,1,1,0,0,0,0,0,0,0
The Misfits,1961-01-01,1961,4000000.0,8200000,124.0,5.317544,10,6,5,0,0,1,0,0,1,1,0,0,0,0,0,0,0
Joshua,2007-01-21,2007,,719968,105.0,6.941735,7,10,10,0,1,1,0,1,0,0,0,0,1,0,0,0,0
Wall Street: Money Never Sleeps,2010-09-02,2010,70000000.0,134748021,133.0,9.819864,20,5,1,1,0,1,0,0,0,0,1,0,0,0,0,0,0
Fracture,2007-04-20,2007,,91354215,113.0,10.113628,14,15,5,0,1,0,0,1,0,0,0,0,0,0,0,0,0
Diary of a Hitman,1991-11-20,1991,,31815,90.0,0.781841,5,2,1,0,1,1,0,1,0,0,1,0,0,0,0,0,0
Harry Potter and the Chamber of Secrets,2002-11-13,2002,100000000.0,876688482,161.0,29.741452,61,141,11,1,0,0,0,0,0,0,0,1,0,0,1,1,0
The Crocodile Hunter: Collision Course,2002-07-26,2002,,33082548,90.0,3.148745,14,12,1,0,1,0,0,0,1,0,0,1,0,0,1,0,0
El Mariachi,1992-09-04,1992,220000.0,2040920,81.0,9.972591,7,11,5,1,0,0,0,1,1,0,1,0,0,0,0,0,0
Showdown in Little Tokyo,1991-08-23,1991,8000000.0,2275557,79.0,11.521011,14,65,3,0,0,0,0,1,1,0,0,0,0,0,0,0,0
Sky High,2005-07-29,2005,35000000.0,86369815,100.0,8.061423,20,40,8,0,0,0,1,0,0,0,0,1,0,0,1,0,0
Fanaa,2006-05-26,2006,5300000.0,22175908,168.0,3.003526,16,3,5,0,0,1,0,1,1,1,0,0,0,0,0,0,0
Ferris Bueller's Day Off,1986-06-11,1986,6000000.0,70136369,103.0,12.724645,13,10,4,0,0,0,1,0,0,0,0,0,0,0,0,0,0
The Swan Princess,1994-11-18,1994,35000000.0,9771658,89.0,8.910462,13,75,2,1,0,0,0,0,0,0,0,0,0,0,0,0,0
Every Thing Will Be Fine,2015-04-02,2015,,8034,118.0,5.723103,21,5,0,0,1,1,0,0,0,0,0,0,0,0,0,0,0
Nothing But the Truth,2008-12-19,2008,11500000.0,186702,108.0,8.719145,13,2,0,0,0,1,0,1,0,0,0,0,0,0,0,0,0
White God,2014-06-12,2014,2200000.0,282358,121.0,6.313465,9,16,2,0,0,1,0,0,0,0,0,0,0,0,0,0,0
The Dressmaker,2015-10-01,2015,11930000.0,18340000,118.0,7.95686,16,39,6,0,0,1,0,0,0,0,0,0,0,0,0,0,0
Two Moon Junction,1988-04-29,1988,,1547397,104.0,2.262915,12,2,0,0,1,1,0,0,0,1,0,0,0,0,0,0,0
Pain & Gain,2013-04-18,2013,25000000.0,86175291,130.0,9.218002,25,18,6,0,0,0,0,1,1,0,1,0,0,0,0,0,0
Tadpole,2002-11-01,2002,150000.0,2891288,78.0,9.203416,31,14,1,0,0,1,1,0,0,1,0,0,0,0,0,0,0
Strange Wilderness,2008-02-01,2008,,6575282,87.0,5.024661,16,5,2,0,1,0,1,0,0,0,0,0,0,0,0,0,0
We're Back! A Dinosaur's Story,1993-11-24,1993,,9317021,72.0,13.58903,10,18,5,0,1,0,0,0,0,0,0,0,0,1,1,0,0
The Ex,2006-12-01,2006,,3091922,90.0,5.976385,14,4,1,0,1,0,1,0,0,1,0,0,0,0,0,0,0
Villan,2002-12-05,2002,500000.0,500000,157.0,0.45621,16,7,0,0,0,0,0,0,1,0,1,0,0,0,0,0,0
Friday the 13th Part 2,1981-05-01,1981,1250000.0,21722776,87.0,8.710824,12,6,6,1,0,0,0,1,0,0,0,0,1,0,0,0,0
Mr. Brooks,2007-06-01,2007,20000000.0,41637263,120.0,7.423812,13,13,0,0,0,1,0,1,0,0,1,0,0,0,0,0,1
Miral,2010-10-01,2010,,852336,112.0,4.435032,4,2,0,0,1,1,0,0,0,0,0,0,0,0,0,0,0
Miracle on 34th Street,1994-11-18,1994,,46264384,114.0,5.831622,9,9,8,0,1,1,0,0,0,0,0,0,0,0,1,1,0
Conan the Destroyer,1984-06-29,1984,18000000.0,100000000,103.0,10.151366,11,64,9,1,0,0,0,0,1,0,0,1,0,0,0,1,0
Kids,1995-07-28,1995,1500000.0,7412216,91.0,4.877872,16,10,2,0,0,1,0,0,0,0,1,0,0,0,0,0,0
Air Bud: Golden Receiver,1998-08-14,1998,,10224116,90.0,3.576604,5,3,3,1,1,0,1,0,0,0,0,0,0,0,1,0,0
Bajirao Mastani,2015-12-18,2015,19500000.0,56000000,150.0,4.683689,9,8,3,0,0,0,0,0,0,1,0,0,0,0,0,0,0
Mutant Chronicles,2008-08-07,2008,8000000.0,2033165,111.0,6.603748,6,11,3,0,0,0,0,0,1,0,0,1,1,1,0,0,0
American Buffalo,1996-09-13,1996,,665450,88.0,7.031279,3,124,23,0,1,1,0,0,0,0,0,0,0,0,0,0,0
Best Defense,1984-07-20,1984,18000000.0,19265302,94.0,1.975174,5,27,7,0,0,0,1,0,1,0,0,0,0,0,0,0,0
The Queen,2006-09-15,2006,15000000.0,123384128,103.0,7.904371,29,38,16,0,0,1,0,0,0,0,0,0,0,0,0,0,0
Scrooged,1988-11-22,1988,,60328000,101.0,11.465634,34,10,8,0,1,1,1,0,0,0,0,0,0,0,0,1,0
Something's Gotta Give,2003-12-12,2003,80000000.0,266728738,128.0,8.524847,11,7,3,0,0,1,1,0,0,1,0,0,0,0,0,0,0
Our Family Wedding,2010-03-12,2010,14000000.0,21409028,103.0,8.204894,27,1,3,0,0,0,1,0,0,0,0,0,0,0,0,0,0
The Perfect Game,2010-04-01,2010,12500000.0,3878993,118.0,1.830829,18,14,4,0,0,1,0,0,0,0,0,0,0,0,1,0,0
Magic in the Moonlight,2014-07-25,2014,16800000.0,51029361,97.0,6.626077,31,3,4,0,0,1,1,0,0,1,0,0,0,0,0,0,0
The Beguiled,2017-06-23,2017,10500000.0,25442939,93.0,36.26051,12,15,7,0,0,1,0,0,0,0,0,0,0,0,0,0,0
The Mask of Zorro,1998-07-16,1998,95000000.0,250288523,136.0,11.348096,24,16,6,1,0,0,0,0,1,0,0,1,0,0,0,0,0
Hector and the Search for Happiness,2014-08-14,2014,,1124445,114.0,12.330898,11,24,6,0,1,1,1,0,0,0,0,1,0,0,0,0,0
Another 48 Hrs.,1990-06-08,1990,38000000.0,153518974,95.0,6.938921,15,7,10,1,0,1,1,1,1,0,1,0,0,0,0,0,0
The Matador,2005-05-12,2005,10000000.0,17297244,96.0,3.867472,20,32,6,0,0,1,1,1,1,0,1,0,0,0,0,0,0
The Mortal Instruments: City of Bones,2013-08-21,2013,60000000.0,90565421,130.0,14.336187,22,12,8,0,0,1,0,0,1,1,0,1,0,0,0,1,1
Against the Ropes,2004-02-20,2004,39000000.0,6614280,106.0,1.381022,7,15,2,0,0,1,0,0,0,1,0,0,0,0,0,0,0
Who Is Harry Nilsson (And Why Is Everybody Talkin' About Him?),2010-10-26,2010,,28200,116.0,3.063163,16,8,8,0,1,0,0,0,0,0,0,0,0,0,0,0,0
Robots,2005-03-10,2005,75000000.0,260696994,91.0,12.949715,20,58,4,0,0,0,1,0,0,0,0,0,0,1,1,0,0
'71,2014-10-10,2014,,1625847,99.0,7.08055,19,49,13,0,1,1,0,1,1,0,0,0,0,0,0,0,0
Jersey Boys,2014-06-05,2014,40000000.0,67347013,134.0,6.447072,71,27,2,0,0,1,0,0,0,0,0,0,0,0,0,0,0
Hipsters,2008-12-25,2008,15000000.0,16810383,130.0,2.587727,15,4,2,0,0,1,0,0,0,1,0,0,0,0,0,0,0
Tinker Bell and the Pirate Fairy,2014-02-13,2014,,20300000,78.0,12.796484,19,42,6,1,1,0,0,0,0,0,0,0,0,0,1,0,0
Enemy Mine,1985-12-12,1985,40000000.0,12303411,108.0,9.802889,15,49,18,0,0,1,0,0,0,0,0,0,0,1,0,0,0
Goon,2012-01-06,2012,,6483963,92.0,8.817924,14,18,7,1,1,0,1,0,0,0,0,0,0,0,0,0,0
Bad Boys,1983-03-25,1983,,9190819,104.0,3.313524,40,70,3,0,1,1,0,1,0,0,1,0,0,0,0,0,0
Trapped in Paradise,1994-12-02,1994,,5777916,111.0,4.720595,10,2,3,0,1,0,1,0,1,0,0,0,0,0,0,0,0
Following,1998-09-12,1998,6000.0,48482,69.0,5.283661,15,10,9,0,0,1,0,1,0,0,1,0,0,0,0,0,0
The Tale of the Princess Kaguya,2013-11-23,2013,49300000.0,24186232,137.0,7.566053,24,12,6,0,0,1,0,0,0,0,0,0,0,0,0,1,0
Madras Cafe,2013-08-23,2013,5400000.0,6500000,130.0,2.39989,7,5,6,0,0,0,0,1,0,0,0,0,0,0,0,0,0
Cars,2006-06-08,2006,120000000.0,461983149,117.0,18.907948,48,40,16,1,0,0,1,0,0,0,0,1,0,0,1,0,0
Singham,2011-07-22,2011,3062000.0,25034000,143.0,2.07741,10,10,7,1,0,1,0,0,1,0,1,0,0,0,0,0,0
Gandhi,1982-11-30,1982,22000000.0,77737889,191.0,12.383755,92,30,29,0,0,1,0,0,0,0,0,0,0,0,0,0,0
The Cable Guy,1996-06-10,1996,47000000.0,102825796,96.0,7.586577,17,11,5,0,0,1,1,1,0,0,0,0,0,0,0,0,0
Pro Lyuboff,2010-09-30,2010,2000000.0,1268793,107.0,0.121844,10,9,0,0,0,1,0,0,0,1,0,0,0,0,0,0,0
Play It to the Bone,1999-12-25,1999,24000000.0,8434146,124.0,4.347609,24,3,1,0,0,1,1,0,0,0,0,0,0,0,0,0,0
The Goalie's Anxiety at the Penalty Kick,1972-02-19,1972,410000.0,100,101.0,0.769053,11,7,1,0,0,1,0,0,0,0,1,0,0,0,0,0,0
Tutto tutto niente niente,2012-11-30,2012,5579750.0,8927600,104.0,2.208906,22,1,3,1,0,0,1,0,0,0,0,0,0,0,0,0,0
National Treasure: Book of Secrets,2007-12-13,2007,130000000.0,457363168,124.0,12.854373,52,21,20,1,0,0,0,1,1,0,0,1,0,0,0,0,1
Halo Legends,2010-02-16,2010,100000.0,1000000,120.0,1.731527,1,2,2,0,0,0,0,0,1,0,0,0,0,1,0,0,0
10th & Wolf,2006-02-19,2006,8000000.0,143451,107.0,3.034823,13,3,4,0,0,1,0,1,1,0,1,0,0,0,0,0,1
St. Vincent,2014-10-09,2014,13000000.0,54837234,102.0,13.655752,28,12,5,0,0,0,1,0,0,0,0,0,0,0,0,0,0
The Italian Job,2003-05-30,2003,60000000.0,176070171,110.0,13.995044,22,115,28,0,0,0,0,0,1,0,1,0,0,0,0,0,0
Antwone Fisher,2002-12-19,2002,12500000.0,23367586,120.0,10.944654,10,9,2,0,0,1,0,0,0,1,0,0,0,0,0,0,0
Katyn,2007-09-21,2007,5200000.0,14723313,118.0,4.230046,11,35,0,0,0,1,0,0,0,0,0,0,0,0,0,0,0
Camille Claudel 1915,2013-03-13,2013,3512454.0,115860,95.0,0.110065,14,17,11,0,0,1,0,0,0,0,0,0,0,0,0,0,0
Nice Guy Johnny,2010-11-04,2010,,25,89.0,2.166081,8,8,5,0,1,0,1,0,0,1,0,0,0,0,0,0,0
Pontypool,2009-03-06,2009,1500000.0,32000,93.0,6.407207,13,15,11,0,0,0,0,0,0,0,0,0,1,1,0,0,1
Extreme Measures,1996-09-27,1996,38000000.0,17380126,118.0,4.990506,55,7,11,0,0,1,0,1,0,0,0,0,0,0,0,0,0
Amadeus,1984-10-26,1984,18000000.0,51973029,160.0,12.677592,60,28,11,0,0,1,0,0,0,0,0,0,0,0,0,0,0
Beneath the Planet of the Apes,1970-05-01,1970,3000000.0,18999718,95.0,12.325947,16,16,7,1,0,0,0,0,0,0,0,1,0,1,0,0,1
The Bells of St. Mary's,1945-12-27,1945,,21300000,126.0,2.614074,15,10,5,0,1,1,0,0,0,0,0,0,0,0,1,0,0
White House Down,2013-06-27,2013,150000000.0,205366737,131.0,9.920223,21,22,4,0,0,1,0,1,1,0,0,0,0,0,0,0,0
Bridge of Spies,2015-10-15,2015,40000000.0,165478348,141.0,13.707888,66,92,7,0,0,1,0,1,0,0,0,0,0,0,0,0,0
Where the Buffalo Roam,1980-04-25,1980,,6659377,96.0,3.216608,17,13,7,0,1,1,1,0,0,0,0,0,0,0,0,0,0
The X Files: I Want to Believe,2008-07-24,2008,30000000.0,68369434,104.0,9.863584,0,0,5,1,0,1,0,1,0,0,0,0,0,1,0,0,1
Private Resort,1985-05-03,1985,,331816,82.0,4.966657,11,2,13,0,1,0,1,0,0,0,0,0,0,0,0,0,0
13 Minutes,2015-04-09,2015,,147315,114.0,4.969851,20,41,5,0,1,1,0,0,0,0,0,0,0,0,0,0,0
Iraq in Fragments,2006-01-21,2006,,202000,94.0,0.541397,0,1,3,0,1,0,0,0,0,0,0,0,0,0,0,0,0
Joy Ride,2001-10-05,2001,23000000.0,36642838,97.0,10.337689,28,15,7,1,0,1,0,1,0,0,0,0,0,0,0,0,1
The Caine Mutiny,1954-06-24,1954,2000000.0,21750000,124.0,8.999948,41,28,11,0,0,1,0,0,0,0,0,0,0,0,0,0,0
Manhattan,1979-04-25,1979,,39946780,96.0,12.050759,15,15,14,0,1,1,1,0,0,1,0,0,0,0,0,0,0
Rings,2017-02-01,2017,25000000.0,83080890,102.0,24.535733,20,114,12,1,0,0,0,0,0,0,0,0,1,0,0,0,0
The Thing,2011-10-12,2011,35000000.0,28128670,103.0,10.169411,17,19,7,1,0,0,0,1,0,0,0,0,1,1,0,0,1
Mona Lisa,1986-06-13,1986,,5794184,104.0,3.095584,22,10,5,0,1,1,0,0,0,1,1,0,0,0,0,0,0
Animal House,1978-07-27,1978,2700000.0,141000000,109.0,7.525382,41,40,11,0,0,0,1,0,0,0,0,0,0,0,0,0,0
Jack & Sarah,1995-06-02,1995,,218626,110.0,1.523446,20,18,5,0,1,1,1,0,0,1,0,0,0,0,0,0,0
The Score,2001-07-13,2001,68000000.0,71069884,124.0,14.741992,24,13,11,0,0,0,0,1,1,0,1,0,0,0,0,0,0
Frank,2014-05-02,2014,,645186,95.0,5.847845,8,20,6,0,1,1,1,0,0,0,0,0,0,0,0,0,1
Rock Star,2001-09-04,2001,57000000.0,16991902,105.0,10.076223,16,10,5,0,0,1,1,0,0,0,0,0,0,0,0,0,0
Patriot Games,1992-06-04,1992,45000000.0,178051587,117.0,11.075674,26,10,5,1,0,1,0,1,1,0,1,0,0,0,0,0,0
Dinosaur,2000-05-19,2000,127500000.0,354248063,82.0,9.998415,10,18,13,0,0,0,0,0,0,0,0,0,0,0,1,0,0
Rita's Last Fairy Tale,2012-11-01,2012,200000.0,486937,100.0,0.560685,4,2,1,0,0,0,0,0,0,0,0,0,0,0,0,0,0
Backdraft,1991-05-24,1991,75000000.0,152368585,137.0,9.883727,18,93,13,0,0,1,0,1,1,0,1,0,0,0,0,0,1
V/H/S/2,2013-06-06,2013,,21833,95.0,10.714779,18,39,6,1,1,0,0,1,0,0,0,0,1,0,0,0,0
A Mighty Heart,2007-01-01,2007,16000000.0,18928871,100.0,16.770196,15,16,16,0,0,1,0,1,0,0,0,0,0,0,0,0,0
Trainspotting,1996-02-23,1996,4000000.0,16491080,93.0,19.348466,23,44,24,1,0,1,0,0,0,0,1,0,0,0,0,0,0
Prefontaine,1997-01-24,1997,8000000.0,589304,106.0,2.93818,7,3,4,0,0,1,0,0,0,1,0,0,0,0,0,0,0
Sleepless in Seattle,1993-06-24,1993,21000000.0,227799884,105.0,10.234919,23,27,19,0,0,1,1,0,0,1,0,0,0,0,0,0,0
Cobra,1986-03-21,1986,,49042224,87.0,6.892829,15,49,8,0,1,0,0,1,1,0,1,0,0,0,0,0,0
The Chase,1994-03-04,1994,26000000.0,8009329,89.0,14.362544,19,7,18,0,0,0,1,1,1,0,1,0,0,0,0,0,0
Florence Foster Jenkins,2016-05-06,2016,29000000.0,48902953,110.0,10.829116,20,57,3,0,0,1,1,0,0,0,0,0,0,0,0,0,0
Ninotchka,1939-10-06,1939,1365000.0,2279000,110.0,5.120036,54,13,7,0,0,0,1,0,0,1,0,0,0,0,0,0,0
Exorcist: The Beginning,2004-08-20,2004,80000000.0,78000586,114.0,13.02369,26,13,13,1,0,0,0,1,0,0,0,0,1,0,0,0,1
Burnt by the Sun,1994-05-01,1994,2800000.0,2616503,135.0,2.486073,6,23,2,1,0,1,0,0,0,0,0,0,0,0,0,0,0
Deathwatch,2002-10-06,2002,,2270658,94.0,4.766826,13,25,6,0,1,1,0,1,0,0,0,0,1,0,0,0,0
Keeping Up with the Joneses,2016-10-20,2016,40000000.0,29918745,105.0,9.48515,61,21,1,0,0,0,1,0,1,0,0,0,0,0,0,0,0
Hannibal,2001-02-08,2001,87000000.0,351692268,131.0,2.48875,30,68,6,1,0,1,0,1,0,0,1,0,1,0,0,0,0
The Bad Lieutenant: Port of Call - New Orleans,2009-09-11,2009,25000000.0,10589102,122.0,8.405395,58,56,6,0,0,1,0,0,0,0,1,0,0,0,0,0,0
Beaches,1988-12-21,1988,,57041866,123.0,16.179384,17,10,7,0,1,1,1,0,0,0,0,0,0,0,0,0,0
The Big Town,1987-09-25,1987,,1700000,109.0,4.23544,11,3,2,0,1,1,0,0,0,1,0,0,0,0,0,0,0
Hillary's America: The Secret History of the Democratic Party,2016-07-01,2016,5000000.0,13000000,107.0,1.628629,3,3,9,0,0,0,0,0,0,0,0,0,0,0,0,0,0
Secret Society,2000-10-29,2000,,4275,92.0,0.042036,38,31,5,0,1,1,1,0,1,0,0,0,0,0,0,0,0
The Care Bears Adventure in Wonderland,1987-08-07,1987,,2608000,75.0,0.803093,16,23,0,1,1,0,0,0,0,0,0,0,0,0,1,0,0
The Clearing,2004-07-02,2004,,12520799,95.0,4.755759,31,7,18,0,1,1,0,1,0,0,0,0,0,0,0,0,1
Raw Deal,1986-06-06,1986,8500000.0,16209459,106.0,9.292099,23,14,5,0,0,0,0,1,1,0,1,0,0,0,0,0,0
The Salesman,2016-06-24,2016,,2402067,125.0,5.673744,14,20,3,0,1,1,0,1,0,0,0,0,0,0,0,0,0
Paranormal Activity 4,2012-10-17,2012,5000000.0,142817992,95.0,6.188286,14,27,14,1,0,0,0,0,0,0,0,0,1,0,0,0,0
Balls of Fury,2007-08-29,2007,,41098065,90.0,5.325766,18,11,12,0,1,0,1,0,0,0,1,0,0,0,0,0,0
Die Another Day,2002-11-17,2002,140000000.0,431971116,133.0,12.996474,21,7,4,1,0,0,0,1,1,0,0,1,0,0,0,0,0
Music Box,1989-12-22,1989,,6263883,124.0,5.397405,21,14,7,0,1,1,0,1,0,1,1,0,0,0,0,0,0
Team America: World Police,2004-10-10,2004,32000000.0,50907422,98.0,11.428941,6,28,22,0,0,0,1,0,1,0,0,1,0,0,0,0,0
The Princess Bride,1987-09-18,1987,16000000.0,30857814,98.0,15.15267,27,18,6,0,0,0,1,0,0,1,0,1,0,0,1,1,0
Titan A.E.,2000-06-16,2000,75000000.0,36754634,94.0,7.515631,8,42,7,0,0,0,0,0,1,0,0,1,0,1,1,0,0
The Sand Pebbles,1966-12-20,1966,12000000.0,20000000,182.0,11.354247,30,13,6,0,0,1,0,0,1,1,0,1,0,0,0,0,0
Random Hearts,1999-10-08,1999,64000000.0,74608570,133.0,4.140398,24,10,7,0,0,1,0,0,0,1,0,0,0,0,0,0,0
Diary of a Wimpy Kid: Dog Days,2012-08-02,2012,22000000.0,77112176,94.0,10.225555,19,12,3,1,0,0,1,0,0,0,0,0,0,0,1,0,0
The Stepford Wives,2004-06-10,2004,90000000.0,102000000,93.0,10.81552,22,19,3,0,0,0,1,0,1,0,0,0,0,1,0,0,0
First Love,2004-01-01,2004,,9392,100.0,0.38744,2,6,0,0,1,1,0,0,0,1,0,0,0,0,0,0,0
Mother's Day,2016-04-28,2016,25000000.0,48418160,118.0,8.309565,55,11,2,0,0,0,1,0,0,0,0,0,0,0,0,0,0
Prometheus,2012-05-30,2012,130000000.0,403170142,124.0,16.624854,26,81,13,1,0,0,0,0,0,0,0,1,0,1,0,0,1
Trust,2010-09-10,2010,9500000.0,120000,104.0,7.778097,32,35,16,0,0,1,0,1,0,0,1,0,0,0,0,0,0
The Goodbye Girl,1977-11-30,1977,,102000000,111.0,3.937139,15,11,1,0,1,0,1,0,0,1,0,0,0,0,0,0,0
Trapped,2002-09-20,2002,30000000.0,6916869,106.0,5.781667,15,15,7,0,0,1,0,1,1,0,1,0,0,0,0,0,0
The Bullet Vanishes,2012-08-14,2012,12000000.0,117629,108.0,1.675406,13,11,0,0,0,0,0,0,1,0,0,0,0,0,0,0,1
James and the Giant Peach,1996-04-12,1996,38000000.0,28921264,79.0,13.217623,15,55,7,0,0,0,0,0,0,0,0,1,0,0,1,0,0
Apocalypse Now,1979-08-15,1979,31500000.0,89460381,153.0,13.5963,36,49,13,0,0,1,0,0,0,0,0,0,0,0,0,0,0
Tom Jones,1963-10-06,1963,1000000.0,37600000,128.0,3.315827,18,7,3,0,0,0,1,0,0,1,0,1,0,0,0,0,0
My Best Girl,1927-10-31,1927,483103.0,1027757,80.0,0.205671,23,10,0,0,0,1,1,0,0,1,0,0,0,0,0,0,0
Split Image,1982-11-04,1982,,263635,111.0,0.185169,9,8,0,0,1,1,0,0,0,0,0,0,0,0,0,0,0
Grimsby,2016-02-24,2016,35000000.0,25182929,83.0,13.912531,27,27,7,0,0,0,1,0,1,0,0,0,0,0,0,0,0
Butterfly,1999-09-24,1999,3000000.0,6000000,96.0,2.753674,16,5,9,0,0,1,0,0,0,0,0,0,0,0,0,0,0
Freddy vs. Jason,2003-08-15,2003,30000000.0,114908830,97.0,14.015739,43,154,4,1,0,0,0,0,0,0,0,0,1,0,0,0,0
Eye in the Sky,2015-09-11,2015,13000000.0,18704595,102.0,10.564701,33,48,5,0,0,1,0,1,0,0,0,0,0,0,0,0,0
The Age of Adaline,2015-04-16,2015,25000000.0,65663276,112.0,10.542026,35,22,4,0,0,1,0,0,0,1,0,0,0,0,0,1,0
The Way of the Gun,2000-09-08,2000,8500000.0,19125401,119.0,6.03633,15,17,17,0,0,1,0,1,1,0,1,0,0,0,0,0,0
Alfie,2004-10-22,2004,60000000.0,13395939,103.0,10.411608,17,18,6,0,0,0,1,0,0,0,0,0,0,0,0,0,0
Brooklyn's Finest,2009-01-16,2009,17000000.0,29536299,133.0,12.50422,21,77,97,0,0,1,0,1,0,0,1,0,0,0,0,0,0
Firewalker,1986-11-21,1986,,11949484,104.0,3.150899,12,18,22,0,1,0,1,0,1,0,0,1,0,0,0,0,0
Money Train,1995-11-21,1995,60000000.0,35431113,103.0,7.337906,15,44,5,0,0,0,1,0,1,0,1,0,0,0,0,0,0
U2 3D,2007-05-19,2007,15000000.0,22730842,85.0,0.900864,4,16,0,0,0,0,0,0,0,0,0,0,0,0,0,0,0
Jab We Met,2007-10-26,2007,2300000.0,4600000,145.0,3.959411,9,9,5,0,0,1,1,0,0,1,0,0,0,0,0,0,0
4.3.2.1,2010-06-02,2010,4600000.0,1163967,117.0,5.805666,12,10,0,0,0,0,0,1,1,1,1,0,0,0,0,0,0
Porky's,1981-11-13,1981,4000000.0,125728258,94.0,12.650546,44,23,22,1,0,0,1,0,0,0,0,0,0,0,0,0,0
The Shack,2017-03-03,2017,20000000.0,57330873,132.0,16.392712,29,59,7,0,0,1,0,0,0,0,0,0,0,0,0,1,0
Sky Of Love,2007-11-03,2007,,44038000,129.0,1.718237,4,1,2,0,1,1,0,0,0,1,0,0,0,0,0,0,0
Powaqqatsi,1988-04-29,1988,2500000.0,589244,99.0,2.726061,0,11,1,1,0,1,0,0,0,0,0,0,0,0,0,0,0
Les Misérables,2012-12-18,2012,61000000.0,441809770,157.0,13.52408,0,0,15,0,0,1,0,0,0,1,0,0,0,0,0,0,0
Spawn,1997-07-31,1997,40000000.0,87840042,96.0,11.366417,10,16,5,0,0,0,0,1,1,0,0,1,1,1,0,1,0
The Hustler,1961-09-25,1961,2000000.0,7600000,134.0,9.333533,15,14,15,1,0,1,0,0,0,0,0,0,0,0,0,0,0
BloodRayne,2005-10-22,2005,25000000.0,2405420,95.0,6.514132,11,2,4,1,0,0,0,0,1,0,0,1,1,0,0,1,0
Gosford Park,2001-11-07,2001,19800000.0,87754044,137.0,14.101101,30,21,3,0,0,1,0,1,0,0,0,0,0,0,0,0,1
The Bodyguard,1992-11-25,1992,25000000.0,411006740,129.0,9.805017,26,56,6,0,0,1,0,1,1,1,0,0,0,0,0,0,0
Mr. Destiny,1990-10-12,1990,20000000.0,15379253,110.0,4.414928,8,8,1,0,0,0,1,0,0,1,0,0,0,1,0,1,0
Dragon Tiger Gate,2006-07-27,2006,,8685526,94.0,4.154861,11,4,1,0,1,0,0,1,1,0,0,0,0,0,0,0,0
My Science Project,1985-08-09,1985,,4122748,94.0,3.868014,12,13,3,0,1,0,1,0,0,0,0,0,0,1,1,1,0
Alone in the Dark,2005-01-28,2005,20000000.0,10442808,96.0,5.871243,29,13,14,1,0,0,0,1,1,0,0,0,1,0,0,1,0
Aliens in the Attic,2009-07-31,2009,45000000.0,57881056,86.0,11.618472,18,14,5,0,0,0,1,0,0,0,0,1,0,1,1,1,0
Drowning Mona,2000-03-03,2000,16000000.0,15427192,96.0,4.372616,17,2,8,0,0,0,1,0,0,0,1,0,0,0,0,0,1
Angel Eyes,2001-05-15,2001,53000000.0,29700000,102.0,5.3962,27,21,2,0,0,1,0,1,0,1,0,0,0,0,0,0,0
Velvet Goldmine,1998-10-23,1998,,1053788,119.0,16.5293,15,17,14,0,1,1,0,0,0,0,0,0,0,0,0,0,0
The Back-Up Plan,2010-04-23,2010,35000000.0,77477008,106.0,6.629999,15,11,10,0,0,0,1,0,0,1,0,0,0,0,0,0,0
Action Hero Biju,2016-02-04,2016,300000.0,2500000,144.0,0.350207,31,7,7,0,0,0,1,0,1,0,1,0,0,0,0,0,0
Other People,2016-09-09,2016,,93000,97.0,3.069108,40,24,1,0,1,1,0,0,0,0,0,0,0,0,0,0,0
Smashed,2012-09-12,2012,500000.0,376597,85.0,4.893812,15,15,0,0,0,1,0,0,0,0,0,0,0,0,0,0,0
Anna Karenina,1997-04-04,1997,35000000.0,791830,108.0,5.660835,39,2,0,0,0,1,0,0,0,1,0,0,0,0,0,0,0
S.W.A.T.,2003-08-08,2003,80000000.0,116643346,117.0,13.334952,16,100,5,1,0,0,0,1,1,0,1,0,0,0,0,0,0
Freedomland,2006-02-17,2006,37665000.0,14655628,113.0,5.388535,21,14,8,0,0,1,0,1,0,0,1,0,0,0,0,0,1
Paparazzi,2004-09-03,2004,20000000.0,16605763,84.0,12.553403,10,34,1,0,0,1,0,1,1,0,0,0,0,0,0,0,0
The Terror Within,1989-01-20,1989,,858591,90.0,1.292125,11,13,11,0,1,0,0,0,0,0,0,0,1,1,0,0,0
Ten,2002-05-20,2002,,105656,94.0,0.984515,4,2,4,0,1,1,0,0,0,0,0,0,0,0,0,0,0
The Trumpet Of The Swan,2001-05-11,2001,,100202,75.0,0.851599,19,8,2,0,1,0,0,0,0,0,0,0,0,0,1,0,0
B.A.P.S.,1997-03-28,1997,,7240837,90.0,1.56098,30,20,6,0,1,0,1,0,1,0,0,0,0,0,0,0,0
Save the Last Dance,2001-01-12,2001,13000000.0,91038276,112.0,4.794088,21,21,3,1,0,1,0,0,0,1,0,0,0,0,1,0,0
The Thief of Bagdad,1924-03-18,1924,1135654.0,1213880,149.0,3.878515,21,28,12,0,0,1,0,0,1,0,0,1,0,0,1,1,0
The Terminal,2004-06-17,2004,60000000.0,219417255,128.0,14.092373,23,68,18,0,0,1,1,0,0,0,0,0,0,0,0,0,0
School Ties,1992-09-18,1992,,14715067,106.0,7.438381,7,17,2,0,1,1,0,0,0,0,0,0,0,0,0,0,0
Chasers,1994-04-22,1994,,1596687,102.0,9.85327,15,17,19,0,1,0,1,0,0,1,0,0,0,0,0,0,0
We Are the Best!,2013-03-28,2013,,180590,102.0,3.727996,11,15,6,0,1,1,0,0,0,0,0,0,0,0,0,0,0
The Long Kiss Goodnight,1996-10-11,1996,65000000.0,89456761,120.0,14.482345,15,10,14,0,0,0,0,1,1,0,1,0,0,0,0,0,1
Along Came Polly,2004-01-16,2004,42000000.0,171963386,90.0,15.725542,26,89,22,0,0,0,1,0,0,1,0,0,0,0,0,0,0
Abduction,2011-09-22,2011,35000000.0,82087155,106.0,10.512109,34,48,14,0,0,0,0,1,1,0,0,0,0,0,0,0,1
